TRUNCATE TABLE login

Insert into Login(loginID,LoginName,Password,  IsLocked,OrgID,Status)values(1,'reception','reception','N',1,  'A')
Insert into Login(loginID,LoginName,Password,  IsLocked,OrgID,Status)values(2,'nurse1','nurse','N',1,  'A')
Insert into Login(loginID,LoginName,Password,  IsLocked,OrgID,Status)values(3,'nurse2','nurse','N',1,  'A')
Insert into Login(loginID,LoginName,Password,  IsLocked,OrgID,Status)values(4,'lab','lab','N',1,  'A')
Insert into Login(loginID,LoginName,Password,  IsLocked,OrgID,Status)values(5,'sundar','sundar','N',1,  'A')
Insert into Login(loginID,LoginName,Password,  IsLocked,OrgID,Status)values(6,'gayathri','gayathri','N',1,  'A')
Insert into Login(loginID,LoginName,Password,  IsLocked,OrgID,Status)values(7,'ganesh','ganesh','N',1,  'A')
Insert into Login(loginID,LoginName,Password,  IsLocked,OrgID,Status)values(8,'robert','robert','N',1,  'A')
Insert into Login(loginID,LoginName,Password,  IsLocked,OrgID,Status)values(9,'admin','admin','N',1,  'A')
Insert into Login(loginID,LoginName,Password,  IsLocked,OrgID,Status)values(10,'srlab','srlab','N',1,  'A')
Insert into Login(loginID,LoginName,Password,  IsLocked,OrgID,Status)values(11,'dialysis','dialysis','N',1,  'A')
GO





TRUNCATE TABLE Organization 
Insert into Organization(OrgID,Name,OrganizationTypeID,AddressID,LogoPath)   values(1,'Quality Care Hospital',1,  0,'')
GO

TRUNCATE TABLE Users

Insert into Users(Name,SEX,TitleCode,OrgID,LoginID)  values('Reception1','M',1,1,  1)
Insert into Users(Name,SEX,TitleCode,OrgID,LoginID)  values('Lab','M',1,1,  4)
Insert into Users(Name,SEX,TitleCode,OrgID,LoginID)  values('Admin','M',1,1,  9)
Insert into Users(Name,SEX,TitleCode,OrgID,LoginID)  values('srlab','M',1,1,  10)
Insert into Users(Name,SEX,TitleCode,OrgID,LoginID)  values('Dialysis Tech','M',1,1,  11)

Go

TRUNCATE TABLE Nurse
Insert into Nurse(NurseName,SEX,TitleCode,OrgID,LoginID)  values('Nurse1','F',2,1,  2)
Insert into Nurse(NurseName,SEX,TitleCode,OrgID,LoginID)  values('Nurse2','F',2,1,  3)
Go




TRUNCATE TABLE Role 

Insert into Role(RoleID,RoleName,Description,ParentID,OrgID)  Values(1,'Physician','Doctor',  0,1)
Insert into Role(RoleID,RoleName,Description,ParentID,OrgID)  Values(2,'Nurse','Nurse',  0,1)
Insert into Role(RoleID,RoleName,Description,ParentID,OrgID)  Values(3,'LabTech','Lab Technician',  0,1)
Insert into Role(RoleID,RoleName,Description,ParentID,OrgID)  Values(4,'Patient','Patient',  0,1)
Insert into Role(RoleID,RoleName,Description,ParentID,OrgID)  Values(5,'Reception','Receptionist',  0,1)
Insert into Role(RoleID,RoleName,Description,ParentID,OrgID)  Values(6,'Admin','Admin',  0,1)
Insert into Role(RoleID,RoleName,Description,ParentID,OrgID)  Values(7,'SrLabTech','Senior Lab Technician',  0,1)
Insert into Role(RoleID,RoleName,Description,ParentID,OrgID)  Values(8,'DialysisTech','Dislysis Technician',  0,1)

GO

TRUNCATE TABLE LoginRole
Insert Into LoginRole(RoleID,LoginID)values(5,1)
Insert Into LoginRole(RoleID,LoginID)values(2,2)
Insert Into LoginRole(RoleID,LoginID)values(2,3)
Insert Into LoginRole(RoleID,LoginID)values(3,4)
Insert Into LoginRole(RoleID,LoginID)values(1,5)
--Insert Into LoginRole(RoleID,LoginID)values(3,2)
Insert Into LoginRole(RoleID,LoginID)values(1,6)
Insert Into LoginRole(RoleID,LoginID)values(6,9)
Insert Into LoginRole(RoleID,LoginID)values(7,10)
Insert Into LoginRole(RoleID,LoginID)values(8,11)
GO


Truncate Table RoleMenu
INSERT INTO RoleMenu (MenuID,RoleID) VALUES(1,5)
INSERT INTO RoleMenu (MenuID,RoleID) VALUES(2,2)
INSERT INTO RoleMenu (MenuID,RoleID) VALUES(6,5)
INSERT INTO RoleMenu (MenuID,RoleID) VALUES(7,2)
INSERT INTO RoleMenu (MenuID,RoleID) VALUES(8,1)
INSERT INTO RoleMenu (MenuID,RoleID) VALUES(9,5)
INSERT INTO RoleMenu (MenuID,RoleID) VALUES(10,6)
INSERT INTO RoleMenu (MenuID,RoleID) VALUES(11,6)
INSERT INTO RoleMenu (MenuID,RoleID) VALUES(12,6)
INSERT INTO RoleMenu (MenuID,RoleID) VALUES(13,6)
INSERT INTO RoleMenu (MenuID,RoleID) VALUES(12,1)
INSERT INTO RoleMenu (MenuID,RoleID) VALUES(14,3)
INSERT INTO RoleMenu (MenuID,RoleID) VALUES(15,1)
INSERT INTO RoleMenu (MenuID,RoleID) VALUES(15,2)
INSERT INTO RoleMenu (MenuID,RoleID) VALUES(15,3)
INSERT INTO RoleMenu (MenuID,RoleID) VALUES(15,5)
INSERT INTO RoleMenu (MenuID,RoleID) VALUES(15,6)
INSERT INTO RoleMenu (MenuID,RoleID) VALUES(1,1)
INSERT INTO RoleMenu (MenuID,RoleID) VALUES(16,7)
INSERT INTO RoleMenu (MenuID,RoleID) VALUES(15,7)
INSERT INTO RoleMenu (MenuID,RoleID) VALUES(12,7)
INSERT INTO RoleMenu (MenuID,RoleID) VALUES(17,1)
INSERT INTO RoleMenu (MenuID,RoleID) VALUES(18,8)
INSERT INTO RoleMenu (MenuID,RoleID) VALUES(15,8)
INSERT INTO RoleMenu (MenuID,RoleID) VALUES(38,1)
INSERT INTO RoleMenu (MenuID,RoleID) VALUES(38,6)
INSERT INTO RoleMenu (MenuID,RoleID) VALUES(38,5)
INSERT INTO RoleMenu (MenuID,RoleID) VALUES(1,8)
INSERT INTO RoleMenu (MenuID,RoleID) VALUES(37,5)
INSERT INTO RoleMenu (MenuID,RoleID) VALUES(40,6)
INSERT INTO RoleMenu (MenuID,RoleID) VALUES(37,1)
INSERT INTO RoleMenu (MenuID,RoleID) VALUES(37,2)
INSERT INTO RoleMenu (MenuID,RoleID) VALUES(41,5)
INSERT INTO RoleMenu (MenuID,RoleID) VALUES(43,6)
INSERT INTO RoleMenu (MenuID,RoleID) VALUES(41,6)
INSERT INTO RoleMenu (MenuID,RoleID) VALUES(45,5)
INSERT INTO RoleMenu (MenuID,RoleID) VALUES(48,5)
INSERT INTO RoleMenu (MenuID,RoleID) VALUES(50,5)

INSERT INTO RoleMenu (MenuID,RoleID) VALUES(48,2)
INSERT INTO RoleMenu (MenuID,RoleID) VALUES(50,2)

--INSERT INTO RoleMenu (MenuID,RoleID) VALUES(48,6)
INSERT INTO RoleMenu (MenuID,RoleID) VALUES(50,6)
INSERT INTO RoleMenu (MenuID,RoleID) VALUES(51,6)
INSERT INTO RoleMenu (MenuID,RoleID) VALUES(52,6)
INSERT INTO RoleMenu (MenuID,RoleID) VALUES(54,6)
INSERT INTO RoleMenu (MenuID,RoleID) VALUES(57,6)

INSERT INTO RoleMenu (MenuID,RoleID) VALUES(17,5)
INSERT INTO RoleMenu (MenuID,RoleID) VALUES(59,3)

INSERT INTO RoleMenu (MenuID,RoleID) VALUES(60,6)
INSERT INTO RoleMenu (MenuID,RoleID) VALUES(62,6)
INSERT INTO RoleMenu (MenuID,RoleID) VALUES(48,1)

INSERT INTO RoleMenu (MenuID,RoleID) VALUES(64,6)
INSERT INTO RoleMenu (MenuID,RoleID) VALUES(67,6)
INSERT INTO RoleMenu (MenuID,RoleID) VALUES(67,5)

INSERT INTO RoleMenu (MenuID,RoleID) VALUES(68,2)
INSERT INTO RoleMenu (MenuID,RoleID) VALUES(68,5)
INSERT INTO RoleMenu (MenuID,RoleID) VALUES(68,6)

INSERT INTO RoleMenu (MenuID,RoleID) VALUES(70,6)

Go



TRUNCATE TABLE MENUMASTER
Insert into MenuMaster(MenuID,DisplayText,Parentid,OrgId,PageID)  values(1,'Patient Search',0,1,10)
Insert into MenuMaster(MenuID,DisplayText,Parentid,OrgId,PageID)  values(2,'OutPatient Search',0,1,11)
Insert into MenuMaster(MenuID,DisplayText,Parentid,OrgId,PageID)  values(3,'OutPatient Search',0,1,12)
Insert into MenuMaster(MenuID,DisplayText,Parentid,OrgId,PageID)  values(6,'OutPatient Registration',0,1,2)
Insert into MenuMaster(MenuID,DisplayText,Parentid,OrgId,PageID)  values(7,'Home',0,1,8)
Insert into MenuMaster(MenuID,DisplayText,Parentid,OrgId,PageID)  values(8,'Home',0,1,9)
Insert into MenuMaster(MenuID,DisplayText,Parentid,OrgId,PageID)  values(9,'Home',0,1,1)
Insert into MenuMaster(MenuID,DisplayText,Parentid,OrgId,PageID)  values(10,'Home',0,1,14)
--Insert into MenuMaster(MenuID,DisplayText,Parentid,OrgId,PageID)  values(11,'Reports',0,1,43)
Insert into MenuMaster(MenuID,DisplayText,Parentid,OrgId,PageID)  values(12,'Set Reminders',0,1,16)
Insert into MenuMaster(MenuID,DisplayText,Parentid,OrgId,PageID)  values(13,'Doctor Schedule',0,1,17)
Insert into MenuMaster(MenuID,DisplayText,Parentid,OrgId,PageID)  values(14,'Home',0,1,13)
Insert into MenuMaster(MenuID,DisplayText,Parentid,OrgId,PageID)  values(15,'Change Password',0,1,20)
Insert into MenuMaster(MenuID,DisplayText,Parentid,OrgId,PageID)  values(16,'Home',0,1,25)
Insert into MenuMaster(MenuID,DisplayText,Parentid,OrgId,PageID)  values(17,'Investigation Report',0,1,55)
Insert into MenuMaster(MenuID,DisplayText,Parentid,OrgId,PageID)  values(18,'Home',0,1,27)
Insert into MenuMaster(MenuID,DisplayText,Parentid,OrgId,PageID)  values(38,'View Schedules',0,1,37)
Insert into MenuMaster(MenuID,DisplayText,Parentid,OrgId,PageID)  values(37,'Today''s OP Visits',0,1,40)
Insert into MenuMaster(MenuID,DisplayText,Parentid,OrgId,PageID)  values(40,'Reports',0,1,43)
Insert into MenuMaster(MenuID,DisplayText,Parentid,OrgId,PageID)  values(41,'BillSearch',0,1,226)
Insert into MenuMaster(MenuID,DisplayText,Parentid,OrgId,PageID)  values(43,'Cash Closure',0,1,46)
Insert into MenuMaster(MenuID,DisplayText,Parentid,OrgId,PageID)  values(45,'Cash Closure',0,1,48)

Insert into MenuMaster(MenuID,DisplayText,Parentid,OrgId,PageID)  values(48,'Patient Management',1,1,49)
Insert into MenuMaster(MenuID,DisplayText,Parentid,OrgId,PageID)  values(50,'View Room Details',1,1,54)
Insert into MenuMaster(MenuID,DisplayText,Parentid,OrgId,PageID)  values(51,'Manage Rates',2,1,59)
Insert into MenuMaster(MenuID,DisplayText,Parentid,OrgId,PageID)  values(53,'Add Investigation/Groups',2,1,60)
Insert into MenuMaster(MenuID,DisplayText,Parentid,OrgId,PageID)  values(55,'Reference Range Mgmt',2,1,61)

Insert into MenuMaster(MenuID,DisplayText,Parentid,OrgId,PageID)  values(57,'Create User',2,1,64)
Insert into MenuMaster(MenuID,DisplayText,Parentid,OrgId,PageID)  values(59,'Patient Search',0,1,10)

Insert into MenuMaster(MenuID,DisplayText,Parentid,OrgId,PageID)  values(60,'Cash OutFlow',0,1,67)

INSERT INTO MenuMaster(MenuID,DisplayText,Parentid,OrgId,PageID) VALUES (62,'Add Corporate & Client',2,1,72)
INSERT INTO MenuMaster(MenuID,DisplayText,Parentid,OrgId,PageID) VALUES (64,'Dashboard',0,1,77)
INSERT INTO MenuMaster(MenuID,DisplayText,Parentid,OrgId,PageID)  values(67,'Settlement',1,1,78)
INSERT INTO MenuMaster(MenuID,DisplayText,Parentid,OrgId,PageID)  values(68,'Billing',1,1,79)

INSERT INTO MenuMaster(MenuID,DisplayText,Parentid,OrgId,PageID)  values(70,'Plan Vacation',7,1,83)

GO






--TRUNCATE TABLE SEARCHACTIONS
--Insert into SearchActions(ActionName,RoleID,PageID,Parentid)  Values('Make Visit Entry',5,  3,0)
--Insert into SearchActions(ActionName,RoleID,PageID,Parentid)  Values('Collect Vitals',2,  6,0)
--Insert into SearchActions(ActionName,RoleID,PageID,Parentid)  Values('Edit Patient Registration Details',5,  2,0)
--Insert into SearchActions(ActionName,RoleID,PageID,Parentid)  Values('View Visit Details',5,  18,0)
--Insert into SearchActions(ActionName,RoleID,PageID,Parentid)  Values('View Patient Case Detail',1,  7,0)
----Insert into SearchActions(ActionName,RoleID,PageID,Parentid)  Values('Visit Details',8,  18,0)
--Insert into SearchActions(ActionName,RoleID,PageID,Parentid)  Values('Due Payment Collect',5,  29,0)
--Insert into SearchActions(ActionName,RoleID,PageID,Parentid)  Values('Dialysis Case Sheet',8,  7,0)

--Insert into SearchActions(ActionName,RoleID,PageID, Parentid)  Values('View Visit Details',3,  18, 0)

----INSERT INTO SearchActions(ActionName,RoleID,PageID,Parentid) VALUES('Collect Payments',5,50,5)
--INSERT INTO SearchActions(ActionName,RoleID,PageID,Parentid) VALUES('Clear Dues',5,80,5)
--INSERT INTO SearchActions(ActionName,RoleID,PageID,Parentid) VALUES('Make Bill Entry',5,52,5)
--INSERT INTO SearchActions(ActionName,RoleID,PageID,Parentid) VALUES('View Bill',5,53,5)
--INSERT INTO SearchActions(ActionName,RoleID,PageID,Parentid) VALUES('Book / Transfer Room',5,54,1)

--INSERT INTO SearchActions(ActionName,RoleID,PageID,Parentid) VALUES('Final Settlement',6,56,6)
--INSERT INTO SearchActions(ActionName,RoleID,PageID,Parentid) VALUES('Final Settlement',5,56,6)

--INSERT INTO SearchActions(ActionName,RoleID,PageID,Parentid) VALUES('Make Bill Entry',2,52,5)
--INSERT INTO SearchActions(ActionName,RoleID,PageID,Parentid) VALUES('Book / Transfer Room',2,54,1)

--INSERT INTO SearchActions(ActionName,RoleID,PageID,Parentid) VALUES('Edit Admission Patient Details',2,57,1)
--INSERT INTO SearchActions(ActionName,RoleID,PageID,Parentid) VALUES('Drugs Administered',2,58,1)

--INSERT INTO SearchActions(ActionName,RoleID,PageID,Parentid) VALUES('Collect Sample',3,65,1)
--INSERT INTO SearchActions(ActionName,RoleID,PageID,Parentid) VALUES('Perform Investigation',3,66,1)
--INSERT INTO SearchActions(ActionName,RoleID,PageID,Parentid) VALUES('IP Case Record',1,71,1)

--INSERT INTO SearchActions(ActionName,RoleID,PageID,Parentid) VALUES('Collect Advance',5,76,5)
--INSERT INTO SearchActions(ActionName,RoleID,PageID,Parentid) VALUES('Collect Advance',6,76,5)

GO

TRUNCATE TABLE PAGEMAPPING
Insert into PageMapping(RoleId,PageID,SeqNo) values(5,1,1)
Insert into PageMapping(RoleId,PageID,SeqNo) values(5,2,0)
Insert into PageMapping(RoleId,PageID,SeqNo) values(2,8,1)
Insert into PageMapping(RoleId,PageID,SeqNo) values(1,9,1)
Insert into PageMapping(RoleId,PageID,SeqNo) values(5,10,0)
Insert into PageMapping(RoleId,PageID,SeqNo) values(1,11,0)
Insert into PageMapping(RoleId,PageID,SeqNo) values(2,12,0)
Insert into PageMapping(RoleId,PageID,SeqNo) values(3,13,1)
Insert into PageMapping(RoleId,PageID,SeqNo) values(6,14,1)
Insert into PageMapping(RoleId,PageID,SeqNo) values(6,43,0)
Insert into PageMapping(RoleId,PageID,SeqNo) values(6,16,0)
Insert into PageMapping(RoleId,PageID,SeqNo) values(6,17,0)
Insert into PageMapping(RoleId,PageID,SeqNo) values(1,16,0)
Insert into PageMapping(RoleId,PageID,SeqNo) values(3,13,1)
Insert into PageMapping(RoleId,PageID,SeqNo) values(1,20,0)
Insert into PageMapping(RoleId,PageID,SeqNo) values(2,20,0)
Insert into PageMapping(RoleId,PageID,SeqNo) values(3,20,0)
Insert into PageMapping(RoleId,PageID,SeqNo) values(5,20,0)
Insert into PageMapping(RoleId,PageID,SeqNo) values(6,20,0)
Insert into PageMapping(RoleId,PageID,SeqNo) values(7,25,1)
Insert into PageMapping(RoleId,PageID,SeqNo) values(8,27,1)
GO



SET ANSI_PADDING OFF
GO



TRUNCATE TABLE OrgUOMVitalsMapping 
Insert into OrgUOMVitalsMapping(OrgUOMVitalsID,OrgID,UOMID,VitalsID)   Values(1,1,8,1)
Insert into OrgUOMVitalsMapping(OrgUOMVitalsID,OrgID,UOMID,VitalsID)   Values(2,1,2,2)
Insert into OrgUOMVitalsMapping(OrgUOMVitalsID,OrgID,UOMID,VitalsID)   Values(3,1,2,3)
Insert into OrgUOMVitalsMapping(OrgUOMVitalsID,OrgID,UOMID,VitalsID)   Values(4,1,3,4)
Insert into OrgUOMVitalsMapping(OrgUOMVitalsID,OrgID,UOMID,VitalsID)   Values(5,1,4,5)
Insert into OrgUOMVitalsMapping(OrgUOMVitalsID,OrgID,UOMID,VitalsID)   Values(6,1,5,6)
Insert into OrgUOMVitalsMapping(OrgUOMVitalsID,OrgID,UOMID,VitalsID)   Values(7,1,6,7)
Insert into OrgUOMVitalsMapping(OrgUOMVitalsID,OrgID,UOMID,VitalsID)   Values(8,1,7,8)
Insert into OrgUOMVitalsMapping(OrgUOMVitalsID,OrgID,UOMID,VitalsID)   Values(9,1,8,9)
Insert into OrgUOMVitalsMapping(OrgUOMVitalsID,OrgID,UOMID,VitalsID)   Values(10,1,2,10)
Insert into OrgUOMVitalsMapping(OrgUOMVitalsID,OrgID,UOMID,VitalsID)   Values(11,1,2,11)
Insert into OrgUOMVitalsMapping(OrgUOMVitalsID,OrgID,UOMID,VitalsID)   Values(12,1,2,12)
Insert into OrgUOMVitalsMapping(OrgUOMVitalsID,OrgID,UOMID,VitalsID)   Values(13,1,2,13)
Insert into OrgUOMVitalsMapping(OrgUOMVitalsID,OrgID,UOMID,VitalsID)   Values(14,1,9,14)
Insert into OrgUOMVitalsMapping(OrgUOMVitalsID,OrgID,UOMID,VitalsID)   Values(15,1,9,15)
Insert into OrgUOMVitalsMapping(OrgUOMVitalsID,OrgID,UOMID,VitalsID)   Values(16,1,7,16)
Insert into OrgUOMVitalsMapping(OrgUOMVitalsID,OrgID,UOMID,VitalsID)   Values(17,1,12,17)
Go


truncate table proceduremaster
Insert into ProcedureMaster(ProcedureID,Procedurename,ProcedureType,  ProcedureDesc, OrgID, IsAVisitPurpose, CreatedBy,CreatedAt) values(1,  'Dialysis','Treatment','Dialysis',1,  'y',1, 'Sep  2 2009 12:00AM')
go



Truncate Table PhysicianOrganization

Insert into PhysicianOrganization (PhysicianID,OrgID) values(1,1)
Insert into PhysicianOrganization (PhysicianID,OrgID) values(2,1)
Insert into PhysicianOrganization (PhysicianID,OrgID) values(3,1)
Insert into PhysicianOrganization (PhysicianID,OrgID) values(4,1)

Go




Truncate table PhysicianSpeciality
Insert into PhysicianSpeciality(PhysicianID,SpecialityID)   values (1,1)
Insert into PhysicianSpeciality(PhysicianID,SpecialityID)   values (2,2)
Insert into PhysicianSpeciality(PhysicianID,SpecialityID)   values (3,3)
Insert into PhysicianSpeciality(PhysicianID,SpecialityID)   values (4,2)
Insert into PhysicianSpeciality(PhysicianID,SpecialityID)   values (1,16)
go


truncate table OrganizationAddress
Insert into OrganizationAddress (AddressID,OrgID,AddressType,  Add1,Add2,Add3,PostalCode,CountryID,City,StateID,MobileNumber,LandLineNumber,  Comments,Location) Values(1,1,'A','','','','          ',0,'Chennai',0,'','','','Thambaram')
Insert into OrganizationAddress (AddressID,OrgID,AddressType,  Add1,Add2,Add3,PostalCode,CountryID,City,StateID,MobileNumber,LandLineNumber,  Comments,Location) Values(2,1,'B','','','','          ',0,'Chennai',0,'','','','Pallavaram')
go


Truncate table Physician
Insert into Physician(PhysicianID,PhysicianName,PhysicianType,Email,Sex,LoginID) values (1,'Sundar','VIS','','M',5)
Insert into Physician(PhysicianID,PhysicianName,PhysicianType,Email,Sex,LoginID) values (2,'Gayathri','VIS','','F',6)
Insert into Physician(PhysicianID,PhysicianName,PhysicianType,Email,Sex,LoginID) values (3,'Ganesh','VIS','','M',7)
Insert into Physician(PhysicianID,PhysicianName,PhysicianType,Email,Sex,LoginID) values (4,'Robert','VIS','','M',8)
go

TRUNCATE TABLE SCHEDULABLERESOURCE
INSERT INTO SCHEDULABLERESOURCE(RESOURCEID,RESOURCETYPE,OrgID,SCHEDULETEMPLATEID)   VALUES(1         ,'P',1         ,1         )
INSERT INTO SCHEDULABLERESOURCE(RESOURCEID,RESOURCETYPE,OrgID,SCHEDULETEMPLATEID)   VALUES(2         ,'P',1         ,2         )
INSERT INTO SCHEDULABLERESOURCE(RESOURCEID,RESOURCETYPE,OrgID,SCHEDULETEMPLATEID)   VALUES(3         ,'P',1         ,3         )
INSERT INTO SCHEDULABLERESOURCE(RESOURCEID,RESOURCETYPE,OrgID,SCHEDULETEMPLATEID)   VALUES(4         ,'P',1         ,4         )
GO

Truncate table StandardDeduction
Insert into StandardDeduction(StdDedID,OrgID,  StdDedName,StdDedValue,StdDedType)    values(1,1,  'Govt Employees', 100,'V')
Insert into StandardDeduction(StdDedID,OrgID,  StdDedName,StdDedValue,StdDedType)    values(2,1,  'Self Employee', 2,'P')
go

truncate table PhysicianFee
Insert into PhysicianFee(PhysicianFeeID,PhysicianID,OrgID,Amount,  IsVariable,IPPercentToHostingOrg,OPPercentToHostingOrg,CreatedBy)   values(1,1,1,  200,'Y',  3,4,6)
Insert into PhysicianFee(PhysicianFeeID,PhysicianID,OrgID,Amount,  IsVariable,IPPercentToHostingOrg,OPPercentToHostingOrg,CreatedBy)   values(2,2,1,  150,'Y',  3,4,6)
Insert into PhysicianFee(PhysicianFeeID,PhysicianID,OrgID,Amount,  IsVariable,IPPercentToHostingOrg,OPPercentToHostingOrg,CreatedBy)   values(3,3,1,  200,'Y',  3,4,6)
Insert into PhysicianFee(PhysicianFeeID,PhysicianID,OrgID,Amount,  IsVariable,IPPercentToHostingOrg,OPPercentToHostingOrg,CreatedBy)   values(4,4,1,  150,'Y',  3,4,6)
Insert into PhysicianFee(PhysicianFeeID,PhysicianID,OrgID,Amount,  IsVariable,IPPercentToHostingOrg,OPPercentToHostingOrg,CreatedBy)   values(5,5,1,  150,'Y',  3,4,6)

go

Truncate Table ProcedureFee
Insert into ProcedureFee(ProcedureFeeID,ProcedureID,Amount,ProcedureDesc,IsVariable)   values(1,1,200,'Dialysis',  'Y')
Go

Truncate Table TaskActionMapping
Insert into TaskActionMapping (OrgID,VisitPurposeID,OtherID,TaskActionID)  values(1,7,  1,6)
Insert into TaskActionMapping (OrgID,VisitPurposeID,OtherID,TaskActionID)  values(1,1,  1,11)
Insert into TaskActionMapping (OrgID,VisitPurposeID,OtherID,TaskActionID)  values(1,3,  0,19)
Insert into TaskActionMapping (OrgID,VisitPurposeID,OtherID,TaskActionID)  values(1,1,  2,11)
Insert into TaskActionMapping (OrgID,VisitPurposeID,OtherID,TaskActionID)  values(1,1,  3,11)
Insert into TaskActionMapping (OrgID,VisitPurposeID,OtherID,TaskActionID)  values(1,1,  4,11)
Insert into TaskActionMapping (OrgID,VisitPurposeID,OtherID,TaskActionID)  values(1,1,  5,11)
Insert into TaskActionMapping (OrgID,VisitPurposeID,OtherID,TaskActionID)  values(1,1,  16,1)

--Insert into TaskActionMapping (OrgID,VisitPurposeID,OtherID,TaskActionID)  values(1,9,0,21)
Insert into TaskActionMapping(OrgID,VisitPurposeID,OtherID,TaskActionID)  values(1,11,  0,35)
Go




Truncate table Config
Insert into Config(ConfigKey,ConfigValue,ParentID,OrgID)  values('BillLogic','Before',  0,1)
Insert into Config(ConfigKey,ConfigValue,ParentID,OrgID)  values('UploadPath','~/InvestigationFiles/',  0,1)
Insert into Config(ConfigKey,ConfigValue,ParentID,OrgID)  values('INV','Before',  0,1)
Insert into Config(ConfigKey,ConfigValue,ParentID,OrgID)  values('CON','Before',  0,1)
Insert into Config(ConfigKey,ConfigValue,ParentID,OrgID)  values('PRO','Before',  0,1)
Insert into Config(ConfigKey,ConfigValue,ParentID,OrgID)  values('ISI','0.4',  0,1)
Insert into Config(ConfigKey,ConfigValue,ParentID,OrgID)  values('ReportServerURL','http://192.168.75.1/Reports',  0,1)
Insert into Config(ConfigKey,ConfigValue,ParentID,OrgID)  values('UseSmartCardForPatient','N',  0,1)
Insert into Config(ConfigKey,ConfigValue,ParentID,OrgID)  values('UseOrgBasedDrugData','N',  0,1)
Insert into Config(ConfigKey,ConfigValue,ParentID,OrgID)  values('IMU','After',  0,1)
Insert into Config(ConfigKey,ConfigValue,ParentID,OrgID)  values('Currency','Rs',  0,1)
Insert into config (ConfigKey,ConfigValue,ParentID,OrgID)values ('NormalFlow','True',0,1)
Go

Truncate table Nurse
Insert into Nurse(NurseName,OrgID,LoginID)  values('Nurse1',1,  2)
Insert into Nurse(NurseName,OrgID,LoginID)  values('Nurse2',1,  3)
Go

--Truncate table VisitSearchActions

--Insert into VisitSearchActions(ActionName,RoleID,PageID,Parentid)  Values('Print Bill',5,  28, 0)
--Insert into VisitSearchActions(ActionName,RoleID,PageID,Parentid)  Values('Print CaseSheet',5,  28, 0)
--Insert into VisitSearchActions(ActionName,RoleID,PageID,Parentid)  Values('Print Consolidate Report',5,  28, 0)
--Insert into VisitSearchActions(ActionName,RoleID,PageID,Parentid)  Values('Print Prescription',5,  28, 0)
--Insert into VisitSearchActions(ActionName,RoleID,PageID,Parentid)  Values('Dialysis Case Sheet',8,  23, 0)
----Insert into VisitSearchActions(ActionName,RoleID,PageID,Parentid)  Values('Print Dialysis CaseSheet',5,  23, 0)
--Insert into VisitSearchActions(ActionName,RoleID,PageID,Parentid)  Values('Show Lab Report',5,  55, 4)

--Insert into VisitSearchActions(ActionName,RoleID,PageID,Parentid)  Values('Order Investigation',5,  38, 0)
--Insert into VisitSearchActions(ActionName,RoleID,PageID,Parentid)  Values('Order services',5,  41, 0)
----Insert into VisitSearchActions(ActionName,RoleID,PageID,Parentid)  Values('Collect Payments',5,  40, 0)
--Insert into VisitSearchActions(ActionName,RoleID,PageID,Parentid)  Values('Edit Diagnosis',1,  44, 0)
--Insert into VisitSearchActions(ActionName,RoleID,PageID,Parentid)  Values('Refund to Patient',6,  47, 0)
--Insert into VisitSearchActions(ActionName,RoleID,PageID,Parentid)  Values('Show Lab Report',3,  55, 0)

--INSERT INTO VisitSearchActions(ActionName,RoleID,PageID,Parentid) VALUES('Collect Advance',5,50,1)
--INSERT INTO VisitSearchActions(ActionName,RoleID,PageID,Parentid) VALUES('Generate Bill',5,51,1)
--INSERT INTO VisitSearchActions(ActionName,RoleID,PageID,Parentid) VALUES('Make Due Chart Entry',5,52,1)
--INSERT INTO VisitSearchActions(ActionName,RoleID,PageID,Parentid) VALUES('View Bill',5,53,1)

Go

Truncate Table BillSearchActions
Insert into BillSearchActions(ActionName,RoleID,PageID)  Values('Print Bill',5,28)
Insert into BillSearchActions(ActionName,RoleID,PageID)  Values('Order services',5,41)
Insert into BillSearchActions(ActionName,RoleID,PageID)  Values('Refund to Patient',6,47)
GO

Truncate Table InvestigationFee

Insert into InvestigationFee(InvestigationID, OrgID, Amount,IsVariable)  values  (1002,1,250,'Y')
Insert into InvestigationFee(InvestigationID, OrgID, Amount,IsVariable)  values  (3002,1,250,'Y')
Insert into InvestigationFee(InvestigationID, OrgID, Amount,IsVariable)  values  (3003,1,250,'Y')
Insert into InvestigationFee(InvestigationID, OrgID, Amount,IsVariable)  values  (3004,1,250,'Y')
Insert into InvestigationFee(InvestigationID, OrgID, Amount,IsVariable)  values  (3005,1,250,'Y')
Insert into InvestigationFee(InvestigationID, OrgID, Amount,IsVariable)  values  (3006,1,250,'Y')
Insert into InvestigationFee(InvestigationID, OrgID, Amount,IsVariable)  values  (3007,1,250,'Y')
Insert into InvestigationFee(InvestigationID, OrgID, Amount,IsVariable)  values  (3008,1,250,'Y')
Insert into InvestigationFee(InvestigationID, OrgID, Amount,IsVariable)  values  (3009,1,250,'Y')
Insert into InvestigationFee(InvestigationID, OrgID, Amount,IsVariable)  values  (3010,1,250,'Y')
Insert into InvestigationFee(InvestigationID, OrgID, Amount,IsVariable)  values  (3011,1,250,'Y')
Insert into InvestigationFee(InvestigationID, OrgID, Amount,IsVariable)  values  (3012,1,250,'Y')
Insert into InvestigationFee(InvestigationID, OrgID, Amount,IsVariable)  values  (3013,1,250,'Y')
Insert into InvestigationFee(InvestigationID, OrgID, Amount,IsVariable)  values  (3014,1,250,'Y')
Insert into InvestigationFee(InvestigationID, OrgID, Amount,IsVariable)  values  (3016,1,250,'Y')
Insert into InvestigationFee(InvestigationID, OrgID, Amount,IsVariable)  values  (3017,1,250,'Y')
Insert into InvestigationFee(InvestigationID, OrgID, Amount,IsVariable)  values  (3018,1,250,'Y')
Insert into InvestigationFee(InvestigationID, OrgID, Amount,IsVariable)  values  (3019,1,250,'Y')
Insert into InvestigationFee(InvestigationID, OrgID, Amount,IsVariable)  values  (3020,1,250,'Y')
Insert into InvestigationFee(InvestigationID, OrgID, Amount,IsVariable)  values  (3021,1,250,'Y')
Insert into InvestigationFee(InvestigationID, OrgID, Amount,IsVariable)  values  (3022,1,250,'Y')
Insert into InvestigationFee(InvestigationID, OrgID, Amount,IsVariable)  values  (3023,1,250,'Y')
Insert into InvestigationFee(InvestigationID, OrgID, Amount,IsVariable)  values  (3024,1,250,'Y')
Insert into InvestigationFee(InvestigationID, OrgID, Amount,IsVariable)  values  (3025,1,250,'Y')
Insert into InvestigationFee(InvestigationID, OrgID, Amount,IsVariable)  values  (3026,1,250,'Y')
Insert into InvestigationFee(InvestigationID, OrgID, Amount,IsVariable)  values  (3027,1,250,'Y')
Insert into InvestigationFee(InvestigationID, OrgID, Amount,IsVariable)  values  (3028,1,250,'Y')
Insert into InvestigationFee(InvestigationID, OrgID, Amount,IsVariable)  values  (3029,1,250,'Y')
Insert into InvestigationFee(InvestigationID, OrgID, Amount,IsVariable)  values  (3030,1,250,'Y')
Insert into InvestigationFee(InvestigationID, OrgID, Amount,IsVariable)  values  (3031,1,250,'Y')
Insert into InvestigationFee(InvestigationID, OrgID, Amount,IsVariable)  values  (3032,1,250,'Y')
Insert into InvestigationFee(InvestigationID, OrgID, Amount,IsVariable)  values  (3033,1,250,'Y')
Insert into InvestigationFee(InvestigationID, OrgID, Amount,IsVariable)  values  (3034,1,250,'Y')
Insert into InvestigationFee(InvestigationID, OrgID, Amount,IsVariable)  values  (3035,1,250,'Y')
Insert into InvestigationFee(InvestigationID, OrgID, Amount,IsVariable)  values  (3036,1,250,'Y')
Insert into InvestigationFee(InvestigationID, OrgID, Amount,IsVariable)  values  (3037,1,250,'Y')
Insert into InvestigationFee(InvestigationID, OrgID, Amount,IsVariable)  values  (3038,1,250,'Y')
Insert into InvestigationFee(InvestigationID, OrgID, Amount,IsVariable)  values  (3039,1,250,'Y')
Insert into InvestigationFee(InvestigationID, OrgID, Amount,IsVariable)  values  (3040,1,250,'Y')
Insert into InvestigationFee(InvestigationID, OrgID, Amount,IsVariable)  values  (3041,1,250,'Y')
Insert into InvestigationFee(InvestigationID, OrgID, Amount,IsVariable)  values  (3042,1,250,'Y')
Insert into InvestigationFee(InvestigationID, OrgID, Amount,IsVariable)  values  (3043,1,250,'Y')
Insert into InvestigationFee(InvestigationID, OrgID, Amount,IsVariable)  values  (3044,1,250,'Y')
Insert into InvestigationFee(InvestigationID, OrgID, Amount,IsVariable)  values  (3045,1,250,'Y')
Insert into InvestigationFee(InvestigationID, OrgID, Amount,IsVariable)  values  (3046,1,250,'Y')
Insert into InvestigationFee(InvestigationID, OrgID, Amount,IsVariable)  values  (3047,1,250,'Y')
Insert into InvestigationFee(InvestigationID, OrgID, Amount,IsVariable)  values  (3048,1,250,'Y')
Insert into InvestigationFee(InvestigationID, OrgID, Amount,IsVariable)  values  (3049,1,250,'Y')
Insert into InvestigationFee(InvestigationID, OrgID, Amount,IsVariable)  values  (3050,1,250,'Y')
Insert into InvestigationFee(InvestigationID, OrgID, Amount,IsVariable)  values  (3051,1,250,'Y')
Insert into InvestigationFee(InvestigationID, OrgID, Amount,IsVariable)  values  (3052,1,250,'Y')
Insert into InvestigationFee(InvestigationID, OrgID, Amount,IsVariable)  values  (3053,1,250,'Y')
Insert into InvestigationFee(InvestigationID, OrgID, Amount,IsVariable)  values  (3054,1,250,'Y')
Insert into InvestigationFee(InvestigationID, OrgID, Amount,IsVariable)  values  (3055,1,250,'Y')
Insert into InvestigationFee(InvestigationID, OrgID, Amount,IsVariable)  values  (3056,1,250,'Y')
Insert into InvestigationFee(InvestigationID, OrgID, Amount,IsVariable)  values  (3057,1,250,'Y')
Insert into InvestigationFee(InvestigationID, OrgID, Amount,IsVariable)  values  (3058,1,250,'Y')
Insert into InvestigationFee(InvestigationID, OrgID, Amount,IsVariable)  values  (3059,1,250,'Y')
Insert into InvestigationFee(InvestigationID, OrgID, Amount,IsVariable)  values  (3060,1,250,'Y')
Insert into InvestigationFee(InvestigationID, OrgID, Amount,IsVariable)  values  (3061,1,250,'Y')
Insert into InvestigationFee(InvestigationID, OrgID, Amount,IsVariable)  values  (3062,1,250,'Y')
Insert into InvestigationFee(InvestigationID, OrgID, Amount,IsVariable)  values  (3063,1,250,'Y')
Insert into InvestigationFee(InvestigationID, OrgID, Amount,IsVariable)  values  (3064,1,250,'Y')
Insert into InvestigationFee(InvestigationID, OrgID, Amount,IsVariable)  values  (3065,1,250,'Y')
Insert into InvestigationFee(InvestigationID, OrgID, Amount,IsVariable)  values  (3066,1,250,'Y')
Insert into InvestigationFee(InvestigationID, OrgID, Amount,IsVariable)  values  (3067,1,250,'Y')
Insert into InvestigationFee(InvestigationID, OrgID, Amount,IsVariable)  values  (3068,1,250,'Y')
Insert into InvestigationFee(InvestigationID, OrgID, Amount,IsVariable)  values  (3069,1,250,'Y')
Insert into InvestigationFee(InvestigationID, OrgID, Amount,IsVariable)  values  (3070,1,250,'Y')
Insert into InvestigationFee(InvestigationID, OrgID, Amount,IsVariable)  values  (3071,1,250,'Y')
Insert into InvestigationFee(InvestigationID, OrgID, Amount,IsVariable)  values  (3072,1,250,'Y')
Insert into InvestigationFee(InvestigationID, OrgID, Amount,IsVariable)  values  (3073,1,250,'Y')
Insert into InvestigationFee(InvestigationID, OrgID, Amount,IsVariable)  values  (3074,1,250,'Y')
Insert into InvestigationFee(InvestigationID, OrgID, Amount,IsVariable)  values  (3075,1,250,'Y')
Insert into InvestigationFee(InvestigationID, OrgID, Amount,IsVariable)  values  (3076,1,250,'Y')
Insert into InvestigationFee(InvestigationID, OrgID, Amount,IsVariable)  values  (3077,1,250,'Y')
Insert into InvestigationFee(InvestigationID, OrgID, Amount,IsVariable)  values  (3078,1,250,'Y')
Insert into InvestigationFee(InvestigationID, OrgID, Amount,IsVariable)  values  (3079,1,250,'Y')
Insert into InvestigationFee(InvestigationID, OrgID, Amount,IsVariable)  values  (3080,1,250,'Y')
Insert into InvestigationFee(InvestigationID, OrgID, Amount,IsVariable)  values  (3081,1,250,'Y')
Insert into InvestigationFee(InvestigationID, OrgID, Amount,IsVariable)  values  (3082,1,250,'Y')
Insert into InvestigationFee(InvestigationID, OrgID, Amount,IsVariable)  values  (3083,1,250,'Y')
Insert into InvestigationFee(InvestigationID, OrgID, Amount,IsVariable)  values  (3084,1,250,'Y')
Insert into InvestigationFee(InvestigationID, OrgID, Amount,IsVariable)  values  (3085,1,250,'Y')
Insert into InvestigationFee(InvestigationID, OrgID, Amount,IsVariable)  values  (3086,1,250,'Y')
Insert into InvestigationFee(InvestigationID, OrgID, Amount,IsVariable)  values  (3087,1,250,'Y')
Insert into InvestigationFee(InvestigationID, OrgID, Amount,IsVariable)  values  (3088,1,250,'Y')
Insert into InvestigationFee(InvestigationID, OrgID, Amount,IsVariable)  values  (3089,1,250,'Y')
Insert into InvestigationFee(InvestigationID, OrgID, Amount,IsVariable)  values  (3090,1,250,'Y')
Insert into InvestigationFee(InvestigationID, OrgID, Amount,IsVariable)  values  (3091,1,250,'Y')
Insert into InvestigationFee(InvestigationID, OrgID, Amount,IsVariable)  values  (3092,1,250,'Y')
Insert into InvestigationFee(InvestigationID, OrgID, Amount,IsVariable)  values  (3093,1,250,'Y')
Insert into InvestigationFee(InvestigationID, OrgID, Amount,IsVariable)  values  (3094,1,250,'Y')
Insert into InvestigationFee(InvestigationID, OrgID, Amount,IsVariable)  values  (3095,1,250,'Y')
Insert into InvestigationFee(InvestigationID, OrgID, Amount,IsVariable)  values  (3096,1,250,'Y')
Insert into InvestigationFee(InvestigationID, OrgID, Amount,IsVariable)  values  (3097,1,250,'Y')
Insert into InvestigationFee(InvestigationID, OrgID, Amount,IsVariable)  values  (3098,1,250,'Y')
Insert into InvestigationFee(InvestigationID, OrgID, Amount,IsVariable)  values  (3099,1,250,'Y')
Insert into InvestigationFee(InvestigationID, OrgID, Amount,IsVariable)  values  (3100,1,250,'Y')
Insert into InvestigationFee(InvestigationID, OrgID, Amount,IsVariable)  values  (3101,1,250,'Y')
Insert into InvestigationFee(InvestigationID, OrgID, Amount,IsVariable)  values  (3102,1,250,'Y')
Insert into InvestigationFee(InvestigationID, OrgID, Amount,IsVariable)  values  (3103,1,250,'Y')
Insert into InvestigationFee(InvestigationID, OrgID, Amount,IsVariable)  values  (3104,1,250,'Y')
Insert into InvestigationFee(InvestigationID, OrgID, Amount,IsVariable)  values  (3105,1,250,'Y')
Insert into InvestigationFee(InvestigationID, OrgID, Amount,IsVariable)  values  (3106,1,250,'Y')
Insert into InvestigationFee(InvestigationID, OrgID, Amount,IsVariable)  values  (3107,1,250,'Y')
Insert into InvestigationFee(InvestigationID, OrgID, Amount,IsVariable)  values  (3108,1,250,'Y')
Insert into InvestigationFee(InvestigationID, OrgID, Amount,IsVariable)  values  (3109,1,250,'Y')
Insert into InvestigationFee(InvestigationID, OrgID, Amount,IsVariable)  values  (3111,1,250,'Y')
Insert into InvestigationFee(InvestigationID, OrgID, Amount,IsVariable)  values  (3112,1,250,'Y')
Insert into InvestigationFee(InvestigationID, OrgID, Amount,IsVariable)  values  (3113,1,250,'Y')
Insert into InvestigationFee(InvestigationID, OrgID, Amount,IsVariable)  values  (3114,1,250,'Y')
Insert into InvestigationFee(InvestigationID, OrgID, Amount,IsVariable)  values  (3115,1,250,'Y')
Insert into InvestigationFee(InvestigationID, OrgID, Amount,IsVariable)  values  (3116,1,250,'Y')
Insert into InvestigationFee(InvestigationID, OrgID, Amount,IsVariable)  values  (3117,1,250,'Y')
Insert into InvestigationFee(InvestigationID, OrgID, Amount,IsVariable)  values  (3118,1,250,'Y')
Insert into InvestigationFee(InvestigationID, OrgID, Amount,IsVariable)  values  (3119,1,250,'Y')
Insert into InvestigationFee(InvestigationID, OrgID, Amount,IsVariable)  values  (3120,1,250,'Y')
Insert into InvestigationFee(InvestigationID, OrgID, Amount,IsVariable)  values  (3121,1,250,'Y')
Insert into InvestigationFee(InvestigationID, OrgID, Amount,IsVariable)  values  (3122,1,250,'Y')
Insert into InvestigationFee(InvestigationID, OrgID, Amount,IsVariable)  values  (3123,1,250,'Y')
Insert into InvestigationFee(InvestigationID, OrgID, Amount,IsVariable)  values  (3124,1,250,'Y')
Insert into InvestigationFee(InvestigationID, OrgID, Amount,IsVariable)  values  (3125,1,250,'Y')
Insert into InvestigationFee(InvestigationID, OrgID, Amount,IsVariable)  values  (3126,1,250,'Y')
Insert into InvestigationFee(InvestigationID, OrgID, Amount,IsVariable)  values  (3127,1,250,'Y')
Insert into InvestigationFee(InvestigationID, OrgID, Amount,IsVariable)  values  (3128,1,250,'Y')
Insert into InvestigationFee(InvestigationID, OrgID, Amount,IsVariable)  values  (3129,1,250,'Y')
Insert into InvestigationFee(InvestigationID, OrgID, Amount,IsVariable)  values  (3130,1,250,'Y')
Insert into InvestigationFee(InvestigationID, OrgID, Amount,IsVariable)  values  (3131,1,250,'Y')
Insert into InvestigationFee(InvestigationID, OrgID, Amount,IsVariable)  values  (3132,1,250,'Y')
Insert into InvestigationFee(InvestigationID, OrgID, Amount,IsVariable)  values  (3133,1,250,'Y')
Insert into InvestigationFee(InvestigationID, OrgID, Amount,IsVariable)  values  (3134,1,250,'Y')
Insert into InvestigationFee(InvestigationID, OrgID, Amount,IsVariable)  values  (3135,1,250,'Y')
Insert into InvestigationFee(InvestigationID, OrgID, Amount,IsVariable)  values  (3136,1,250,'Y')
Insert into InvestigationFee(InvestigationID, OrgID, Amount,IsVariable)  values  (3137,1,250,'Y')
Insert into InvestigationFee(InvestigationID, OrgID, Amount,IsVariable)  values  (1004,1,250,'Y')
Insert into InvestigationFee(InvestigationID, OrgID, Amount,IsVariable)  values  (1005,1,250,'Y')
Insert into InvestigationFee(InvestigationID, OrgID, Amount,IsVariable)  values  (1006,1,250,'Y')
Insert into InvestigationFee(InvestigationID, OrgID, Amount,IsVariable)  values  (1007,1,250,'Y')
Insert into InvestigationFee(InvestigationID, OrgID, Amount,IsVariable)  values  (1008,1,250,'Y')
Insert into InvestigationFee(InvestigationID, OrgID, Amount,IsVariable)  values  (1009,1,250,'Y')
Insert into InvestigationFee(InvestigationID, OrgID, Amount,IsVariable)  values  (1010,1,250,'Y')
Insert into InvestigationFee(InvestigationID, OrgID, Amount,IsVariable)  values  (1011,1,250,'Y')
Insert into InvestigationFee(InvestigationID, OrgID, Amount,IsVariable)  values  (2002,1,250,'Y')
Insert into InvestigationFee(InvestigationID, OrgID, Amount,IsVariable)  values  (2003,1,250,'Y')
Insert into InvestigationFee(InvestigationID, OrgID, Amount,IsVariable)  values  (2004,1,250,'Y')
Insert into InvestigationFee(InvestigationID, OrgID, Amount,IsVariable)  values  (2005,1,250,'Y')
Insert into InvestigationFee(InvestigationID, OrgID, Amount,IsVariable)  values  (2006,1,250,'Y')
Insert into InvestigationFee(InvestigationID, OrgID, Amount,IsVariable)  values  (2007,1,250,'Y')
Insert into InvestigationFee(InvestigationID, OrgID, Amount,IsVariable)  values  (2008,1,250,'Y')
Insert into InvestigationFee(InvestigationID, OrgID, Amount,IsVariable)  values  (2009,1,250,'Y')
Insert into InvestigationFee(InvestigationID, OrgID, Amount,IsVariable)  values  (2010,1,250,'Y')
Insert into InvestigationFee(InvestigationID, OrgID, Amount,IsVariable)  values  (2011,1,250,'Y')
Insert into InvestigationFee(InvestigationID, OrgID, Amount,IsVariable)  values  (2012,1,250,'Y')
Insert into InvestigationFee(InvestigationID, OrgID, Amount,IsVariable)  values  (2013,1,250,'Y')
Insert into InvestigationFee(InvestigationID, OrgID, Amount,IsVariable)  values  (2014,1,250,'Y')
Insert into InvestigationFee(InvestigationID, OrgID, Amount,IsVariable)  values  (2015,1,250,'Y')
Insert into InvestigationFee(InvestigationID, OrgID, Amount,IsVariable)  values  (2016,1,250,'Y')
Insert into InvestigationFee(InvestigationID, OrgID, Amount,IsVariable)  values  (2017,1,250,'Y')
Insert into InvestigationFee(InvestigationID, OrgID, Amount,IsVariable)  values  (2018,1,250,'Y')
Insert into InvestigationFee(InvestigationID, OrgID, Amount,IsVariable)  values  (2019,1,250,'Y')
Insert into InvestigationFee(InvestigationID, OrgID, Amount,IsVariable)  values  (2020,1,250,'Y')
Insert into InvestigationFee(InvestigationID, OrgID, Amount,IsVariable)  values  (2021,1,250,'Y')
Insert into InvestigationFee(InvestigationID, OrgID, Amount,IsVariable)  values  (2022,1,250,'Y')
Insert into InvestigationFee(InvestigationID, OrgID, Amount,IsVariable)  values  (2023,1,250,'Y')
Insert into InvestigationFee(InvestigationID, OrgID, Amount,IsVariable)  values  (2024,1,250,'Y')
Insert into InvestigationFee(InvestigationID, OrgID, Amount,IsVariable)  values  (2025,1,250,'Y')
Insert into InvestigationFee(InvestigationID, OrgID, Amount,IsVariable)  values  (2026,1,250,'Y')
Insert into InvestigationFee(InvestigationID, OrgID, Amount,IsVariable)  values  (2027,1,250,'Y')
Insert into InvestigationFee(InvestigationID, OrgID, Amount,IsVariable)  values  (2028,1,250,'Y')
Insert into InvestigationFee(InvestigationID, OrgID, Amount,IsVariable)  values  (2029,1,250,'Y')
Insert into InvestigationFee(InvestigationID, OrgID, Amount,IsVariable)  values  (2030,1,250,'Y')
Insert into InvestigationFee(InvestigationID, OrgID, Amount,IsVariable)  values  (2031,1,250,'Y')
Insert into InvestigationFee(InvestigationID, OrgID, Amount,IsVariable)  values  (2032,1,250,'Y')
Insert into InvestigationFee(InvestigationID, OrgID, Amount,IsVariable)  values  (2033,1,250,'Y')
Insert into InvestigationFee(InvestigationID, OrgID, Amount,IsVariable)  values  (2034,1,250,'Y')
Insert into InvestigationFee(InvestigationID, OrgID, Amount,IsVariable)  values  (2035,1,250,'Y')
Insert into InvestigationFee(InvestigationID, OrgID, Amount,IsVariable)  values  (2036,1,250,'Y')
Insert into InvestigationFee(InvestigationID, OrgID, Amount,IsVariable)  values  (2037,1,250,'Y')
Insert into InvestigationFee(InvestigationID, OrgID, Amount,IsVariable)  values  (2038,1,250,'Y')
Insert into InvestigationFee(InvestigationID, OrgID, Amount,IsVariable)  values  (2039,1,250,'Y')
Insert into InvestigationFee(InvestigationID, OrgID, Amount,IsVariable)  values  (2040,1,250,'Y')
Insert into InvestigationFee(InvestigationID, OrgID, Amount,IsVariable)  values  (2041,1,250,'Y')
Insert into InvestigationFee(InvestigationID, OrgID, Amount,IsVariable)  values  (2042,1,250,'Y')
Insert into InvestigationFee(InvestigationID, OrgID, Amount,IsVariable)  values  (2043,1,250,'Y')
Insert into InvestigationFee(InvestigationID, OrgID, Amount,IsVariable)  values  (2044,1,250,'Y')
Insert into InvestigationFee(InvestigationID, OrgID, Amount,IsVariable)  values  (2045,1,250,'Y')
Insert into InvestigationFee(InvestigationID, OrgID, Amount,IsVariable)  values  (2046,1,250,'Y')
Insert into InvestigationFee(InvestigationID, OrgID, Amount,IsVariable)  values  (2047,1,250,'Y')
Insert into InvestigationFee(InvestigationID, OrgID, Amount,IsVariable)  values  (2048,1,250,'Y')
Insert into InvestigationFee(InvestigationID, OrgID, Amount,IsVariable)  values  (2049,1,250,'Y')
Insert into InvestigationFee(InvestigationID, OrgID, Amount,IsVariable)  values  (2050,1,250,'Y')
Insert into InvestigationFee(InvestigationID, OrgID, Amount,IsVariable)  values  (2051,1,250,'Y')
Insert into InvestigationFee(InvestigationID, OrgID, Amount,IsVariable)  values  (2052,1,250,'Y')
Insert into InvestigationFee(InvestigationID, OrgID, Amount,IsVariable)  values  (2053,1,250,'Y')
Insert into InvestigationFee(InvestigationID, OrgID, Amount,IsVariable)  values  (2054,1,250,'Y')
Insert into InvestigationFee(InvestigationID, OrgID, Amount,IsVariable)  values  (2055,1,250,'Y')
Insert into InvestigationFee(InvestigationID, OrgID, Amount,IsVariable)  values  (2056,1,250,'Y')
Insert into InvestigationFee(InvestigationID, OrgID, Amount,IsVariable)  values  (2058,1,250,'Y')
Insert into InvestigationFee(InvestigationID, OrgID, Amount,IsVariable)  values  (2057,1,250,'Y')
Insert into InvestigationFee(InvestigationID, OrgID, Amount,IsVariable)  values  (4080,1,250,'Y')
Insert into InvestigationFee(InvestigationID, OrgID, Amount,IsVariable)  values  (4002,1,250,'Y')
Insert into InvestigationFee(InvestigationID, OrgID, Amount,IsVariable)  values  (4003,1,250,'Y')
Insert into InvestigationFee(InvestigationID, OrgID, Amount,IsVariable)  values  (4004,1,250,'Y')
Insert into InvestigationFee(InvestigationID, OrgID, Amount,IsVariable)  values  (4005,1,250,'Y')
Insert into InvestigationFee(InvestigationID, OrgID, Amount,IsVariable)  values  (4006,1,250,'Y')
Insert into InvestigationFee(InvestigationID, OrgID, Amount,IsVariable)  values  (4007,1,250,'Y')
Insert into InvestigationFee(InvestigationID, OrgID, Amount,IsVariable)  values  (4008,1,250,'Y')
Insert into InvestigationFee(InvestigationID, OrgID, Amount,IsVariable)  values  (4009,1,250,'Y')
Insert into InvestigationFee(InvestigationID, OrgID, Amount,IsVariable)  values  (4010,1,250,'Y')
Insert into InvestigationFee(InvestigationID, OrgID, Amount,IsVariable)  values  (4011,1,250,'Y')
Insert into InvestigationFee(InvestigationID, OrgID, Amount,IsVariable)  values  (4012,1,250,'Y')
Insert into InvestigationFee(InvestigationID, OrgID, Amount,IsVariable)  values  (4013,1,250,'Y')
Insert into InvestigationFee(InvestigationID, OrgID, Amount,IsVariable)  values  (4014,1,250,'Y')
Insert into InvestigationFee(InvestigationID, OrgID, Amount,IsVariable)  values  (4015,1,250,'Y')
Insert into InvestigationFee(InvestigationID, OrgID, Amount,IsVariable)  values  (4016,1,250,'Y')
Insert into InvestigationFee(InvestigationID, OrgID, Amount,IsVariable)  values  (4017,1,250,'Y')
Insert into InvestigationFee(InvestigationID, OrgID, Amount,IsVariable)  values  (4018,1,250,'Y')
Insert into InvestigationFee(InvestigationID, OrgID, Amount,IsVariable)  values  (4019,1,250,'Y')
Insert into InvestigationFee(InvestigationID, OrgID, Amount,IsVariable)  values  (4020,1,250,'Y')
Insert into InvestigationFee(InvestigationID, OrgID, Amount,IsVariable)  values  (4021,1,250,'Y')
Insert into InvestigationFee(InvestigationID, OrgID, Amount,IsVariable)  values  (4022,1,250,'Y')
Insert into InvestigationFee(InvestigationID, OrgID, Amount,IsVariable)  values  (4023,1,250,'Y')
Insert into InvestigationFee(InvestigationID, OrgID, Amount,IsVariable)  values  (4024,1,250,'Y')
Insert into InvestigationFee(InvestigationID, OrgID, Amount,IsVariable)  values  (4025,1,250,'Y')
Insert into InvestigationFee(InvestigationID, OrgID, Amount,IsVariable)  values  (4026,1,250,'Y')
Insert into InvestigationFee(InvestigationID, OrgID, Amount,IsVariable)  values  (4027,1,250,'Y')
Insert into InvestigationFee(InvestigationID, OrgID, Amount,IsVariable)  values  (4028,1,250,'Y')
Insert into InvestigationFee(InvestigationID, OrgID, Amount,IsVariable)  values  (4029,1,250,'Y')
Insert into InvestigationFee(InvestigationID, OrgID, Amount,IsVariable)  values  (4030,1,250,'Y')
Insert into InvestigationFee(InvestigationID, OrgID, Amount,IsVariable)  values  (4031,1,250,'Y')
Insert into InvestigationFee(InvestigationID, OrgID, Amount,IsVariable)  values  (4032,1,250,'Y')
Insert into InvestigationFee(InvestigationID, OrgID, Amount,IsVariable)  values  (4033,1,250,'Y')
Insert into InvestigationFee(InvestigationID, OrgID, Amount,IsVariable)  values  (4034,1,250,'Y')
Insert into InvestigationFee(InvestigationID, OrgID, Amount,IsVariable)  values  (4035,1,250,'Y')
Insert into InvestigationFee(InvestigationID, OrgID, Amount,IsVariable)  values  (4036,1,250,'Y')
Insert into InvestigationFee(InvestigationID, OrgID, Amount,IsVariable)  values  (4037,1,250,'Y')
Insert into InvestigationFee(InvestigationID, OrgID, Amount,IsVariable)  values  (4038,1,250,'Y')
Insert into InvestigationFee(InvestigationID, OrgID, Amount,IsVariable)  values  (4039,1,250,'Y')
Insert into InvestigationFee(InvestigationID, OrgID, Amount,IsVariable)  values  (4040,1,250,'Y')
Insert into InvestigationFee(InvestigationID, OrgID, Amount,IsVariable)  values  (4041,1,250,'Y')
Insert into InvestigationFee(InvestigationID, OrgID, Amount,IsVariable)  values  (4042,1,250,'Y')
Insert into InvestigationFee(InvestigationID, OrgID, Amount,IsVariable)  values  (4043,1,250,'Y')
Insert into InvestigationFee(InvestigationID, OrgID, Amount,IsVariable)  values  (4044,1,250,'Y')
Insert into InvestigationFee(InvestigationID, OrgID, Amount,IsVariable)  values  (4045,1,250,'Y')
Insert into InvestigationFee(InvestigationID, OrgID, Amount,IsVariable)  values  (4046,1,250,'Y')
Insert into InvestigationFee(InvestigationID, OrgID, Amount,IsVariable)  values  (4047,1,250,'Y')
Insert into InvestigationFee(InvestigationID, OrgID, Amount,IsVariable)  values  (4048,1,250,'Y')
Insert into InvestigationFee(InvestigationID, OrgID, Amount,IsVariable)  values  (4049,1,250,'Y')
Insert into InvestigationFee(InvestigationID, OrgID, Amount,IsVariable)  values  (4050,1,250,'Y')
Insert into InvestigationFee(InvestigationID, OrgID, Amount,IsVariable)  values  (4051,1,250,'Y')
Insert into InvestigationFee(InvestigationID, OrgID, Amount,IsVariable)  values  (4052,1,250,'Y')
Insert into InvestigationFee(InvestigationID, OrgID, Amount,IsVariable)  values  (4053,1,250,'Y')
Insert into InvestigationFee(InvestigationID, OrgID, Amount,IsVariable)  values  (4054,1,250,'Y')
Insert into InvestigationFee(InvestigationID, OrgID, Amount,IsVariable)  values  (4055,1,250,'Y')
Insert into InvestigationFee(InvestigationID, OrgID, Amount,IsVariable)  values  (4056,1,250,'Y')
Insert into InvestigationFee(InvestigationID, OrgID, Amount,IsVariable)  values  (4057,1,250,'Y')
Insert into InvestigationFee(InvestigationID, OrgID, Amount,IsVariable)  values  (4058,1,250,'Y')
Insert into InvestigationFee(InvestigationID, OrgID, Amount,IsVariable)  values  (4059,1,250,'Y')
Insert into InvestigationFee(InvestigationID, OrgID, Amount,IsVariable)  values  (4060,1,250,'Y')
Insert into InvestigationFee(InvestigationID, OrgID, Amount,IsVariable)  values  (4061,1,250,'Y')
Insert into InvestigationFee(InvestigationID, OrgID, Amount,IsVariable)  values  (4062,1,250,'Y')
Insert into InvestigationFee(InvestigationID, OrgID, Amount,IsVariable)  values  (4063,1,250,'Y')
Insert into InvestigationFee(InvestigationID, OrgID, Amount,IsVariable)  values  (4064,1,250,'Y')
Insert into InvestigationFee(InvestigationID, OrgID, Amount,IsVariable)  values  (4065,1,250,'Y')
Insert into InvestigationFee(InvestigationID, OrgID, Amount,IsVariable)  values  (4066,1,250,'Y')
Insert into InvestigationFee(InvestigationID, OrgID, Amount,IsVariable)  values  (4067,1,250,'Y')
Insert into InvestigationFee(InvestigationID, OrgID, Amount,IsVariable)  values  (4068,1,250,'Y')
Insert into InvestigationFee(InvestigationID, OrgID, Amount,IsVariable)  values  (4069,1,250,'Y')
Insert into InvestigationFee(InvestigationID, OrgID, Amount,IsVariable)  values  (4070,1,250,'Y')
Insert into InvestigationFee(InvestigationID, OrgID, Amount,IsVariable)  values  (4071,1,250,'Y')
Insert into InvestigationFee(InvestigationID, OrgID, Amount,IsVariable)  values  (4072,1,250,'Y')
Insert into InvestigationFee(InvestigationID, OrgID, Amount,IsVariable)  values  (4073,1,250,'Y')
Insert into InvestigationFee(InvestigationID, OrgID, Amount,IsVariable)  values  (4074,1,250,'Y')
Insert into InvestigationFee(InvestigationID, OrgID, Amount,IsVariable)  values  (4075,1,250,'Y')
Insert into InvestigationFee(InvestigationID, OrgID, Amount,IsVariable)  values  (4076,1,250,'Y')
Insert into InvestigationFee(InvestigationID, OrgID, Amount,IsVariable)  values  (4082,1,250,'Y')
Insert into InvestigationFee(InvestigationID, OrgID, Amount,IsVariable)  values  (4083,1,250,'Y')
Insert into InvestigationFee(InvestigationID, OrgID, Amount,IsVariable)  values  (4084,1,250,'Y')
Insert into InvestigationFee(InvestigationID, OrgID, Amount,IsVariable)  values  (4085,1,250,'Y')
Insert into InvestigationFee(InvestigationID, OrgID, Amount,IsVariable)  values  (4086,1,250,'Y')
Insert into InvestigationFee(InvestigationID, OrgID, Amount,IsVariable)  values  (4087,1,250,'Y')
Insert into InvestigationFee(InvestigationID, OrgID, Amount,IsVariable)  values  (4088,1,250,'Y')
Insert into InvestigationFee(InvestigationID, OrgID, Amount,IsVariable)  values  (4089,1,250,'Y')
Insert into InvestigationFee(InvestigationID, OrgID, Amount,IsVariable)  values  (4090,1,250,'Y')
Insert into InvestigationFee(InvestigationID, OrgID, Amount,IsVariable)  values  (4091,1,250,'Y')
Insert into InvestigationFee(InvestigationID, OrgID, Amount,IsVariable)  values  (4092,1,250,'Y')
Insert into InvestigationFee(InvestigationID, OrgID, Amount,IsVariable)  values  (4093,1,250,'Y')
Insert into InvestigationFee(InvestigationID, OrgID, Amount,IsVariable)  values  (4096,1,250,'Y')
Insert into InvestigationFee(InvestigationID, OrgID, Amount,IsVariable)  values  (4097,1,250,'Y')
Insert into InvestigationFee(InvestigationID, OrgID, Amount,IsVariable)  values  (4098,1,250,'Y')
Insert into InvestigationFee(InvestigationID, OrgID, Amount,IsVariable)  values  (4099,1,250,'Y')
Insert into InvestigationFee(InvestigationID, OrgID, Amount,IsVariable)  values  (4100,1,250,'Y')
Insert into InvestigationFee(InvestigationID, OrgID, Amount,IsVariable)  values  (4101,1,250,'Y')
Insert into InvestigationFee(InvestigationID, OrgID, Amount,IsVariable)  values  (4102,1,250,'Y')
Insert into InvestigationFee(InvestigationID, OrgID, Amount,IsVariable)  values  (4103,1,250,'Y')
Insert into InvestigationFee(InvestigationID, OrgID, Amount,IsVariable)  values  (4104,1,250,'Y')
Insert into InvestigationFee(InvestigationID, OrgID, Amount,IsVariable)  values  (4105,1,250,'Y')
Insert into InvestigationFee(InvestigationID, OrgID, Amount,IsVariable)  values  (4106,1,250,'Y')
Insert into InvestigationFee(InvestigationID, OrgID, Amount,IsVariable)  values  (4107,1,250,'Y')
Insert into InvestigationFee(InvestigationID, OrgID, Amount,IsVariable)  values  (4108,1,250,'Y')
Insert into InvestigationFee(InvestigationID, OrgID, Amount,IsVariable)  values  (4109,1,250,'Y')
Insert into InvestigationFee(InvestigationID, OrgID, Amount,IsVariable)  values  (4110,1,250,'Y')
Insert into InvestigationFee(InvestigationID, OrgID, Amount,IsVariable)  values  (4111,1,250,'Y')
Insert into InvestigationFee(InvestigationID, OrgID, Amount,IsVariable)  values  (4112,1,250,'Y')
Insert into InvestigationFee(InvestigationID, OrgID, Amount,IsVariable)  values  (4113,1,250,'Y')
Insert into InvestigationFee(InvestigationID, OrgID, Amount,IsVariable)  values  (4114,1,250,'Y')
Insert into InvestigationFee(InvestigationID, OrgID, Amount,IsVariable)  values  (4115,1,250,'Y')
Insert into InvestigationFee(InvestigationID, OrgID, Amount,IsVariable)  values  (4116,1,250,'Y')
Insert into InvestigationFee(InvestigationID, OrgID, Amount,IsVariable)  values  (4117,1,250,'Y')
Insert into InvestigationFee(InvestigationID, OrgID, Amount,IsVariable)  values  (4118,1,250,'Y')
Insert into InvestigationFee(InvestigationID, OrgID, Amount,IsVariable)  values  (4119,1,250,'Y')
Insert into InvestigationFee(InvestigationID, OrgID, Amount,IsVariable)  values  (4120,1,250,'Y')
Insert into InvestigationFee(InvestigationID, OrgID, Amount,IsVariable)  values  (4121,1,250,'Y')
Insert into InvestigationFee(InvestigationID, OrgID, Amount,IsVariable)  values  (4122,1,250,'Y')
Insert into InvestigationFee(InvestigationID, OrgID, Amount,IsVariable)  values  (4123,1,250,'Y')
Insert into InvestigationFee(InvestigationID, OrgID, Amount,IsVariable)  values  (4124,1,250,'Y')
Insert into InvestigationFee(InvestigationID, OrgID, Amount,IsVariable)  values  (4127,1,250,'Y')
Insert into InvestigationFee(InvestigationID, OrgID, Amount,IsVariable)  values  (4128,1,250,'Y')
Insert into InvestigationFee(InvestigationID, OrgID, Amount,IsVariable)  values  (4129,1,250,'Y')
Insert into InvestigationFee(InvestigationID, OrgID, Amount,IsVariable)  values  (4130,1,250,'Y')
Insert into InvestigationFee(InvestigationID, OrgID, Amount,IsVariable)  values  (4131,1,250,'Y')
Insert into InvestigationFee(InvestigationID, OrgID, Amount,IsVariable)  values  (4132,1,250,'Y')
Insert into InvestigationFee(InvestigationID, OrgID, Amount,IsVariable)  values  (4133,1,250,'Y')
Insert into InvestigationFee(InvestigationID, OrgID, Amount,IsVariable)  values  (4134,1,250,'Y')
Insert into InvestigationFee(InvestigationID, OrgID, Amount,IsVariable)  values  (4135,1,250,'Y')
Insert into InvestigationFee(InvestigationID, OrgID, Amount,IsVariable)  values  (4136,1,250,'Y')
Insert into InvestigationFee(InvestigationID, OrgID, Amount,IsVariable)  values  (4137,1,250,'Y')
Insert into InvestigationFee(InvestigationID, OrgID, Amount,IsVariable)  values  (4138,1,250,'Y')
Insert into InvestigationFee(InvestigationID, OrgID, Amount,IsVariable)  values  (4139,1,250,'Y')
Insert into InvestigationFee(InvestigationID, OrgID, Amount,IsVariable)  values  (4140,1,250,'Y')
Insert into InvestigationFee(InvestigationID, OrgID, Amount,IsVariable)  values  (4141,1,250,'Y')
Insert into InvestigationFee(InvestigationID, OrgID, Amount,IsVariable)  values  (4081,1,250,'Y')
Go


Truncate Table OrganizationSpeciality

Insert into OrganizationSpeciality(OrgID,SpecialityID,Amount)   values(1,1,  0)
Insert into OrganizationSpeciality(OrgID,SpecialityID,Amount)   values(1,2,  0)
Insert into OrganizationSpeciality(OrgID,SpecialityID,Amount)   values(1,3,  0)
Insert into OrganizationSpeciality(OrgID,SpecialityID,Amount)   values(1,4,  0)
Insert into OrganizationSpeciality(OrgID,SpecialityID,Amount)   values(1,5,  0)
Insert into OrganizationSpeciality(OrgID,SpecialityID,Amount)   values(1,16,  0)
Go


Truncate table TaskEscalation
Insert into TaskEscalation(TaskActionID,EscalateToUserID,EscalateToRoleID,  OrgID,AllowedElaspsedTime) values(6,9,6,1,2)
Insert into TaskEscalation(TaskActionID,EscalateToUserID,EscalateToRoleID,  OrgID,AllowedElaspsedTime) values(7,9,6,1,2)
Insert into TaskEscalation(TaskActionID,EscalateToUserID,EscalateToRoleID,  OrgID,AllowedElaspsedTime) values(8,9,6,1,2)
Insert into TaskEscalation(TaskActionID,EscalateToUserID,EscalateToRoleID,  OrgID,AllowedElaspsedTime) values(9,9,6,1,2)
Insert into TaskEscalation(TaskActionID,EscalateToUserID,EscalateToRoleID,  OrgID,AllowedElaspsedTime) values(10,9,6,1,2)
Insert into TaskEscalation(TaskActionID,EscalateToUserID,EscalateToRoleID,  OrgID,AllowedElaspsedTime) values(11,9,6,1,2)
Insert into TaskEscalation(TaskActionID,EscalateToUserID,EscalateToRoleID,  OrgID,AllowedElaspsedTime) values(13,9,6,1,2)
Insert into TaskEscalation(TaskActionID,EscalateToUserID,EscalateToRoleID,  OrgID,AllowedElaspsedTime) values(14,9,6,1,2)
Insert into TaskEscalation(TaskActionID,EscalateToUserID,EscalateToRoleID,  OrgID,AllowedElaspsedTime) values(15,9,6,1,2)
Insert into TaskEscalation(TaskActionID,EscalateToUserID,EscalateToRoleID,  OrgID,AllowedElaspsedTime) values(16,9,6,1,2)
Insert into TaskEscalation(TaskActionID,EscalateToUserID,EscalateToRoleID,  OrgID,AllowedElaspsedTime) values(17,9,6,1,2)
Insert into TaskEscalation(TaskActionID,EscalateToUserID,EscalateToRoleID,  OrgID,AllowedElaspsedTime) values(18,9,6,1,2)
Insert into TaskEscalation(TaskActionID,EscalateToUserID,EscalateToRoleID,  OrgID,AllowedElaspsedTime) values(19,9,6,1,2)
Insert into TaskEscalation(TaskActionID,EscalateToUserID,EscalateToRoleID,  OrgID,AllowedElaspsedTime) values(20,9,6,1,2)
Go

Truncate table TaskActionOrgMapping

Insert into TaskActionOrgMapping(TaskActionID,RoleID,OrgID)  values(1,2,1)
Insert into TaskActionOrgMapping(TaskActionID,RoleID,OrgID)  values(2,5,1)
Insert into TaskActionOrgMapping(TaskActionID,RoleID,OrgID)  values(3,2,1)
Insert into TaskActionOrgMapping(TaskActionID,RoleID,OrgID)  values(4,2,1)
Insert into TaskActionOrgMapping(TaskActionID,RoleID,OrgID)  values(5,8,1)
Insert into TaskActionOrgMapping(TaskActionID,RoleID,OrgID)  values(6,8,1)
Insert into TaskActionOrgMapping(TaskActionID,RoleID,OrgID)  values(7,8,1)
Insert into TaskActionOrgMapping(TaskActionID,RoleID,OrgID)  values(8,8,1)
Insert into TaskActionOrgMapping(TaskActionID,RoleID,OrgID)  values(9,5,1)
Insert into TaskActionOrgMapping(TaskActionID,RoleID,OrgID)  values(10,3,1)
Insert into TaskActionOrgMapping(TaskActionID,RoleID,OrgID)  values(11,1,1)
Insert into TaskActionOrgMapping(TaskActionID,RoleID,OrgID)  values(12,1,1)
Insert into TaskActionOrgMapping(TaskActionID,RoleID,OrgID)  values(13,5,1)
Insert into TaskActionOrgMapping(TaskActionID,RoleID,OrgID)  values(14,5,1)
Insert into TaskActionOrgMapping(TaskActionID,RoleID,OrgID)  values(15,5,1)
Insert into TaskActionOrgMapping(TaskActionID,RoleID,OrgID)  values(17,5,1)
Insert into TaskActionOrgMapping(TaskActionID,RoleID,OrgID)  values(18,5,1)
Insert into TaskActionOrgMapping(TaskActionID,RoleID,OrgID)  values(19,5,1)
Insert into TaskActionOrgMapping(TaskActionID,RoleID,OrgID)  values(20,5,1)
Insert into TaskActionOrgMapping(TaskActionID,RoleID,OrgID)  Values(27,13,1)
Insert into TaskActionOrgMapping(TaskActionID,RoleID,OrgID)  Values(22,3,1)

--Insert into TaskActionOrgMapping(TaskActionID,RoleID,OrgID)  Values(21,5,1)
--Insert into TaskActionOrgMapping(TaskActionID,RoleID,OrgID)  Values(21,6,1)
Insert into TaskActionOrgMapping(TaskActionID,RoleID,OrgID)  Values(35,2,1)

Go

Truncate table VisitPurposeOrgMapping

Insert into VisitPurposeOrgMapping(VisitPurposeID,OrgID)  values(1,1)
Insert into VisitPurposeOrgMapping(VisitPurposeID,OrgID)  values(3,1)
Insert into VisitPurposeOrgMapping(VisitPurposeID,OrgID)  values(7,1)
Insert into VisitPurposeOrgMapping(VisitPurposeID,OrgID)  values(9,1)
Insert into VisitPurposeOrgMapping(VisitPurposeID,OrgID)  values(11,1)
Go

Truncate table invdeptmaster


insert into invdeptmaster  (Deptid,deptname,orgid)  values(1,'Lab',1)

Go



Truncate table RoleDeptMap
Insert into RoleDeptMap(RoleID,DeptID)  values(3,1)
GO



truncate table investigationstatus


insert into investigationstatus(orgid,status)  values(1,'Pending')
insert into investigationstatus(orgid,status)  values(1,'Completed')
insert into investigationstatus(orgid,status)  values(1,'Rejected')

GO


--Truncate table InvestigationHeader

--Insert into InvestigationHeader(HeaderID,HeaderName)  Values(1,'MicroBiology')
--Insert into InvestigationHeader(HeaderID,HeaderName)  Values(2,'Hematalogy')
--Insert into InvestigationHeader(HeaderID,HeaderName)  Values(3,'BioChemistry')
--Insert into InvestigationHeader(HeaderID,HeaderName)  Values(4,'Clinical Pathology')
--GO

Truncate table InvestigationOrgSampleStatus

INSERT INTO InvestigationOrgSampleStatus (OrgID, SampleStatus, SeqNo) values  (1, 'Paid', 1)
INSERT INTO InvestigationOrgSampleStatus (OrgID, SampleStatus, SeqNo) values  (1, 'SampleReceived', 2)
GO

--Truncate Table InvGroupMaster
--insert  into InvGroupMaster(GroupID,GroupName,Type,parentID,OrgID) values (1,'Renal function test','GRP',NULL,NULL)
--insert  into InvGroupMaster(GroupID,GroupName,Type,parentID,OrgID) values (2,'Liver function test','GRP',NULL,NULL)
--insert  into InvGroupMaster(GroupID,GroupName,Type,parentID,OrgID) values (3,'Serum Electrolytes','GRP',NULL,NULL)
--insert  into InvGroupMaster(GroupID,GroupName,Type,parentID,OrgID) values (4,'ToRCH Panel','GRP',NULL,NULL)
--insert  into InvGroupMaster(GroupID,GroupName,Type,parentID,OrgID) values (5,'Complete Blood Count','GRP',NULL,NULL)
--insert  into InvGroupMaster(GroupID,GroupName,Type,parentID,OrgID) values (6,'Coagulation Profile','GRP',NULL,NULL)
--insert  into InvGroupMaster(GroupID,GroupName,Type,parentID,OrgID) values (7,'Cardiac enzymes','GRP',NULL,NULL)
--insert  into InvGroupMaster(GroupID,GroupName,Type,parentID,OrgID) values (8,'Differential Leukocyte Count','GRP',5,NULL)
--insert  into InvGroupMaster(GroupID,GroupName,Type,parentID,OrgID) values (9,'Thyroid function test','GRP',NULL,NULL)
--insert  into InvGroupMaster(GroupID,GroupName,Type,parentID,OrgID) values (10,'Lipid profile','GRP',NULL,NULL)
--insert  into InvGroupMaster(GroupID,GroupName,Type,parentID,OrgID) values (11,'Serology','GRP',NULL,NULL)
--insert  into InvGroupMaster(GroupID,GroupName,Type,parentID,OrgID) values (12,'HIV','GRP',11,NULL)
--insert  into InvGroupMaster(GroupID,GroupName,Type,parentID,OrgID) values (13,'Hepatitis Virus','GRP',11,NULL)
--insert  into InvGroupMaster(GroupID,GroupName,Type,parentID,OrgID) values (14,'Tumor Markers','GRP',NULL,NULL)
--insert  into InvGroupMaster(GroupID,GroupName,Type,parentID,OrgID) values (15,'Urine analysis - Routine','GRP',NULL,NULL)
--insert  into InvGroupMaster(GroupID,GroupName,Type,parentID,OrgID) values (16,'Urine analysis - Microscopy','GRP',NULL,NULL)
--insert  into InvGroupMaster(GroupID,GroupName,Type,parentID,OrgID) values (17,'24-h Urine analysis','GRP',NULL,NULL)
--insert  into InvGroupMaster(GroupID,GroupName,Type,parentID,OrgID) values (18,'Spot Urine analysis','GRP',NULL,NULL)
--insert  into InvGroupMaster(GroupID,GroupName,Type,parentID,OrgID) values (19,'Stool analysis - Routine','GRP',NULL,NULL)
--insert  into InvGroupMaster(GroupID,GroupName,Type,parentID,OrgID) values (20,'Semen analysis','GRP',NULL,NULL)
--insert  into InvGroupMaster(GroupID,GroupName,Type,parentID,OrgID) values (21,'Ascitic fluid analysis ','GRP',8,NULL)
--insert  into InvGroupMaster(GroupID,GroupName,Type,parentID,OrgID) values (22,'Chemistry','GRP',NULL,NULL)
--insert  into InvGroupMaster(GroupID,GroupName,Type,parentID,OrgID) values (23,'Macroscopic Semen analysis','GRP',20,NULL)
--insert  into InvGroupMaster(GroupID,GroupName,Type,parentID,OrgID) values (24,'Microscopic Semen analysis','GRP',20,NULL)
--insert  into InvGroupMaster(GroupID,GroupName,Type,parentID,OrgID) values (25,'RBC','GRP',5,NULL)
--insert  into InvGroupMaster(GroupID,GroupName,Type,parentID,OrgID) values (26,'Platelets ','GRP',NULL,NULL)
--insert  into InvGroupMaster(GroupID,GroupName,Type,parentID,OrgID) values (27,'Motility','GRP',24,NULL)
--insert  into InvGroupMaster(GroupID,GroupName,Type,parentID,OrgID) values (28,'Peripheral Smear','GRP',NULL,NULL)
--Go


Truncate table InvGroupMapMaster
INSERT into InvGroupMapMaster(GROUPID,InvestigationID)values(1,3018)
INSERT into InvGroupMapMaster(GROUPID,InvestigationID)values(1,3019)
INSERT into InvGroupMapMaster(GROUPID,InvestigationID)values(2,3032)
INSERT into InvGroupMapMaster(GROUPID,InvestigationID)values(2,3033)
INSERT into InvGroupMapMaster(GROUPID,InvestigationID)values(2,3034)
INSERT into InvGroupMapMaster(GROUPID,InvestigationID)values(2,3040)
INSERT into InvGroupMapMaster(GROUPID,InvestigationID)values(2,3041)
INSERT into InvGroupMapMaster(GROUPID,InvestigationID)values(2,3035)
INSERT into InvGroupMapMaster(GROUPID,InvestigationID)values(2,3037)
INSERT into InvGroupMapMaster(GROUPID,InvestigationID)values(2,3038)
INSERT into InvGroupMapMaster(GROUPID,InvestigationID)values(2,3042)
INSERT into InvGroupMapMaster(GROUPID,InvestigationID)values(2,3043)
INSERT into InvGroupMapMaster(GROUPID,InvestigationID)values(2,3051)
INSERT into InvGroupMapMaster(GROUPID,InvestigationID)values(3,3003)
INSERT into InvGroupMapMaster(GROUPID,InvestigationID)values(3,3004)
INSERT into InvGroupMapMaster(GROUPID,InvestigationID)values(3,3005)
INSERT into InvGroupMapMaster(GROUPID,InvestigationID)values(3,3006)
INSERT into InvGroupMapMaster(GROUPID,InvestigationID)values(3,3007)
INSERT into InvGroupMapMaster(GROUPID,InvestigationID)values(3,3008)
INSERT into InvGroupMapMaster(GROUPID,InvestigationID)values(3,3009)
INSERT into InvGroupMapMaster(GROUPID,InvestigationID)values(4,1004)
INSERT into InvGroupMapMaster(GROUPID,InvestigationID)values(4,1005)
INSERT into InvGroupMapMaster(GROUPID,InvestigationID)values(4,1006)
INSERT into InvGroupMapMaster(GROUPID,InvestigationID)values(4,1007)
INSERT into InvGroupMapMaster(GROUPID,InvestigationID)values(4,1008)
INSERT into InvGroupMapMaster(GROUPID,InvestigationID)values(4,1009)
INSERT into InvGroupMapMaster(GROUPID,InvestigationID)values(4,1010)
INSERT into InvGroupMapMaster(GROUPID,InvestigationID)values(4,1011)
INSERT into InvGroupMapMaster(GROUPID,InvestigationID)values(5,2002)
INSERT into InvGroupMapMaster(GROUPID,InvestigationID)values(5,2014)
INSERT into InvGroupMapMaster(GROUPID,InvestigationID)values(25,2018)
INSERT into InvGroupMapMaster(GROUPID,InvestigationID)values(25,2019)
INSERT into InvGroupMapMaster(GROUPID,InvestigationID)values(5,2012)
--INSERT into InvGroupMapMaster(GROUPID,InvestigationID)values(5,2015)
INSERT into InvGroupMapMaster(GROUPID,InvestigationID)values(5,2003)
INSERT into InvGroupMapMaster(GROUPID,InvestigationID)values(5,2013)
INSERT into InvGroupMapMaster(GROUPID,InvestigationID)values(5,2058)
INSERT into InvGroupMapMaster(GROUPID,InvestigationID)values(8,2005)
INSERT into InvGroupMapMaster(GROUPID,InvestigationID)values(8,2006)
INSERT into InvGroupMapMaster(GROUPID,InvestigationID)values(8,2007)
INSERT into InvGroupMapMaster(GROUPID,InvestigationID)values(8,2008)
INSERT into InvGroupMapMaster(GROUPID,InvestigationID)values(8,2009)
INSERT into InvGroupMapMaster(GROUPID,InvestigationID)values(8,2010)
INSERT into InvGroupMapMaster(GROUPID,InvestigationID)values(5,2033)
INSERT into InvGroupMapMaster(GROUPID,InvestigationID)values(5,2034)
INSERT into InvGroupMapMaster(GROUPID,InvestigationID)values(5,2035)
INSERT into InvGroupMapMaster(GROUPID,InvestigationID)values(6,2043)
INSERT into InvGroupMapMaster(GROUPID,InvestigationID)values(6,2045)
INSERT into InvGroupMapMaster(GROUPID,InvestigationID)values(6,2047)
INSERT into InvGroupMapMaster(GROUPID,InvestigationID)values(6,2054)
INSERT into InvGroupMapMaster(GROUPID,InvestigationID)values(6,2053)
INSERT into InvGroupMapMaster(GROUPID,InvestigationID)values(6,2051)
INSERT into InvGroupMapMaster(GROUPID,InvestigationID)values(7,3046)
INSERT into InvGroupMapMaster(GROUPID,InvestigationID)values(7,3047)
INSERT into InvGroupMapMaster(GROUPID,InvestigationID)values(7,3048)
INSERT into InvGroupMapMaster(GROUPID,InvestigationID)values(7,3049)
INSERT into InvGroupMapMaster(GROUPID,InvestigationID)values(7,3050)
INSERT into InvGroupMapMaster(GROUPID,InvestigationID)values(7,3051)
INSERT into InvGroupMapMaster(GROUPID,InvestigationID)values(9,3079)
INSERT into InvGroupMapMaster(GROUPID,InvestigationID)values(9,3083)
INSERT into InvGroupMapMaster(GROUPID,InvestigationID)values(9,3084)
INSERT into InvGroupMapMaster(GROUPID,InvestigationID)values(9,3081)
INSERT into InvGroupMapMaster(GROUPID,InvestigationID)values(9,3080)
INSERT into InvGroupMapMaster(GROUPID,InvestigationID)values(9,3082)
INSERT into InvGroupMapMaster(GROUPID,InvestigationID)values(10,3053)
INSERT into InvGroupMapMaster(GROUPID,InvestigationID)values(10,3054)
INSERT into InvGroupMapMaster(GROUPID,InvestigationID)values(10,3055)
INSERT into InvGroupMapMaster(GROUPID,InvestigationID)values(10,3056)
INSERT into InvGroupMapMaster(GROUPID,InvestigationID)values(10,3057)
INSERT into InvGroupMapMaster(GROUPID,InvestigationID)values(12,4084)
INSERT into InvGroupMapMaster(GROUPID,InvestigationID)values(12,4085)
INSERT into InvGroupMapMaster(GROUPID,InvestigationID)values(13,4013)
INSERT into InvGroupMapMaster(GROUPID,InvestigationID)values(13,4127)
INSERT into InvGroupMapMaster(GROUPID,InvestigationID)values(13,4129)
INSERT into InvGroupMapMaster(GROUPID,InvestigationID)values(11,4089)
INSERT into InvGroupMapMaster(GROUPID,InvestigationID)values(14,3072)
INSERT into InvGroupMapMaster(GROUPID,InvestigationID)values(14,3073)
INSERT into InvGroupMapMaster(GROUPID,InvestigationID)values(14,3074)
INSERT into InvGroupMapMaster(GROUPID,InvestigationID)values(14,3075)
INSERT into InvGroupMapMaster(GROUPID,InvestigationID)values(14,3124)
INSERT into InvGroupMapMaster(GROUPID,InvestigationID)values(15,4003)
INSERT into InvGroupMapMaster(GROUPID,InvestigationID)values(15,4004)
INSERT into InvGroupMapMaster(GROUPID,InvestigationID)values(15,4005)
INSERT into InvGroupMapMaster(GROUPID,InvestigationID)values(15,4010)
INSERT into InvGroupMapMaster(GROUPID,InvestigationID)values(15,4011)
INSERT into InvGroupMapMaster(GROUPID,InvestigationID)values(15,4014)
INSERT into InvGroupMapMaster(GROUPID,InvestigationID)values(15,4016)
INSERT into InvGroupMapMaster(GROUPID,InvestigationID)values(15,4017)
INSERT into InvGroupMapMaster(GROUPID,InvestigationID)values(15,4018)
INSERT into InvGroupMapMaster(GROUPID,InvestigationID)values(15,4019)
INSERT into InvGroupMapMaster(GROUPID,InvestigationID)values(16,4030)
INSERT into InvGroupMapMaster(GROUPID,InvestigationID)values(16,4031)
INSERT into InvGroupMapMaster(GROUPID,InvestigationID)values(16,4028)
INSERT into InvGroupMapMaster(GROUPID,InvestigationID)values(16,4029)
INSERT into InvGroupMapMaster(GROUPID,InvestigationID)values(16,4027)
INSERT into InvGroupMapMaster(GROUPID,InvestigationID)values(16,4026)
INSERT into InvGroupMapMaster(GROUPID,InvestigationID)values(16,4011)
INSERT into InvGroupMapMaster(GROUPID,InvestigationID)values(17,4037)
INSERT into InvGroupMapMaster(GROUPID,InvestigationID)values(17,4038)
INSERT into InvGroupMapMaster(GROUPID,InvestigationID)values(17,4039)
INSERT into InvGroupMapMaster(GROUPID,InvestigationID)values(17,4040)
INSERT into InvGroupMapMaster(GROUPID,InvestigationID)values(17,4015)
INSERT into InvGroupMapMaster(GROUPID,InvestigationID)values(18,4020)
INSERT into InvGroupMapMaster(GROUPID,InvestigationID)values(18,4021)
INSERT into InvGroupMapMaster(GROUPID,InvestigationID)values(18,4022)
INSERT into InvGroupMapMaster(GROUPID,InvestigationID)values(18,4023)
INSERT into InvGroupMapMaster(GROUPID,InvestigationID)values(19,3128)
INSERT into InvGroupMapMaster(GROUPID,InvestigationID)values(19,3129)
INSERT into InvGroupMapMaster(GROUPID,InvestigationID)values(19,3130)
INSERT into InvGroupMapMaster(GROUPID,InvestigationID)values(19,3132)
INSERT into InvGroupMapMaster(GROUPID,InvestigationID)values(19,3133)
INSERT into InvGroupMapMaster(GROUPID,InvestigationID)values(19,3135)
INSERT into InvGroupMapMaster(GROUPID,InvestigationID)values(19,3134)
INSERT into InvGroupMapMaster(GROUPID,InvestigationID)values(19,3137)
INSERT into InvGroupMapMaster(GROUPID,InvestigationID)values(19,3131)
INSERT into InvGroupMapMaster(GROUPID,InvestigationID)values(21,4046)
INSERT into InvGroupMapMaster(GROUPID,InvestigationID)values(21,4051)
INSERT into InvGroupMapMaster(GROUPID,InvestigationID)values(21,4052)
INSERT into InvGroupMapMaster(GROUPID,InvestigationID)values(21,4053)
INSERT into InvGroupMapMaster(GROUPID,InvestigationID)values(21,4057)
INSERT into InvGroupMapMaster(GROUPID,InvestigationID)values(21,4058)
INSERT into InvGroupMapMaster(GROUPID,InvestigationID)values(21,4060)
INSERT into InvGroupMapMaster(GROUPID,InvestigationID)values(21,4061)
INSERT into InvGroupMapMaster(GROUPID,InvestigationID)values(21,4062)
INSERT into InvGroupMapMaster(GROUPID,InvestigationID)values(21,4063)
INSERT into InvGroupMapMaster(GROUPID,InvestigationID)values(21,4064)
INSERT into InvGroupMapMaster(GROUPID,InvestigationID)values(21,4065)
INSERT into InvGroupMapMaster(GROUPID,InvestigationID)values(23,4104)
INSERT into InvGroupMapMaster(GROUPID,InvestigationID)values(23,4105)
INSERT into InvGroupMapMaster(GROUPID,InvestigationID)values(23,4106)
INSERT into InvGroupMapMaster(GROUPID,InvestigationID)values(23,4107)
INSERT into InvGroupMapMaster(GROUPID,InvestigationID)values(23,4108)
INSERT into InvGroupMapMaster(GROUPID,InvestigationID)values(27,4112)
INSERT into InvGroupMapMaster(GROUPID,InvestigationID)values(27,4113)
INSERT into InvGroupMapMaster(GROUPID,InvestigationID)values(27,4114)
INSERT into InvGroupMapMaster(GROUPID,InvestigationID)values(27,4115)
INSERT into InvGroupMapMaster(GROUPID,InvestigationID)values(24,NULL)
INSERT into InvGroupMapMaster(GROUPID,InvestigationID)values(25,2020)
INSERT into InvGroupMapMaster(GROUPID,InvestigationID)values(25,2021)
INSERT into InvGroupMapMaster(GROUPID,InvestigationID)values(25,2022)
INSERT into InvGroupMapMaster(GROUPID,InvestigationID)values(5,2005)
INSERT into InvGroupMapMaster(GROUPID,InvestigationID)values(5,2006)
INSERT into InvGroupMapMaster(GROUPID,InvestigationID)values(5,2007)
INSERT into InvGroupMapMaster(GROUPID,InvestigationID)values(5,2008)
INSERT into InvGroupMapMaster(GROUPID,InvestigationID)values(5,2009)
INSERT into InvGroupMapMaster(GROUPID,InvestigationID)values(5,2010)
INSERT into InvGroupMapMaster(GROUPID,InvestigationID)values(5,2032)
INSERT into InvGroupMapMaster(GROUPID,InvestigationID)values(8,2011)
INSERT into InvGroupMapMaster(GROUPID,InvestigationID)values(8,2012)
INSERT into InvGroupMapMaster(GROUPID,InvestigationID)values(28,2018)
INSERT into InvGroupMapMaster(GROUPID,InvestigationID)values(28,2019)
INSERT into InvGroupMapMaster(GROUPID,InvestigationID)values(28,2024)
INSERT into InvGroupMapMaster(GROUPID,InvestigationID)values(28,2025)
INSERT into InvGroupMapMaster(GROUPID,InvestigationID)values(28,2026)
INSERT into InvGroupMapMaster(GROUPID,InvestigationID)values(28,2028)
INSERT into InvGroupMapMaster(GROUPID,InvestigationID)values(28,2029)
INSERT into InvGroupMapMaster(GROUPID,InvestigationID)values(28,2030)
INSERT into InvGroupMapMaster(GROUPID,InvestigationID)values(6,2015)
INSERT into InvGroupMapMaster(GROUPID,InvestigationID)values(6,2048)
INSERT into InvGroupMapMaster(GROUPID,InvestigationID)values(19,3136)
INSERT into InvGroupMapMaster(GROUPID,InvestigationID)values(11,4093)
INSERT into InvGroupMapMaster(GROUPID,InvestigationID)values(11,4092)
INSERT into InvGroupMapMaster(GROUPID,InvestigationID)values(11,4091)
INSERT into InvGroupMapMaster(GROUPID,InvestigationID)values(11,4090)
INSERT into InvGroupMapMaster(GROUPID,InvestigationID)values(11,4088)
INSERT into InvGroupMapMaster(GROUPID,InvestigationID)values(11,4087)
INSERT into InvGroupMapMaster(GROUPID,InvestigationID)values(15,4015)
INSERT into InvGroupMapMaster(GROUPID,InvestigationID)values(15,4021)
INSERT into InvGroupMapMaster(GROUPID,InvestigationID)values(15,4022)
INSERT into InvGroupMapMaster(GROUPID,InvestigationID)values(15,4023)
INSERT into InvGroupMapMaster(GROUPID,InvestigationID)values(15,4024)
INSERT into InvGroupMapMaster(GROUPID,InvestigationID)values(15,4007)
INSERT into InvGroupMapMaster(GROUPID,InvestigationID)values(15,4008)
INSERT into InvGroupMapMaster(GROUPID,InvestigationID)values(15,4150)
INSERT into InvGroupMapMaster(GROUPID,InvestigationID)values(15,4151)
INSERT into InvGroupMapMaster(GROUPID,InvestigationID)values(15,4152)
INSERT into InvGroupMapMaster(GROUPID,InvestigationID)values(15,4153)
INSERT into InvGroupMapMaster(GROUPID,InvestigationID)values(15,4155)
INSERT into InvGroupMapMaster(GROUPID,InvestigationID)values(15,4156)
INSERT into InvGroupMapMaster(GROUPID,InvestigationID)values(15,4154)
INSERT into InvGroupMapMaster(GROUPID,InvestigationID)values(17,4035)
INSERT into InvGroupMapMaster(GROUPID,InvestigationID)values(17,4036)
INSERT into InvGroupMapMaster(GROUPID,InvestigationID)values(17,4041)
INSERT into InvGroupMapMaster(GROUPID,InvestigationID)values(17,4042)
INSERT into InvGroupMapMaster(GROUPID,InvestigationID)values(17,4043)
INSERT into InvGroupMapMaster(GROUPID,InvestigationID)values(17,4044)
INSERT into InvGroupMapMaster(GROUPID,InvestigationID)values(20,4110)
INSERT into InvGroupMapMaster(GROUPID,InvestigationID)values(20,4116)
INSERT into InvGroupMapMaster(GROUPID,InvestigationID)values(20,4118)
INSERT into InvGroupMapMaster(GROUPID,InvestigationID)values(20,4119)
INSERT into InvGroupMapMaster(GROUPID,InvestigationID)values(20,4120)
INSERT into InvGroupMapMaster(GROUPID,InvestigationID)values(29,4720)
INSERT into InvGroupMapMaster(GROUPID,InvestigationID)values(29,4721)
INSERT into InvGroupMapMaster(GROUPID,InvestigationID)values(29,4722)
INSERT into InvGroupMapMaster(GROUPID,InvestigationID)values(29,4723)
INSERT into InvGroupMapMaster(GROUPID,InvestigationID)values(29,4724)
Go

Truncate table ComplaintGroupOrgMapping
INSERT INTO ComplaintGroupOrgMapping(CompiantInvID,INVGroupID,OrgID) VALUES (1, 1, 1)
INSERT INTO ComplaintGroupOrgMapping(CompiantInvID,INVGroupID,OrgID) VALUES (2, 2, 1)
INSERT INTO ComplaintGroupOrgMapping(CompiantInvID,INVGroupID,OrgID) VALUES (3, 3, 1)
INSERT INTO ComplaintGroupOrgMapping(CompiantInvID,INVGroupID,OrgID) VALUES (4, 4, 1)
INSERT INTO ComplaintGroupOrgMapping(CompiantInvID,INVGroupID,OrgID) VALUES (5, 5, 1)
INSERT INTO ComplaintGroupOrgMapping(CompiantInvID,INVGroupID,OrgID) VALUES (6, 6, 1)
INSERT INTO ComplaintGroupOrgMapping(CompiantInvID,INVGroupID,OrgID) VALUES (9, 7, 1)
INSERT INTO ComplaintGroupOrgMapping(CompiantInvID,INVGroupID,OrgID) VALUES (11, 11, 1)
INSERT INTO ComplaintGroupOrgMapping(CompiantInvID,INVGroupID,OrgID) VALUES (12, 12, 1)
INSERT INTO ComplaintGroupOrgMapping(CompiantInvID,INVGroupID,OrgID) VALUES (15, 15, 1)
INSERT INTO ComplaintGroupOrgMapping(CompiantInvID,INVGroupID,OrgID) VALUES (16, 16, 1)
INSERT INTO ComplaintGroupOrgMapping(CompiantInvID,INVGroupID,OrgID) VALUES (28, 28, 1)
INSERT INTO ComplaintGroupOrgMapping(CompiantInvID,INVGroupID,OrgID) VALUES (29, 29, 1)


GO

Truncate table InvClientMaster
INSERT INTO InvClientMaster(ClientID,orgid,clientname,clienttypeid,type)VALUES(2001,1,'QH1 Op',1,NULL)

GO

Truncate table	InvOrgGroup

INSERT INTO InvOrgGroup (AttGroupID, OrgGroupID, OrgID) VALUES (1, 1, 1)
INSERT INTO InvOrgGroup (AttGroupID, OrgGroupID, OrgID) VALUES (2, 2, 1)
INSERT INTO InvOrgGroup (AttGroupID, OrgGroupID, OrgID) VALUES (3, 3, 1)
INSERT INTO InvOrgGroup (AttGroupID, OrgGroupID, OrgID) VALUES (4, 4, 1)
INSERT INTO InvOrgGroup (AttGroupID, OrgGroupID, OrgID) VALUES (5, 5, 1)
INSERT INTO InvOrgGroup (AttGroupID, OrgGroupID, OrgID) VALUES (6, 6, 1)
INSERT INTO InvOrgGroup (AttGroupID, OrgGroupID, OrgID) VALUES (7, 7, 1)
INSERT INTO InvOrgGroup (AttGroupID, OrgGroupID, OrgID) VALUES (8, 8, 1)
INSERT INTO InvOrgGroup (AttGroupID, OrgGroupID, OrgID) VALUES (9, 9, 1)
INSERT INTO InvOrgGroup (AttGroupID, OrgGroupID, OrgID) VALUES (10, 10, 1)
INSERT INTO InvOrgGroup (AttGroupID, OrgGroupID, OrgID) VALUES (11, 11, 1)
INSERT INTO InvOrgGroup (AttGroupID, OrgGroupID, OrgID) VALUES (12, 12, 1)
INSERT INTO InvOrgGroup (AttGroupID, OrgGroupID, OrgID) VALUES (13, 13, 1)
INSERT INTO InvOrgGroup (AttGroupID, OrgGroupID, OrgID) VALUES (14, 14, 1)
INSERT INTO InvOrgGroup (AttGroupID, OrgGroupID, OrgID) VALUES (15, 15, 1)
INSERT INTO InvOrgGroup (AttGroupID, OrgGroupID, OrgID) VALUES (16, 16, 1)
INSERT INTO InvOrgGroup (AttGroupID, OrgGroupID, OrgID) VALUES (17, 17, 1)
INSERT INTO InvOrgGroup (AttGroupID, OrgGroupID, OrgID) VALUES (18, 18, 1)
INSERT INTO InvOrgGroup (AttGroupID, OrgGroupID, OrgID) VALUES (19, 19, 1)
INSERT INTO InvOrgGroup (AttGroupID, OrgGroupID, OrgID) VALUES (20, 20, 1)
INSERT INTO InvOrgGroup (AttGroupID, OrgGroupID, OrgID) VALUES (21, 21, 1)
INSERT INTO InvOrgGroup (AttGroupID, OrgGroupID, OrgID) VALUES (22, 22, 1)
INSERT INTO InvOrgGroup (AttGroupID, OrgGroupID, OrgID) VALUES (23, 23, 1)
INSERT INTO InvOrgGroup (AttGroupID, OrgGroupID, OrgID) VALUES (24, 24, 1)
INSERT INTO InvOrgGroup (AttGroupID, OrgGroupID, OrgID) VALUES (25, 25, 1)
INSERT INTO InvOrgGroup (AttGroupID, OrgGroupID, OrgID) VALUES (26, 26, 1)
INSERT INTO InvOrgGroup (AttGroupID, OrgGroupID, OrgID) VALUES (27, 27, 1)
INSERT INTO InvOrgGroup (AttGroupID, OrgGroupID, OrgID) VALUES (28, 28, 1)
INSERT INTO InvOrgGroup (AttGroupID, OrgGroupID, OrgID) VALUES (29, 29, 1)

GO



truncate table ReportOrgMapping

insert into ReportOrgMapping (ReportID,RoleID,OrgID)values(1,6,1)
insert into ReportOrgMapping (ReportID,RoleID,OrgID)values(2,6,1)
insert into ReportOrgMapping (ReportID,RoleID,OrgID)values(3,6,1)
--insert into ReportOrgMapping (ReportID,RoleID,OrgID)values(4,6,1)
--insert into ReportOrgMapping (ReportID,RoleID,OrgID)values(5,6,1)
GO

DELETE FROM VitalsPageOptions WHERE OrgId = 1
insert into VitalsPageOptions (ActionID, ActionName, RoleID, PageID, OrgId) Values (1, 'Baseline Screening History (Gynac)', 2, 39, 1)
GO

Truncate Table IPPaymentsRoleMapping
Insert into IPPaymentsRoleMapping (IpPaymentsID,Roleid) Values(1,2)
Insert into IPPaymentsRoleMapping (IpPaymentsID,Roleid) Values(2,2)
Insert into IPPaymentsRoleMapping (IpPaymentsID,Roleid) Values(3,2)
Insert into IPPaymentsRoleMapping (IpPaymentsID,Roleid) Values(4,2)
Insert into IPPaymentsRoleMapping (IpPaymentsID,Roleid) Values(9,2)

Insert into IPPaymentsRoleMapping (IpPaymentsID,Roleid) Values(1,5)
Insert into IPPaymentsRoleMapping (IpPaymentsID,Roleid) Values(2,5)
Insert into IPPaymentsRoleMapping (IpPaymentsID,Roleid) Values(3,5)
Insert into IPPaymentsRoleMapping (IpPaymentsID,Roleid) Values(4,5)
Insert into IPPaymentsRoleMapping (IpPaymentsID,Roleid) Values(5,5)
Insert into IPPaymentsRoleMapping (IpPaymentsID,Roleid) Values(6,5)
Insert into IPPaymentsRoleMapping (IpPaymentsID,Roleid) Values(7,5)
Insert into IPPaymentsRoleMapping (IpPaymentsID,Roleid) Values(8,5)

INSERT INTO IPPaymentsRoleMapping (IpPaymentsID,Roleid)VALUES(10,2)
INSERT INTO IPPaymentsRoleMapping (IpPaymentsID,Roleid)VALUES(10,5)

GO

INSERT INTO CashExpenseMaster(HeadName ,OrgID, HeadDesc) VALUES ('Physician',1,'PHY')
INSERT INTO CashExpenseMaster(HeadName ,OrgID, HeadDesc ) VALUES ('Staff Welfare',1,'STW')
INSERT INTO CashExpenseMaster(HeadName ,OrgID, HeadDesc ) VALUES ('Postage',1,'POS')
INSERT INTO CashExpenseMaster(HeadName ,OrgID, HeadDesc ) VALUES ('Hospitality ',1,'HOP')
INSERT INTO CashExpenseMaster(HeadName ,OrgID, HeadDesc ) VALUES ('Travelling',1,'TRV')
INSERT INTO CashExpenseMaster(HeadName ,OrgID, HeadDesc ) VALUES ('Printing',1,'PRT')
INSERT INTO CashExpenseMaster(HeadName ,OrgID, HeadDesc ) VALUES ('Others',1,'OTH')

GO

TRUNCATE TABLE ActionRoleMapping

INSERT INTO ActionRoleMapping (ActionID, RoleID, RedirectPageID, SearchTypeID) VALUES (1, 5,	73, 11)
INSERT INTO ActionRoleMapping (ActionID, RoleID, RedirectPageID, SearchTypeID) VALUES (1, 5,	73, 19)
INSERT INTO ActionRoleMapping (ActionID, RoleID, RedirectPageID, SearchTypeID) VALUES (3, 5,	54, 12)
INSERT INTO ActionRoleMapping (ActionID, RoleID, RedirectPageID, SearchTypeID) VALUES (3, 2,	54, 12)
INSERT INTO ActionRoleMapping (ActionID, RoleID, RedirectPageID, SearchTypeID) VALUES (5, 5,	80, 5)
INSERT INTO ActionRoleMapping (ActionID, RoleID, RedirectPageID, SearchTypeID) VALUES (6, 5,	76, 5)
INSERT INTO ActionRoleMapping (ActionID, RoleID, RedirectPageID, SearchTypeID) VALUES (6, 6,	76, 5)
INSERT INTO ActionRoleMapping (ActionID, RoleID, RedirectPageID, SearchTypeID) VALUES (6, 5,	50,	12)
INSERT INTO ActionRoleMapping (ActionID, RoleID, RedirectPageID, SearchTypeID) VALUES (9, 3,	65, 12)
INSERT INTO ActionRoleMapping (ActionID, RoleID, RedirectPageID, SearchTypeID) VALUES (11, 2,	6, 10)
INSERT INTO ActionRoleMapping (ActionID, RoleID, RedirectPageID, SearchTypeID) VALUES (11, 2,	6, 19)
INSERT INTO ActionRoleMapping (ActionID, RoleID, RedirectPageID, SearchTypeID) VALUES (12, 8,	7, 10)
INSERT INTO ActionRoleMapping (ActionID, RoleID, RedirectPageID, SearchTypeID) VALUES (12, 8,	23,10)
INSERT INTO ActionRoleMapping (ActionID, RoleID, RedirectPageID, SearchTypeID) VALUES (14, 2,	58, 12)
INSERT INTO ActionRoleMapping (ActionID, RoleID, RedirectPageID, SearchTypeID) VALUES (16, 5,	29, 10)
INSERT INTO ActionRoleMapping (ActionID, RoleID, RedirectPageID, SearchTypeID) VALUES (17, 2,	57, 12)
INSERT INTO ActionRoleMapping (ActionID, RoleID, RedirectPageID, SearchTypeID) VALUES (19, 1,	44, 19)
INSERT INTO ActionRoleMapping (ActionID, RoleID, RedirectPageID, SearchTypeID) VALUES (21, 5,   2, 10)
INSERT INTO ActionRoleMapping (ActionID, RoleID, RedirectPageID, SearchTypeID) VALUES (23, 6,	56,	6)
INSERT INTO ActionRoleMapping (ActionID, RoleID, RedirectPageID, SearchTypeID) VALUES (23, 5,	56,	6)
INSERT INTO ActionRoleMapping (ActionID, RoleID, RedirectPageID, SearchTypeID) VALUES (24, 5,	51,	12)
INSERT INTO ActionRoleMapping (ActionID, RoleID, RedirectPageID, SearchTypeID) VALUES (26, 5,	52,	5)
INSERT INTO ActionRoleMapping (ActionID, RoleID, RedirectPageID, SearchTypeID) VALUES (26, 2,	52,	5)
INSERT INTO ActionRoleMapping (ActionID, RoleID, RedirectPageID, SearchTypeID) VALUES (27, 5,	52,	12)
INSERT INTO ActionRoleMapping (ActionID, RoleID, RedirectPageID, SearchTypeID) VALUES (29, 5,	3,	10)
INSERT INTO ActionRoleMapping (ActionID, RoleID, RedirectPageID, SearchTypeID) VALUES (32, 5,	38,	 11)
INSERT INTO ActionRoleMapping (ActionID, RoleID, RedirectPageID, SearchTypeID) VALUES (33, 3,	66,	12)
INSERT INTO ActionRoleMapping (ActionID, RoleID, RedirectPageID, SearchTypeID) VALUES (34, 5,	28,	11)
INSERT INTO ActionRoleMapping (ActionID, RoleID, RedirectPageID, SearchTypeID) VALUES (35, 5,	28,	11)
INSERT INTO ActionRoleMapping (ActionID, RoleID, RedirectPageID, SearchTypeID) VALUES (36, 5,	28,	11)
INSERT INTO ActionRoleMapping (ActionID, RoleID, RedirectPageID, SearchTypeID) VALUES (41, 6,	47,	10)
INSERT INTO ActionRoleMapping (ActionID, RoleID, RedirectPageID, SearchTypeID) VALUES (42, 5,	55,	4)
INSERT INTO ActionRoleMapping (ActionID, RoleID, RedirectPageID, SearchTypeID) VALUES (42, 3,	55,	11)
INSERT INTO ActionRoleMapping (ActionID, RoleID, RedirectPageID, SearchTypeID) VALUES (49, 5,	53,	5)
INSERT INTO ActionRoleMapping (ActionID, RoleID, RedirectPageID, SearchTypeID) VALUES (49, 5,	53,	12)
INSERT INTO ActionRoleMapping (ActionID, RoleID, RedirectPageID, SearchTypeID) VALUES (50, 1,	7, 10)
INSERT INTO ActionRoleMapping (ActionID, RoleID, RedirectPageID, SearchTypeID) VALUES (51, 5, 18, 10)
INSERT INTO ActionRoleMapping (ActionID, RoleID, RedirectPageID, SearchTypeID) VALUES (51, 3, 18, 10)
INSERT INTO ActionRoleMapping (ActionID, RoleID, RedirectPageID, SearchTypeID) VALUES (51, 5, 18, 12)
INSERT INTO ActionRoleMapping (ActionID, RoleID, RedirectPageID, SearchTypeID) VALUES (51, 3, 18, 12)
INSERT INTO ActionRoleMapping (ActionID, RoleID, RedirectPageID, SearchTypeID) VALUES (39, 5,	28,	11)
INSERT INTO ActionRoleMapping (ActionID, RoleID, RedirectPageID, SearchTypeID) VALUES (52, 5,	148,10)
Insert into ActionRoleMapping (ActionID,RoleID,RedirectPageID,SearchTypeID) Values (53,1,224,19)
Insert into ActionRoleMapping (ActionID,RoleID,RedirectPageID,SearchTypeID) Values (32,1,38,19)

GO

DELETE FROM PageActionMapping WHERE OwnerOrgID = 1

INSERT INTO PageActionMapping (PageActionID, OwnerOrgID, SharedOrgID) VALUES (1, 1, 1)
INSERT INTO PageActionMapping (PageActionID, OwnerOrgID, SharedOrgID) VALUES (2, 1, 1)
INSERT INTO PageActionMapping (PageActionID, OwnerOrgID, SharedOrgID) VALUES (3, 1, 1)
INSERT INTO PageActionMapping (PageActionID, OwnerOrgID, SharedOrgID) VALUES (4, 1, 1)
INSERT INTO PageActionMapping (PageActionID, OwnerOrgID, SharedOrgID) VALUES (5, 1, 1)
INSERT INTO PageActionMapping (PageActionID, OwnerOrgID, SharedOrgID) VALUES (6, 1, 1)
INSERT INTO PageActionMapping (PageActionID, OwnerOrgID, SharedOrgID) VALUES (7, 1, 1)
INSERT INTO PageActionMapping (PageActionID, OwnerOrgID, SharedOrgID) VALUES (8, 1, 1)
INSERT INTO PageActionMapping (PageActionID, OwnerOrgID, SharedOrgID) VALUES (9, 1, 1)
INSERT INTO PageActionMapping (PageActionID, OwnerOrgID, SharedOrgID) VALUES (10, 1, 1)
INSERT INTO PageActionMapping (PageActionID, OwnerOrgID, SharedOrgID) VALUES (11, 1, 1)
INSERT INTO PageActionMapping (PageActionID, OwnerOrgID, SharedOrgID) VALUES (12, 1, 1)
INSERT INTO PageActionMapping (PageActionID, OwnerOrgID, SharedOrgID) VALUES (13, 1, 1)
INSERT INTO PageActionMapping (PageActionID, OwnerOrgID, SharedOrgID) VALUES (14, 1, 1)
INSERT INTO PageActionMapping (PageActionID, OwnerOrgID, SharedOrgID) VALUES (15, 1, 1)
INSERT INTO PageActionMapping (PageActionID, OwnerOrgID, SharedOrgID) VALUES (16, 1, 1)
INSERT INTO PageActionMapping (PageActionID, OwnerOrgID, SharedOrgID) VALUES (17, 1, 1)
INSERT INTO PageActionMapping (PageActionID, OwnerOrgID, SharedOrgID) VALUES (18, 1, 1)
INSERT INTO PageActionMapping (PageActionID, OwnerOrgID, SharedOrgID) VALUES (19, 1, 1)
INSERT INTO PageActionMapping (PageActionID, OwnerOrgID, SharedOrgID) VALUES (20, 1, 1)
INSERT INTO PageActionMapping (PageActionID, OwnerOrgID, SharedOrgID) VALUES (21, 1, 1)
INSERT INTO PageActionMapping (PageActionID, OwnerOrgID, SharedOrgID) VALUES (22, 1, 1)
INSERT INTO PageActionMapping (PageActionID, OwnerOrgID, SharedOrgID) VALUES (23, 1, 1)
INSERT INTO PageActionMapping (PageActionID, OwnerOrgID, SharedOrgID) VALUES (24, 1, 1)
INSERT INTO PageActionMapping (PageActionID, OwnerOrgID, SharedOrgID) VALUES (25, 1, 1)
INSERT INTO PageActionMapping (PageActionID, OwnerOrgID, SharedOrgID) VALUES (26, 1, 1)
INSERT INTO PageActionMapping (PageActionID, OwnerOrgID, SharedOrgID) VALUES (27, 1, 1)
INSERT INTO PageActionMapping (PageActionID, OwnerOrgID, SharedOrgID) VALUES (28, 1, 1)
INSERT INTO PageActionMapping (PageActionID, OwnerOrgID, SharedOrgID) VALUES (29, 1, 1)
INSERT INTO PageActionMapping (PageActionID, OwnerOrgID, SharedOrgID) VALUES (30, 1, 1)
INSERT INTO PageActionMapping (PageActionID, OwnerOrgID, SharedOrgID) VALUES (31, 1, 1)
INSERT INTO PageActionMapping (PageActionID, OwnerOrgID, SharedOrgID) VALUES (32, 1, 1)
INSERT INTO PageActionMapping (PageActionID, OwnerOrgID, SharedOrgID) VALUES (33, 1, 1)
INSERT INTO PageActionMapping (PageActionID, OwnerOrgID, SharedOrgID) VALUES (34, 1, 1)
INSERT INTO PageActionMapping (PageActionID, OwnerOrgID, SharedOrgID) VALUES (35, 1, 1)
INSERT INTO PageActionMapping (PageActionID, OwnerOrgID, SharedOrgID) VALUES (36, 1, 1)
INSERT INTO PageActionMapping (PageActionID, OwnerOrgID, SharedOrgID) VALUES (37, 1, 1)
INSERT INTO PageActionMapping (PageActionID, OwnerOrgID, SharedOrgID) VALUES (38, 1, 1)
INSERT INTO PageActionMapping (PageActionID, OwnerOrgID, SharedOrgID) VALUES (39, 1, 1)
INSERT INTO PageActionMapping (PageActionID, OwnerOrgID, SharedOrgID) VALUES (40, 1, 1)
INSERT INTO PageActionMapping (PageActionID, OwnerOrgID, SharedOrgID) VALUES (41, 1, 1)
INSERT INTO PageActionMapping (PageActionID, OwnerOrgID, SharedOrgID) VALUES (42, 1, 1)
INSERT INTO PageActionMapping (PageActionID, OwnerOrgID, SharedOrgID) VALUES (43, 1, 1)
INSERT INTO PageActionMapping (PageActionID, OwnerOrgID, SharedOrgID) VALUES (44, 1, 1)
INSERT INTO PageActionMapping (PageActionID, OwnerOrgID, SharedOrgID) VALUES (45, 1, 1)
INSERT INTO PageActionMapping (PageActionID, OwnerOrgID, SharedOrgID) VALUES (46, 1, 1)
INSERT INTO PageActionMapping (PageActionID, OwnerOrgID, SharedOrgID) VALUES (47, 1, 1)
INSERT INTO PageActionMapping (PageActionID, OwnerOrgID, SharedOrgID) VALUES (48, 1, 1)
INSERT INTO PageActionMapping (PageActionID, OwnerOrgID, SharedOrgID) VALUES (49, 1, 1)
INSERT INTO PageActionMapping (PageActionID, OwnerOrgID, SharedOrgID) VALUES (50, 1, 1)
INSERT INTO PageActionMapping (PageActionID, OwnerOrgID, SharedOrgID) VALUES (51, 1, 1)
INSERT INTO PageActionMapping (PageActionID, OwnerOrgID, SharedOrgID) VALUES (52, 1, 1)
INSERT INTO PageActionMapping (PageActionID, OwnerOrgID, SharedOrgID) VALUES (53, 1, 1)
INSERT INTO PageActionMapping (PageActionID, OwnerOrgID, SharedOrgID) VALUES (54, 1, 1)
INSERT INTO PageActionMapping (PageActionID, OwnerOrgID, SharedOrgID) VALUES (55, 1, 1)
INSERT INTO PageActionMapping (PageActionID, OwnerOrgID, SharedOrgID) VALUES (56, 1, 1)
INSERT INTO PageActionMapping (PageActionID, OwnerOrgID, SharedOrgID) VALUES (57, 1, 1)
INSERT INTO PageActionMapping (PageActionID, OwnerOrgID, SharedOrgID) VALUES (58, 1, 1)
INSERT INTO PageActionMapping (PageActionID, OwnerOrgID, SharedOrgID) VALUES (59, 1, 1)
INSERT INTO PageActionMapping (PageActionID, OwnerOrgID, SharedOrgID) VALUES (60, 1, 1)
INSERT INTO PageActionMapping (PageActionID, OwnerOrgID, SharedOrgID) VALUES (61, 1, 1)
INSERT INTO PageActionMapping (PageActionID, OwnerOrgID, SharedOrgID) VALUES (62, 1, 1)
INSERT INTO PageActionMapping (PageActionID, OwnerOrgID, SharedOrgID) VALUES (63, 1, 1)
INSERT INTO PageActionMapping (PageActionID,OwnerOrgID,SharedOrgID) VALUES (64,1,1)

GO