/* Login  */
delete From Login where OrgID ='12'
Insert into Login(loginID,LoginName,Password,  IsLocked,OrgID,Status)values(142,'gautham142','gautham','N',12,  'A')
Insert into Login(loginID,LoginName,Password,  IsLocked,OrgID,Status)values(143,'balamurugan143','balamurugan','N',12,  'A')
Insert into Login(loginID,LoginName,Password,  IsLocked,OrgID,Status)values(144,'jayakumar144','jayakumar','N',12,  'A')
Insert into Login(loginID,LoginName,Password,  IsLocked,OrgID,Status)values(145,'gopinath145','gopinath','N',12,  'A')
Insert into Login(loginID,LoginName,Password,  IsLocked,OrgID,Status)values(146,'neochurch146','neochurch','N',12,  'A')
Insert into Login(loginID,LoginName,Password,  IsLocked,OrgID,Status)values(147,'suraj147','suraj','N',12,  'A')
Insert into Login(loginID,LoginName,Password,  IsLocked,OrgID,Status)values(148,'akilasamy148','akilasamy','N',12,  'A')
Insert into Login(loginID,LoginName,Password,  IsLocked,OrgID,Status)values(149,'karpagam149','karpagam','N',12,  'A')
Insert into Login(loginID,LoginName,Password,  IsLocked,OrgID,Status)values(150,'ananthasamy150','ananthasamy','N',12,  'A')
Insert into Login(loginID,LoginName,Password,  IsLocked,OrgID,Status)values(151,'vasudevan151','vasudevan','N',12,  'A')
Insert into Login(loginID,LoginName,Password,  IsLocked,OrgID,Status)values(152,'chandramouli152','chandramouli','N',12,  'A')
Insert into Login(loginID,LoginName,Password,  IsLocked,OrgID,Status)values(153,'sukumar153','sukumar','N',12,  'A')
Insert into Login(loginID,LoginName,Password,  IsLocked,OrgID,Status)values(154,'deepakkumar154','deepakkumar','N',12,  'A')
Insert into Login(loginID,LoginName,Password,  IsLocked,OrgID,Status)values(155,'venkatraman155','venkatraman','N',12,  'A')
Insert into Login(loginID,LoginName,Password,  IsLocked,OrgID,Status)values(156,'kripashankar156','kripashankar','N',12,  'A')
Insert into Login(loginID,LoginName,Password,  IsLocked,OrgID,Status)values(157,'manikandan157','manikandan','N',12,  'A')
Insert into Login(loginID,LoginName,Password,  IsLocked,OrgID,Status)values(158,'porkodi158','porkodi','N',12,  'A')
Insert into Login(loginID,LoginName,Password,  IsLocked,OrgID,Status)values(159,'joseph159','joseph','N',12,  'A')
Insert into Login(loginID,LoginName,Password,  IsLocked,OrgID,Status)values(160,'raghuraman160','raghuraman','N',12,  'A')
Insert into Login(loginID,LoginName,Password,  IsLocked,OrgID,Status)values(161,'sivaranjani161','sivaranjani','N',12,  'A')
Insert into Login(loginID,LoginName,Password,  IsLocked,OrgID,Status)values(162,'thirumalai162','thirumalai','N',12,  'A')
Insert into Login(loginID,LoginName,Password,  IsLocked,OrgID,Status)values(163,'socrates163','socrates','N',12,  'A')
Insert into Login(loginID,LoginName,Password,  IsLocked,OrgID,Status)values(164,'saravanan164','saravanan','N',12,  'A')
Insert into Login(loginID,LoginName,Password,  IsLocked,OrgID,Status)values(165,'sundar165','sundar','N',12,  'A')
Insert into Login(loginID,LoginName,Password,  IsLocked,OrgID,Status)values(166,'senthilkumar166','senthilkumar','N',12,  'A')
Insert into Login(loginID,LoginName,Password,  IsLocked,OrgID,Status)values(167,'surendran167','surendran','N',12,  'A')
Insert into Login(loginID,LoginName,Password,  IsLocked,OrgID,Status)values(168,'rajkumar168','rajkumar','N',12,  'A')
Insert into Login(loginID,LoginName,Password,  IsLocked,OrgID,Status)values(169,'dominik169','dominik','N',12,  'A')
Insert into Login(loginID,LoginName,Password,  IsLocked,OrgID,Status)values(170,'varadarajan170','varadarajan','N',12,  'A')
Insert into Login(loginID,LoginName,Password,  IsLocked,OrgID,Status)values(171,'umaranjith171','umaranjith','N',12,  'A')
Insert into Login(loginID,LoginName,Password,  IsLocked,OrgID,Status)values(172,'vimala172','vimala','N',12,  'A')
Insert into Login(loginID,LoginName,Password,  IsLocked,OrgID,Status)values(173,'sivakumar173','sivakumar','N',12,  'A')
Insert into Login(loginID,LoginName,Password,  IsLocked,OrgID,Status)values(174,'ameenakhan174','ameenakhan','N',12,  'A')
Insert into Login(loginID,LoginName,Password,  IsLocked,OrgID,Status)values(175,'thangamani175','thangamani','N',12,  'A')
Insert into Login(loginID,LoginName,Password,  IsLocked,OrgID,Status)values(176,'deepalakshmi176','deepalakshmi','N',12,  'A')
Insert into Login(loginID,LoginName,Password,  IsLocked,OrgID,Status)values(177,'selvi177','selvi','N',12,  'A')
Insert into Login(loginID,LoginName,Password,  IsLocked,OrgID,Status)values(178,'prema178','prema','N',12,  'A')
Insert into Login(loginID,LoginName,Password,  IsLocked,OrgID,Status)values(179,'batrakali179','batrakali','N',12,  'A')
Insert into Login(loginID,LoginName,Password,  IsLocked,OrgID,Status)values(180,'kalaidevi180','kalaidevi','N',12,  'A')
Insert into Login(loginID,LoginName,Password,  IsLocked,OrgID,Status)values(181,'vijayalakshmi181','vijayalakshmi','N',12,  'A')
Insert into Login(loginID,LoginName,Password,  IsLocked,OrgID,Status)values(182,'usharani182','usharani','N',12,  'A')
Insert into Login(loginID,LoginName,Password,  IsLocked,OrgID,Status)values(183,'regila183','regila','N',12,  'A')
Insert into Login(loginID,LoginName,Password,  IsLocked,OrgID,Status)values(184,'komala184','komala','N',12,  'A')
Insert into Login(loginID,LoginName,Password,  IsLocked,OrgID,Status)values(185,'aadhilakshmi185','aadhilakshmi','N',12,  'A')
Insert into Login(loginID,LoginName,Password,  IsLocked,OrgID,Status)values(186,'rajam186','rajam','N',12,  'A')
Insert into Login(loginID,LoginName,Password,  IsLocked,OrgID,Status)values(187,'sabitha187','sabitha','N',12,  'A')
Insert into Login(loginID,LoginName,Password,  IsLocked,OrgID,Status)values(188,'abitha188','abitha','N',12,  'A')
Insert into Login(loginID,LoginName,Password,  IsLocked,OrgID,Status)values(189,'subhashini189','subhashini','N',12,  'A')
Insert into Login(loginID,LoginName,Password,  IsLocked,OrgID,Status)values(190,'pushpa190','pushpa','N',12,  'A')
Insert into Login(loginID,LoginName,Password,  IsLocked,OrgID,Status)values(191,'shajila191','shajila','N',12,  'A')
Insert into Login(loginID,LoginName,Password,  IsLocked,OrgID,Status)values(192,'jisha192','jisha','N',12,  'A')
Insert into Login(loginID,LoginName,Password,  IsLocked,OrgID,Status)values(193,'kamakshi193','kamakshi','N',12,  'A')
Insert into Login(loginID,LoginName,Password,  IsLocked,OrgID,Status)values(194,'sumathy194','sumathy','N',12,  'A')
Insert into Login(loginID,LoginName,Password,  IsLocked,OrgID,Status)values(195,'vanaja195','vanaja','N',12,  'A')
Insert into Login(loginID,LoginName,Password,  IsLocked,OrgID,Status)values(196,'esakkiammal196','esakkiammal','N',12,  'A')
Insert into Login(loginID,LoginName,Password,  IsLocked,OrgID,Status)values(197,'prema197','prema','N',12,  'A')
Insert into Login(loginID,LoginName,Password,  IsLocked,OrgID,Status)values(198,'malathy198','malathy','N',12,  'A')
Insert into Login(loginID,LoginName,Password,  IsLocked,OrgID,Status)values(199,'muthuselvi199','muthuselvi','N',12,  'A')
Insert into Login(loginID,LoginName,Password,  IsLocked,OrgID,Status)values(200,'devamatha200','devamatha','N',12,  'A')
Insert into Login(loginID,LoginName,Password,  IsLocked,OrgID,Status)values(201,'adlinbenitha201','adlinbenitha','N',12,  'A')
Insert into Login(loginID,LoginName,Password,  IsLocked,OrgID,Status)values(202,'merlin202','merlin','N',12,  'A')
Insert into Login(loginID,LoginName,Password,  IsLocked,OrgID,Status)values(203,'nisha203','nisha','N',12,  'A')
Insert into Login(loginID,LoginName,Password,  IsLocked,OrgID,Status)values(204,'mariammal204','mariammal','N',12,  'A')
Insert into Login(loginID,LoginName,Password,  IsLocked,OrgID,Status)values(205,'kavitha205','kavitha','N',12,  'A')
Insert into Login(loginID,LoginName,Password,  IsLocked,OrgID,Status)values(206,'padmanaban206','padmanaban','N',12,  'A')
Insert into Login(loginID,LoginName,Password,  IsLocked,OrgID,Status)values(207,'sunitha207','sunitha','N',12,  'A')
Insert into Login(loginID,LoginName,Password,  IsLocked,OrgID,Status)values(208,'sophy208','sophy','N',12,  'A')
Insert into Login(loginID,LoginName,Password,  IsLocked,OrgID,Status)values(209,'deepa209','deepa','N',12,  'A')
Insert into Login(loginID,LoginName,Password,  IsLocked,OrgID,Status)values(210,'sangeetha210','sangeetha','N',12,  'A')
Insert into Login(loginID,LoginName,Password,  IsLocked,OrgID,Status)values(211,'rajkumar211','rajkumar','N',12,  'A')
Insert into Login(loginID,LoginName,Password,  IsLocked,OrgID,Status)values(212,'arulsundar212','arulsundar','N',12,  'A')
Insert into Login(loginID,LoginName,Password,  IsLocked,OrgID,Status)values(213,'sekar213','sekar','N',12,  'A')
Insert into Login(loginID,LoginName,Password,  IsLocked,OrgID,Status)values(214,'samitha214','samitha','N',12,  'A')
Insert into Login(loginID,LoginName,Password,  IsLocked,OrgID,Status)values(215,'sangeetha215','sangeetha','N',12,  'A')
Insert into Login(loginID,LoginName,Password,  IsLocked,OrgID,Status)values(216,'selvakumar216','selvakumar','N',12,  'A')
Insert into Login(loginID,LoginName,Password,  IsLocked,OrgID,Status)values(217,'menaka217','menaka','N',12,  'A')
Insert into Login(loginID,LoginName,Password,  IsLocked,OrgID,Status)values(218,'jeena218','jeena','N',12,  'A')
Insert into Login(loginID,LoginName,Password,  IsLocked,OrgID,Status)values(219,'rajaram219','rajaram','N',12,  'A')
Insert into Login(loginID,LoginName,Password,  IsLocked,OrgID,Status)values(220,'chitra220','chitra','N',12,  'A')
Insert into Login(loginID,LoginName,Password,  IsLocked,OrgID,Status)values(221,'kalaivani221','kalaivani','N',12,  'A')
Insert into Login(loginID,LoginName,Password,  IsLocked,OrgID,Status)values(222,'revathy222','revathy','N',12,  'A')
Insert into Login(loginID,LoginName,Password,  IsLocked,OrgID,Status)values(223,'lnhadmin223','lnhadmin','N',12,  'A')
Insert into Login(loginID,LoginName,Password,  IsLocked,OrgID,Status)values(224,'revathi224','revathi','N',12,  'A')
Insert into Login(loginID,LoginName,Password,  IsLocked,OrgID,Status)values(225,'rameshkumar225','rameshkumar','N',12,  'A')
Insert into Login(loginID,LoginName,Password,  IsLocked,OrgID,Status)values(226,'omprakash226','omprakash','N',12,  'A')
Insert into Login(loginID,LoginName,Password,  IsLocked,OrgID,Status)values(227,'subramaniam227','subramaniam','N',12,  'A')
Insert into Login(loginID,LoginName,Password,  IsLocked,OrgID,Status)values(228,'gunasekaran228','gunasekaran','N',12,  'A')
Insert into Login(loginID,LoginName,Password,  IsLocked,OrgID,Status)values(229,'basha229','basha','N',12,  'A')
Insert into Login(loginID,LoginName,Password,  IsLocked,OrgID,Status)values(256,'govindaraj256','govindaraj','N',12,  'A')

Insert into Login(loginID,LoginName,Password,  IsLocked,OrgID,Status)values(257,'padmavathi257','padmavathi','N',12,  'A')
Insert into Login(loginID,LoginName,Password,  IsLocked,OrgID,Status)values(258,'priya258','priya','N',12,  'A')

Insert into Login(loginID,LoginName,Password,  IsLocked,OrgID,Status)values(259,'sridharan259','sridharan','N',12,  'A')

Insert into Login(loginID,LoginName,Password,  IsLocked,OrgID,Status)values(260,'xray','xray','N',12,  'A')

Insert into Login(loginID,LoginName,Password,  IsLocked,OrgID,Status)values(274,'nisha274','nisha','N',12,  'A')

Insert into Login(loginID,LoginName,Password,  IsLocked,OrgID,Status)values(295,'PharmacistLNH','Pharmacist','N',12,  'A')




/* Organization */
delete From Organization where OrgID ='12'
Insert into Organization(OrgID,Name,OrganizationTypeID,AddressID,LogoPath)   values(12,'Lakshmi Nursing Home',1,  0,'')

/* Users */
delete From Users where OrgID ='12'
Insert into Users(Name,SEX,TitleCode,OrgID,LoginID)  values('Sabitha','F','2',   12,187)
Insert into Users(Name,SEX,TitleCode,OrgID,LoginID)  values('Abitha','F','2',   12,188)
Insert into Users(Name,SEX,TitleCode,OrgID,LoginID)  values('Padmanaban','M','1',   12,206)
Insert into Users(Name,SEX,TitleCode,OrgID,LoginID)  values('Sunitha','F','2',   12,207)
Insert into Users(Name,SEX,TitleCode,OrgID,LoginID)  values('Sophy','F','2',   12,208)
Insert into Users(Name,SEX,TitleCode,OrgID,LoginID)  values('Deepa','F','2',   12,209)
Insert into Users(Name,SEX,TitleCode,OrgID,LoginID)  values('Sangeetha','F','2',   12,210)
Insert into Users(Name,SEX,TitleCode,OrgID,LoginID)  values('Rajkumar G','M','1',   12,211)
Insert into Users(Name,SEX,TitleCode,OrgID,LoginID)  values('Arul Sundar','M','1',   12,212)
Insert into Users(Name,SEX,TitleCode,OrgID,LoginID)  values('Sekar','M','1',   12,213)
Insert into Users(Name,SEX,TitleCode,OrgID,LoginID)  values('Samitha','F','2',   12,214)
Insert into Users(Name,SEX,TitleCode,OrgID,LoginID)  values('Sangeetha','F','2',   12,215)
Insert into Users(Name,SEX,TitleCode,OrgID,LoginID)  values('Selvakumar','M','1',   12,216)
Insert into Users(Name,SEX,TitleCode,OrgID,LoginID)  values('Revathy','F','2',   12,222)
Insert into Users(Name,SEX,TitleCode,OrgID,LoginID)  values('LNH Admin','M','1',   12,223)
Insert into Users(Name,SEX,TitleCode,OrgID,LoginID)  values('Revathi','F','2',   12,224)
Insert into Users(Name,SEX,TitleCode,OrgID,LoginID)  values('Ramesh Kumar','M','1',   12,225)
Insert into Users(Name,SEX,TitleCode,OrgID,LoginID)  values('Govindaraj','M','1',   12,256)

Insert into Users(Name,SEX,TitleCode,OrgID,LoginID)  values('Padmavathi','F','2',   12,257)
Insert into Users(Name,SEX,TitleCode,OrgID,LoginID)  values('Priya','F','2',   12,258)

Insert into Users(Name,SEX,TitleCode,OrgID,LoginID)  values('Sridharan','M','1',   12,259)
Insert into Users(Name,SEX,TitleCode,OrgID,LoginID)  values('X-Ray','M','1',   12,260)

Insert into Users(Name,SEX,TitleCode,OrgID,LoginID)  values('Pharmacist','M','1',   12,295)

/* Nurse  */
delete From Nurse where OrgID ='12'
Insert into Nurse(NurseName,SEX,TitleCode,OrgID,LoginID)  values('Thangamani','F','2',12,  175)
Insert into Nurse(NurseName,SEX,TitleCode,OrgID,LoginID)  values('Deepalakshmi','F','2',12,  176)
Insert into Nurse(NurseName,SEX,TitleCode,OrgID,LoginID)  values('Selvi','F','2',12,  177)
Insert into Nurse(NurseName,SEX,TitleCode,OrgID,LoginID)  values('Prema A','F','2',12,  178)
Insert into Nurse(NurseName,SEX,TitleCode,OrgID,LoginID)  values('Batrakali','F','2',12,  179)
Insert into Nurse(NurseName,SEX,TitleCode,OrgID,LoginID)  values('KalaiDevi','F','2',12,  180)
Insert into Nurse(NurseName,SEX,TitleCode,OrgID,LoginID)  values('VijayaLakshmi','F','2',12,  181)
Insert into Nurse(NurseName,SEX,TitleCode,OrgID,LoginID)  values('UshaRani','F','2',12,  182)
Insert into Nurse(NurseName,SEX,TitleCode,OrgID,LoginID)  values('Regila','F','2',12,  183)
Insert into Nurse(NurseName,SEX,TitleCode,OrgID,LoginID)  values('Komala','F','2',12,  184)
Insert into Nurse(NurseName,SEX,TitleCode,OrgID,LoginID)  values('AadhiLakshmi','F','2',12,  185)
Insert into Nurse(NurseName,SEX,TitleCode,OrgID,LoginID)  values('Rajam','F','2',12,  186)
Insert into Nurse(NurseName,SEX,TitleCode,OrgID,LoginID)  values('Subhashini','F','2',12,  189)
Insert into Nurse(NurseName,SEX,TitleCode,OrgID,LoginID)  values('Pushpa','F','2',12,  190)
Insert into Nurse(NurseName,SEX,TitleCode,OrgID,LoginID)  values('Shajila','F','2',12,  191)
Insert into Nurse(NurseName,SEX,TitleCode,OrgID,LoginID)  values('Jisha','F','2',12,  192)
Insert into Nurse(NurseName,SEX,TitleCode,OrgID,LoginID)  values('Kamakshi','F','2',12,  193)
Insert into Nurse(NurseName,SEX,TitleCode,OrgID,LoginID)  values('Sumathi','F','2',12,  194)
Insert into Nurse(NurseName,SEX,TitleCode,OrgID,LoginID)  values('Vanaja','F','2',12,  195)
Insert into Nurse(NurseName,SEX,TitleCode,OrgID,LoginID)  values('EasakkiAmmal','F','2',12,  196)
Insert into Nurse(NurseName,SEX,TitleCode,OrgID,LoginID)  values('Prema S','F','2',12,  197)
Insert into Nurse(NurseName,SEX,TitleCode,OrgID,LoginID)  values('Malathy E','F','2',12,  198)
Insert into Nurse(NurseName,SEX,TitleCode,OrgID,LoginID)  values('MuthuSelvi','F','2',12,  199)
Insert into Nurse(NurseName,SEX,TitleCode,OrgID,LoginID)  values('DevaMatha','F','2',12,  200)
Insert into Nurse(NurseName,SEX,TitleCode,OrgID,LoginID)  values('Adlin Benitha','F','2',12,  201)
Insert into Nurse(NurseName,SEX,TitleCode,OrgID,LoginID)  values('Merlin','F','2',12,  202)
Insert into Nurse(NurseName,SEX,TitleCode,OrgID,LoginID)  values('Nisha','F','2',12,  203)
Insert into Nurse(NurseName,SEX,TitleCode,OrgID,LoginID)  values('Mariammal','F','2',12,  204)
Insert into Nurse(NurseName,SEX,TitleCode,OrgID,LoginID)  values('Kavitha','F','2',12,  205)

/* Role */
delete From Role where OrgID ='12'
Insert into Role(RoleID,RoleName,Description,ParentID,OrgID)  Values(111,'Physician','Doctor',  0,12)
Insert into Role(RoleID,RoleName,Description,ParentID,OrgID)  Values(112,'Nurse','Nurse',  0,12)
Insert into Role(RoleID,RoleName,Description,ParentID,OrgID)  Values(113,'LabTech','Lab Technician',  0,12)
Insert into Role(RoleID,RoleName,Description,ParentID,OrgID)  Values(114,'Patient','Patient',  0,12)
Insert into Role(RoleID,RoleName,Description,ParentID,OrgID)  Values(115,'Reception','Reception',  0,12)
Insert into Role(RoleID,RoleName,Description,ParentID,OrgID)  Values(116,'Admin','Admin',  0,12)
Insert into Role(RoleID,RoleName,Description,ParentID,OrgID)  Values(117,'DialysisTech','Dialysis Technician',  0,12)
Insert into Role(RoleID,RoleName,Description,ParentID,OrgID)  Values(118,'Billing','Billing',  0,12)
Insert into Role(RoleID,RoleName,Description,ParentID,OrgID)  Values(119,'Xray','Xray',  0,12)
Insert into Role(RoleID,RoleName,Description,ParentID,OrgID)  Values(120,'Accounts','Accounts',  0,12)
Insert into Role(RoleID,RoleName,Description,ParentID,OrgID)  Values(122,'Pharmacist','Pharmacist',  0,12)



/* LoginRole  */
delete From LoginRole where LoginID IN ( 223,142,143,144,145,146,147,148,149,150,151,152,153,154,155,156,157,158,159,160,161,162,163,164,165,166,167,168,169,170,171,172,173,174,175,176,177,178,179,180,181,182,183,184,185,186,187,188,189,190,191,192,193,194,195,196,197,198,199,200,201,202,203,204,205,206,207,208,209,210,211,212,213,214,215,216,222,224,225,226,227,228,229,256,257,258, 259, 260, 274)

Insert Into LoginRole(RoleID,LoginID)values(116,223)
Insert Into LoginRole(RoleID,LoginID)values(111,142)
Insert Into LoginRole(RoleID,LoginID)values(111,143)
Insert Into LoginRole(RoleID,LoginID)values(111,144)
Insert Into LoginRole(RoleID,LoginID)values(111,145)
Insert Into LoginRole(RoleID,LoginID)values(111,146)
Insert Into LoginRole(RoleID,LoginID)values(111,147)
Insert Into LoginRole(RoleID,LoginID)values(111,148)
Insert Into LoginRole(RoleID,LoginID)values(111,149)
Insert Into LoginRole(RoleID,LoginID)values(111,150)
Insert Into LoginRole(RoleID,LoginID)values(111,151)
Insert Into LoginRole(RoleID,LoginID)values(111,152)
Insert Into LoginRole(RoleID,LoginID)values(111,153)
Insert Into LoginRole(RoleID,LoginID)values(111,154)
Insert Into LoginRole(RoleID,LoginID)values(111,155)
Insert Into LoginRole(RoleID,LoginID)values(111,156)
Insert Into LoginRole(RoleID,LoginID)values(111,157)
Insert Into LoginRole(RoleID,LoginID)values(111,158)
Insert Into LoginRole(RoleID,LoginID)values(111,159)
Insert Into LoginRole(RoleID,LoginID)values(111,160)
Insert Into LoginRole(RoleID,LoginID)values(111,161)
Insert Into LoginRole(RoleID,LoginID)values(111,162)
Insert Into LoginRole(RoleID,LoginID)values(111,163)
Insert Into LoginRole(RoleID,LoginID)values(111,164)
Insert Into LoginRole(RoleID,LoginID)values(111,165)
Insert Into LoginRole(RoleID,LoginID)values(111,166)
Insert Into LoginRole(RoleID,LoginID)values(111,167)
Insert Into LoginRole(RoleID,LoginID)values(111,168)
Insert Into LoginRole(RoleID,LoginID)values(111,169)
Insert Into LoginRole(RoleID,LoginID)values(111,170)
Insert Into LoginRole(RoleID,LoginID)values(111,171)
Insert Into LoginRole(RoleID,LoginID)values(111,172)
Insert Into LoginRole(RoleID,LoginID)values(111,173)
Insert Into LoginRole(RoleID,LoginID)values(111,174)
Insert Into LoginRole(RoleID,LoginID)values(112,175)
Insert Into LoginRole(RoleID,LoginID)values(112,176)
Insert Into LoginRole(RoleID,LoginID)values(112,177)
Insert Into LoginRole(RoleID,LoginID)values(112,178)
Insert Into LoginRole(RoleID,LoginID)values(112,179)
Insert Into LoginRole(RoleID,LoginID)values(112,180)
Insert Into LoginRole(RoleID,LoginID)values(112,181)
Insert Into LoginRole(RoleID,LoginID)values(112,182)
Insert Into LoginRole(RoleID,LoginID)values(112,183)
Insert Into LoginRole(RoleID,LoginID)values(112,184)
Insert Into LoginRole(RoleID,LoginID)values(112,185)
Insert Into LoginRole(RoleID,LoginID)values(112,186)
Insert Into LoginRole(RoleID,LoginID)values(117,187)
Insert Into LoginRole(RoleID,LoginID)values(117,188)
Insert Into LoginRole(RoleID,LoginID)values(112,189)
Insert Into LoginRole(RoleID,LoginID)values(112,190)
Insert Into LoginRole(RoleID,LoginID)values(112,191)
Insert Into LoginRole(RoleID,LoginID)values(112,192)
Insert Into LoginRole(RoleID,LoginID)values(112,193)
Insert Into LoginRole(RoleID,LoginID)values(112,194)
Insert Into LoginRole(RoleID,LoginID)values(112,195)
Insert Into LoginRole(RoleID,LoginID)values(112,196)
Insert Into LoginRole(RoleID,LoginID)values(112,197)
Insert Into LoginRole(RoleID,LoginID)values(112,198)
Insert Into LoginRole(RoleID,LoginID)values(112,199)
Insert Into LoginRole(RoleID,LoginID)values(112,200)
Insert Into LoginRole(RoleID,LoginID)values(112,201)
Insert Into LoginRole(RoleID,LoginID)values(112,202)
Insert Into LoginRole(RoleID,LoginID)values(112,203)
Insert Into LoginRole(RoleID,LoginID)values(112,204)
Insert Into LoginRole(RoleID,LoginID)values(112,205)
Insert Into LoginRole(RoleID,LoginID)values(115,206)
Insert Into LoginRole(RoleID,LoginID)values(115,207)
Insert Into LoginRole(RoleID,LoginID)values(115,208)
Insert Into LoginRole(RoleID,LoginID)values(115,209)
Insert Into LoginRole(RoleID,LoginID)values(115,210)
Insert Into LoginRole(RoleID,LoginID)values(115,211)
Insert Into LoginRole(RoleID,LoginID)values(113,212)
Insert Into LoginRole(RoleID,LoginID)values(113,213)
Insert Into LoginRole(RoleID,LoginID)values(113,214)
Insert Into LoginRole(RoleID,LoginID)values(113,215)
Insert Into LoginRole(RoleID,LoginID)values(113,216)
Insert Into LoginRole(RoleID,LoginID)values(120,222)
Insert Into LoginRole(RoleID,LoginID)values(117,224)
Insert Into LoginRole(RoleID,LoginID)values(117,225)
Insert Into LoginRole(RoleID,LoginID)values(111,226)
Insert Into LoginRole(RoleID,LoginID)values(111,227)
Insert Into LoginRole(RoleID,LoginID)values(111,228)
Insert Into LoginRole(RoleID,LoginID)values(111,229)

Insert Into LoginRole(RoleID,LoginID)values(111,256)
Insert Into LoginRole(RoleID,LoginID)values(116,256)
Insert Into LoginRole(RoleID,LoginID)values(116,211)
Insert Into LoginRole(RoleID,LoginID)values(111,257)
Insert Into LoginRole(RoleID,LoginID)values(111,258)
Insert Into LoginRole(RoleID,LoginID)values(111,259)

Insert Into LoginRole(RoleID,LoginID)values(119,260)
Insert Into LoginRole(RoleID,LoginID)values(111,274)
Insert Into LoginRole(RoleID,LoginID)values(122,295)


/* Role Menu */
--Delete from RoleMenu WHERE MenuID IN (329,322,319,326,331,329,321,318,329,328,323,320,317,329,329,325,324,326,327,329,332,346,346,346,362, 363, 364)
Delete from RoleMenu WHERE RoleID IN ( 111,112,113,114,115,116,117,118,119,120)

INSERT INTO RoleMenu (MenuID,RoleID) values(329,111)
INSERT INTO RoleMenu (MenuID,RoleID) values(322,111)
INSERT INTO RoleMenu (MenuID,RoleID) values(317,111)
INSERT INTO RoleMenu (MenuID,RoleID) values(326,111)
INSERT INTO RoleMenu (MenuID,RoleID) values(331,111)
INSERT INTO RoleMenu (MenuID,RoleID) values(329,112)
INSERT INTO RoleMenu (MenuID,RoleID) values(321,112)
INSERT INTO RoleMenu (MenuID,RoleID) values(318,112)
INSERT INTO RoleMenu (MenuID,RoleID) values(329,113)
INSERT INTO RoleMenu (MenuID,RoleID) values(328,113)
INSERT INTO RoleMenu (MenuID,RoleID) values(323,115)
INSERT INTO RoleMenu (MenuID,RoleID) values(320,115)
INSERT INTO RoleMenu (MenuID,RoleID) values(317,115)
INSERT INTO RoleMenu (MenuID,RoleID) values(329,115)
INSERT INTO RoleMenu (MenuID,RoleID) values(329,116)
INSERT INTO RoleMenu (MenuID,RoleID) values(325,116)
INSERT INTO RoleMenu (MenuID,RoleID) values(324,116)
INSERT INTO RoleMenu (MenuID,RoleID) values(326,116)
INSERT INTO RoleMenu (MenuID,RoleID) values(327,116)
INSERT INTO RoleMenu (MenuID,RoleID) values(329,117)
INSERT INTO RoleMenu (MenuID,RoleID) values(332,117)
INSERT INTO RoleMenu (MenuID,RoleID) values(346,111)
INSERT INTO RoleMenu (MenuID,RoleID) values(346,116)
INSERT INTO RoleMenu (MenuID,RoleID) values(346,115)
INSERT INTO RoleMenu (MenuID,RoleID) values(317,117)
INSERT INTO RoleMenu (MenuID,RoleID) values(347,115)
--INSERT INTo RoleMenu (MenuID,RoleID) values(325,115)
INSERT INTO RoleMenu (MenuID,RoleID) values(347,111)
INSERT INTO RoleMenu (MenuID,RoleID) values(347,112)
INSERT INTO RoleMenu (MenuID,RoleID) values(331,115)
INSERT INTO RoleMenu (MenuID,RoleID) values(331,113)
INSERT INTO RoleMenu (MenuID,RoleID) values(350,115)
INSERT INTO RoleMenu (MenuID,RoleID) values(352,116)
INSERT INTO RoleMenu (MenuID,RoleID) values(350,116)
INSERT INTO RoleMenu (MenuID,RoleID) values(354,115)

INSERT INTO RoleMenu (MenuID,RoleID) values(355,115)
INSERT INTO RoleMenu (MenuID,RoleID) values(357,115)

INSERT INTO RoleMenu (MenuID,RoleID) values(355,112)
INSERT INTO RoleMenu (MenuID,RoleID) values(357,112)

--INSERT INTO RoleMenu (MenuID,RoleID) values(355,116)
INSERT INTO RoleMenu (MenuID,RoleID) values(357,116)

INSERT INTO RoleMenu (MenuID,RoleID) values(329,119)
INSERT INTO RoleMenu (MenuID,RoleID) values(328,119)

INSERT INTO RoleMenu (MenuID,RoleID) values(360,115)
INSERT INTO RoleMenu (MenuID,RoleID) values(362,116)

INSERT INTO RoleMenu (MenuID,RoleID) values(363,116)
INSERT INTO RoleMenu (MenuID,RoleID) values(364,116)
INSERT INTO RoleMenu (MenuID,RoleID) values(369,116)
INSERT INTO RoleMenu (MenuID,RoleID) values(370,116)
INSERT INTO RoleMenu (MenuID,RoleID) values(372,116)

INSERT INTO RoleMenu (MenuID,RoleID) values(355,113)
INSERT INTO RoleMenu (MenuID,RoleID) values(373,113)

INSERT INTO RoleMenu (MenuID,RoleID) values(376,116)
INSERT INTO RoleMenu (MenuID,RoleID) values(376,115)
INSERT INTO RoleMenu (MenuID,RoleID) values(377,111)
INSERT INTO RoleMenu (MenuID,RoleID) values(377,116)
INSERT INTO RoleMenu (MenuID,RoleID) values(355,111)
INSERT INTO RoleMenu (MenuID,RoleID)VALUES(380,116)

INSERT INTO RoleMenu (MenuID,RoleID)   values(381,116)
INSERT INTO RoleMenu (MenuID,RoleID)   values(381,116)
INSERT INTO RoleMenu (MenuID,RoleID)   values(384,116)

Insert into RoleMenu (MenuID,RoleID)   values(385,116)
Insert into RoleMenu (MenuID,RoleID)   values(385,115)

Insert into RoleMenu (MenuID,RoleID)   values(388,116)
Insert into RoleMenu (MenuID,RoleID)   values(388,115)
Insert into RoleMenu (MenuID,RoleID)   values(388,112)

INSERT INTO RoleMenu (MenuID,RoleID) VALUES(390,116)


Insert into RoleMenu (MenuID,RoleID) values(406,116)
Insert into RoleMenu (MenuID,RoleID) values(407,116)
Insert into RoleMenu (MenuID,RoleID) values(408,116)
Insert into RoleMenu (MenuID,RoleID) values(409,116)
Insert into RoleMenu (MenuID,RoleID) values(410,116)
Insert into RoleMenu (MenuID,RoleID) values(411,116)
Insert into RoleMenu (MenuID,RoleID) values(412,116)
Insert into RoleMenu (MenuID,RoleID) values(413,116)
--Insert into RoleMenu (MenuID,RoleID) values(414,122)
Insert into RoleMenu (MenuID,RoleID) values(415,116)
--Insert into RoleMenu (MenuID,RoleID) values(416,116)
--Insert into RoleMenu (MenuID,RoleID) values(417,116)
--Insert into RoleMenu (MenuID,RoleID) values(418,116)
Insert into RoleMenu (MenuID,RoleID) values(419,116)
Insert into RoleMenu (MenuID,RoleID) values(420,116)

Insert into RoleMenu (MenuID,RoleID) values(406,122)
Insert into RoleMenu (MenuID,RoleID) values(407,122)
Insert into RoleMenu (MenuID,RoleID) values(408,122)
Insert into RoleMenu (MenuID,RoleID) values(409,122)
Insert into RoleMenu (MenuID,RoleID) values(410,122)
--Insert into RoleMenu (MenuID,RoleID) values(411,122)
--Insert into RoleMenu (MenuID,RoleID) values(412,122)
--Insert into RoleMenu (MenuID,RoleID) values(413,122)
--Insert into RoleMenu (MenuID,RoleID) values(414,122)
Insert into RoleMenu (MenuID,RoleID) values(415,122)
Insert into RoleMenu (MenuID,RoleID) values(416,122)
Insert into RoleMenu (MenuID,RoleID) values(417,122)

Insert into RoleMenu (MenuID,RoleID) values(422,115)
Insert into RoleMenu (MenuID,RoleID) values(422,116)

Insert into RoleMenu (MenuID,RoleID) values(427,115)
Insert into RoleMenu (MenuID,RoleID) values(428,115)
Insert into RoleMenu (MenuID,RoleID) values(432,116)

Insert into RoleMenu (MenuID,RoleID) values(369,113)
Insert into RoleMenu (MenuID,RoleID) values(370,113)
INSERT INTO RoleMenu (MenuID,RoleID) values(655,122)

Insert into RoleMenu (MenuID,RoleID) values(660,116)
Insert into RoleMenu (MenuID,RoleID) values(661,116)
Insert into RoleMenu (MenuID,RoleID) values(662,116)
Insert into RoleMenu (MenuID,RoleID) values(663,116)

Insert into RoleMenu (MenuID,RoleID) values(1336,111)
Insert into RoleMenu (MenuID,RoleID) values(1338,115)

INSERT INTO RoleMenu (MenuID,RoleID)VALUES(352,120)
INSERT INTO RoleMenu (MenuID,RoleID)VALUES(325,120)
INSERT INTO RoleMenu (MenuID,RoleID)VALUES(376,120)
INSERT INTO RoleMenu (MenuID,RoleID)VALUES(355,116)

INSERT INTO RoleMenu (RoleID,MenuID) Values(115,1951)
INSERT INTO RoleMenu (RoleID,MenuID) Values(116,1951)

INSERT INTO RoleMenu (MenuID, RoleID) VALUES (1942, 116)

/* MENU MASTer  */
DELETE FROM MenuMaster where OrgId=12
INSERT INTO MenuMaster(MenuID,DisplayText,Parentid,OrgId,PageID)  values(317,'Patient Search',0,12,10)
INSERT INTO MenuMaster(MenuID,DisplayText,Parentid,OrgId,PageID)  values(318,'Patient Search',0,12,11)
INSERT INTO MenuMaster(MenuID,DisplayText,Parentid,OrgId,PageID)  values(319,'Patient Search',0,12,12)
INSERT INTO MenuMaster(MenuID,DisplayText,Parentid,OrgId,PageID)  values(320,'Patient Registration',0,12,2)
INSERT INTO MenuMaster(MenuID,DisplayText,Parentid,OrgId,PageID)  values(321,'Home',0,12,8)
INSERT INTO MenuMaster(MenuID,DisplayText,Parentid,OrgId,PageID)  values(322,'Home',0,12,9)
INSERT INTO MenuMaster(MenuID,DisplayText,Parentid,OrgId,PageID)  values(323,'Home',0,12,1)
INSERT INTO MenuMaster(MenuID,DisplayText,Parentid,OrgId,PageID)  values(324,'Home',0,12,14)
--INSERT INTo MenuMaster(MenuID,DisplayText,Parentid,OrgId,PageID)  values(325,'Reports',0,12,15)
INSERT INTO MenuMaster(MenuID,DisplayText,Parentid,OrgId,PageID)  values(325,'Reports',0,12,43)
INSERT INTO MenuMaster(MenuID,DisplayText,Parentid,OrgId,PageID)  values(326,'Set Reminders',0,12,16)
INSERT INTO MenuMaster(MenuID,DisplayText,Parentid,OrgId,PageID)  values(327,'Doctor Schedule',0,12,17)
INSERT INTO MenuMaster(MenuID,DisplayText,Parentid,OrgId,PageID)  values(328,'Home',0,12,13)
INSERT INTO MenuMaster(MenuID,DisplayText,Parentid,OrgId,PageID)  values(329,'Change Password',0,12,20)
INSERT INTO MenuMaster(MenuID,DisplayText,Parentid,OrgId,PageID)  values(330,'Home',0,12,25)
INSERT INTO MenuMaster(MenuID,DisplayText,Parentid,OrgId,PageID)  values(331,'Investigation Report',0,12,55)
INSERT INTO MenuMaster(MenuID,DisplayText,Parentid,OrgId,PageID)  values(332,'Home',0,12,27)
INSERT INTO MenuMaster(MenuID,DisplayText,Parentid,OrgId,PageID)  values(346,'View Schedules',0,12,37)
INSERT INTO MenuMaster(MenuID,DisplayText,Parentid,OrgId,PageID)  values(347,'Today''s OP Visits',0,12,40)
INSERT INTO MenuMaster(MenuID,DisplayText,Parentid,OrgId,PageID)  values(350,'BillSearch',0,12,226)
INSERT INTO MenuMaster(MenuID,DisplayText,Parentid,OrgId,PageID)  values(352,'Cash Closure',0,12,46)
INSERT INTO MenuMaster(MenuID,DisplayText,Parentid,OrgId,PageID)  values(354,'Cash Closure',0,12,48)


INSERT INTO MenuMaster(MenuID,DisplayText,Parentid,OrgId,PageID)  values(355,'Patient Management',1,12,49)
INSERT INTO MenuMaster(MenuID,DisplayText,Parentid,OrgId,PageID)  values(357,'View Room Details',1,12,54)

INSERT INTO MenuMaster(MenuID,DisplayText,Parentid,OrgId,PageID)  values(360,'Visit Search',0,12,18)
INSERT INTO MenuMaster(MenuID,DisplayText,Parentid,OrgId,PageID)  values(362,'Manage Rates',2,12,59)

--INSERT INTo MenuMaster(MenuID,DisplayText,Parentid,OrgId,PageID)  values(363,'Purchase Order',3,12,62)
--INSERT INTo MenuMaster(MenuID,DisplayText,Parentid,OrgId,PageID)  values(364,'Receive Stock',3,12,63)
INSERT INTO MenuMaster(MenuID,DisplayText,Parentid,OrgId,PageID)  values(369,'Add Investigation/Groups',2,12,60)
INSERT INTO MenuMaster(MenuID,DisplayText,Parentid,OrgId,PageID)  values(370,'Reference Range Mgmt',2,12,61)
INSERT INTO MenuMaster(MenuID,DisplayText,Parentid,OrgId,PageID)  values(372,'Manage User',2,12,64)
INSERT INTO MenuMaster(MenuID,DisplayText,Parentid,OrgId,PageID)  values(373,'Patient Search',0,12,10)

INSERT INTO MenuMaster(MenuID,DisplayText,Parentid,OrgId,PageID)  values(376,'Cash OutFlow',0,12,67)
INSERT INTO MenuMaster(MenuID,DisplayText,Parentid,OrgId,PageID)  values(377,'Check Safety Code',0,12,69)
INSERT INTO MenuMaster(MenuID,DisplayText,Parentid,OrgId,PageID)  VALUES (380,'Add Corporate & Client',2,12,72)

INSERT INTO MenuMaster(MenuID,DisplayText,Parentid,OrgId,PageID)  VALUES(381,'Task ReAssign',0,12,75)
INSERT INTO MenuMaster(MenuID,DisplayText,Parentid,OrgId,PageID)  VALUES(384,'Dashboard',0,12,77)
INSERT INTO MenuMaster(MenuID,DisplayText,Parentid,OrgId,PageID)  values(385,'Settlement',1,12,78)
INSERT INTO MenuMaster(MenuID,DisplayText,Parentid,OrgId,PageID)  values(388,'Billing',1,12,79)

INSERT INTO MenuMaster(MenuID,DisplayText,Parentid,OrgId,PageID)  values(390,'Plan Vacation',7,12,83)
 
 
 
Insert into MenuMaster(MenuID,DisplayText,Parentid,OrgId,PageID)  values(406,'Purchase Order',3,12,93)
Insert into MenuMaster(MenuID,DisplayText,Parentid,OrgId,PageID)  values(407,'Stock Receive',3,12,94)
Insert into MenuMaster(MenuID,DisplayText,Parentid,OrgId,PageID)  values(408,'Stock Return',3,12,95)
Insert into MenuMaster(MenuID,DisplayText,Parentid,OrgId,PageID)  values(409,'Stock Damage',3,12,96)
Insert into MenuMaster(MenuID,DisplayText,Parentid,OrgId,PageID)  values(410,'Inventory Search',3,12,97)
Insert into MenuMaster(MenuID,DisplayText,Parentid,OrgId,PageID)  values(411,'Categories',3,12,102)
Insert into MenuMaster(MenuID,DisplayText,Parentid,OrgId,PageID)  values(412,'Products',3,12,103)
Insert into MenuMaster(MenuID,DisplayText,Parentid,OrgId,PageID)  values(413,'Suppliers',3,12,104)
Insert into MenuMaster(MenuID,DisplayText,Parentid,OrgId,PageID)  values(414,'Stock Issued',3,12,116)
Insert into MenuMaster(MenuID,DisplayText,Parentid,OrgId,PageID)  values(415,'Stock In Hand',3,12,107)
Insert into MenuMaster(MenuID,DisplayText,Parentid,OrgId,PageID)  values(416,'OP Billing',0,12,108)
Insert into MenuMaster(MenuID,DisplayText,Parentid,OrgId,PageID)  values(417,'IP Billing',0,12,113)
Insert into MenuMaster(MenuID,DisplayText,Parentid,OrgId,PageID)  values(418,'Bulkload',3,12,114)
Insert into MenuMaster(MenuID,DisplayText,Parentid,OrgId,PageID)  values(419,'Reorder Level',3,12,115)

Insert into MenuMaster(MenuID,DisplayText,Parentid,OrgId,PageID)  values(420,'Stock Report',3,12,117)
INSERT INTO MenuMaster(MenuID,DisplayText,Parentid,OrgId,PageID)  values(422,'All Schedules',7,12,120)

INSERT INTO MenuMaster(MenuID,DisplayText,Parentid,OrgId,PageID)  values(427,'In Bound Referral',8,12,126)
INSERT INTO MenuMaster(MenuID,DisplayText,Parentid,OrgId,PageID)  values(428,'Out Bound Referral',8,12,127)
INSERT INTO MenuMaster(MenuID,DisplayText,Parentid,OrgId,PageID)  VALUES(432,'Summary Reports',0,12,36)
INSERT INTO MenuMaster (MenuID,DisplayText,Parentid,OrgId,PageID) values(655,'Stock Details',3,	12,	236)


Insert into MenuMaster(MenuID,DisplayText,Parentid,OrgId,PageID)  values(660,'Manage Test Kit',2,12,144)
Insert into MenuMaster(MenuID,DisplayText,Parentid,OrgId,PageID)  values(661,'Manage Test Method',2,12,145)
Insert into MenuMaster(MenuID,DisplayText,Parentid,OrgId,PageID)  values(662,'Manage Test Principle',2,12,237)
Insert into MenuMaster(MenuID,DisplayText,Parentid,OrgId,PageID)  values(663,'Manage Test Instrument',2,12,143)

Insert into MenuMaster(MenuID,DisplayText,Parentid,OrgId,PageID)  values(1336,'Pending Recommendation',0,12,248)
Insert into MenuMaster(MenuID,DisplayText,Parentid,OrgId,PageID)  values(1338,'Patient Call List',0,12,249)


/* SearchActions  */
--delete from SearchActions where RoleID IN (111,112,113,114,115,116,117,118,119,120)

--INSERT INTO SearchActions(ActionName,RoleID,PageID, Parentid)  VALUES('Make Visit Entry',115,  3, 0)
--INSERT INTO SearchActions(ActionName,RoleID,PageID, Parentid)  VALUES('Collect Vitals',112,  6, 0)
--INSERT INTO SearchActions(ActionName,RoleID,PageID, Parentid)  VALUES('Edit Patient Registration Details',115,  2, 0)
--INSERT INTO SearchActions(ActionName,RoleID,PageID, Parentid)  VALUES('View Visit Details',115,  18, 0)
--INSERT INTO SearchActions(ActionName,RoleID,PageID, Parentid)  VALUES('View Patient Case Detail',111,  7, 0)
----INSERT INTO SearchActions(ActionName,RoleID,PageID, Parentid) VALUES('Visit Details',117,  18, 0)
--INSERT INTO SearchActions(ActionName,RoleID,PageID, Parentid)  VALUES('Collect Due Payment',115,  29, 0)
--INSERT INTO SearchActions(ActionName,RoleID,PageID, Parentid)  VALUES('Dialysis Case Sheet',117,  7, 0)

--INSERT INTO SearchActions(ActionName,RoleID,PageID, Parentid)  VALUES('View Visit Details',113,  18, 0)
----Insert into SearchActions(ActionName,RoleID,PageID,Parentid)  VALUES('Edit BaseLine History',112,  39, 0)

----INSERT INTO SearchActions(ActionName,RoleID,PageID,Parentid) VALUES('Collect Payments',115,50,5)
--INSERT INTO SearchActions(ActionName,RoleID,PageID,Parentid) VALUES('Clear Dues',115,80,51)
--INSERT INTO SearchActions(ActionName,RoleID,PageID,Parentid) VALUES('Make Bill Entry',115,52,5)
--INSERT INTO SearchActions(ActionName,RoleID,PageID,Parentid) VALUES('View Bill',115,53,5)
--INSERT INTO SearchActions(ActionName,RoleID,PageID,Parentid) VALUES('Book / Transfer Room',115,54,1)
--Insert into SearchActions(ActionName,RoleID,PageID, Parentid)  Values('View Visit Details',115,  18, 1)

--INSERT INTO SearchActions(ActionName,RoleID,PageID,Parentid) VALUES('Final Settlement',116,56,6)
--INSERT INTO SearchActions(ActionName,RoleID,PageID,Parentid) VALUES('Final Settlement',115,56,6)

--INSERT INTO SearchActions(ActionName,RoleID,PageID,Parentid) VALUES('Make Bill Entry',112,52,5)
--INSERT INTO SearchActions(ActionName,RoleID,PageID,Parentid) VALUES('Book / Transfer Room',112,54,1)

--INSERT INTO SearchActions(ActionName,RoleID,PageID,Parentid) VALUES('Edit Admission Patient Details',115,57,1)
--INSERT INTO SearchActions(ActionName,RoleID,PageID,Parentid) VALUES('Drugs Administered',112,58,1)
--INSERT INTO SearchActions(ActionName,RoleID,PageID,Parentid) VALUES('Collect Sample',113,65,1)
--INSERT INTO SearchActions(ActionName,RoleID,PageID,Parentid) VALUES('Perform Investigation',113,66,1)
--INSERT INTO SearchActions(ActionName,RoleID,PageID,Parentid) VALUES('IP Case Record',111,71,1)

--INSERT INTO SearchActions(ActionName,RoleID,PageID,Parentid) VALUES('Collect Advance',115,76,5)
--INSERT INTO SearchActions(ActionName,RoleID,PageID,Parentid) VALUES('Collect Advance',116,76,5)

--INSERT INTO SearchActions(ActionName,RoleID,PageID,Parentid) VALUES('Discharge Summary',111,81,1)
--INSERT INTO SearchActions(ActionName,RoleID,PageID,Parentid) VALUES('Operation Notes',111,82,1)

--INSERT INTO SearchActions(ActionName,RoleID,PageID,Parentid) VALUES('Discharge Summary',112,81,1)
--INSERT INTO SearchActions(ActionName,RoleID,PageID,Parentid) VALUES('Operation Notes',112,82,1)
--INSERT INTO SearchActions(ActionName,RoleID,PageID,Parentid) VALUES('IP Case Record',112,71,1)

--INSERT INTO SearchActions(ActionName,RoleID,PageID,Parentid) VALUES('Discharge Summary',115,81,1)
--INSERT INTO SearchActions(ActionName,RoleID,PageID,Parentid) VALUES('Operation Notes',115,82,1)
--INSERT INTO SearchActions(ActionName,RoleID,PageID,Parentid) VALUES('IP Case Record',115,71,1)



--Insert into SearchActions(ActionName,RoleID,PageID,Type)  Values('Approve Order',116,  98,'Purchase Order')

--Insert into SearchActions(ActionName,RoleID,PageID,Type)  Values('View & Print Order',116,  98,'Purchase Order')

--Insert into SearchActions(ActionName,RoleID,PageID,Type)  Values('Approve Order',116,  99,'Stock Receive')
--Insert into SearchActions(ActionName,RoleID,PageID,Type)  Values('View & Print Order',116,  99,'Stock Receive')
--Insert into SearchActions(ActionName,RoleID,PageID,Type)  Values('Update StockInhand',116,  116,'Stock Receive')


--Insert into SearchActions(ActionName,RoleID,PageID,Type)  Values('View & Print Order',116,  100,'Stock Return')
--Insert into SearchActions(ActionName,RoleID,PageID,Type)  Values('View & Print Order',116,  101,'Stock Damage')
--Insert into SearchActions(ActionName,RoleID,PageID,Type)  Values('View & Print Order',116,  105,'Stock Issued')

--Insert into SearchActions(ActionName,RoleID,PageID,Type)  Values('View & Print Order',122,  98,'Purchase Order')
--Insert into SearchActions(ActionName,RoleID,PageID,Type)  Values('View & Print Order',122,  99,'Stock Receive')
--Insert into SearchActions(ActionName,RoleID,PageID,Type)  Values('View & Print Order',122,  100,'Stock Return')
--Insert into SearchActions(ActionName,RoleID,PageID,Type)  Values('View & Print Order',122,  101,'Stock Damage')
--Insert into SearchActions(ActionName,RoleID,PageID,Type)  Values('View & Print Order',122,  105,'Stock Issued')


--INSERT INTO SearchActions(ActionName,RoleID,PageID,Parentid) VALUES('Print Discharge Summary',111,118,1)
--INSERT INTO SearchActions(ActionName,RoleID,PageID,Parentid) VALUES('Print Discharge Summary',112,118,1)
--INSERT INTO SearchActions(ActionName,RoleID,PageID,Parentid) VALUES('Print Discharge Summary',115,118,1)

--INSERT INTO SearchActions(ActionName,RoleID,PageID,Parentid) VALUES('Edit/Print Discharge Summary',115,118,0)


--INSERT INTO SearchActions(ActionName,RoleID,PageID,Parentid) VALUES('Order Investigation',112,119,1)

--INSERT INTO SearchActions(ActionName,RoleID,PageID,Parentid) VALUES('Surgery Billing',116,121,5)
--INSERT INTO SearchActions(ActionName,RoleID,PageID,Parentid) VALUES('Collect Surgery Advance',115,122,5)

----INSERT INTO SearchActions(ActionName,RoleID,PageID,Parentid) VALUES('Drugs Administered',111,58,1)

/* PageMapping  */
delete from PageMapping where RoleId IN(111,112,112,115,116,117,119)
Insert into PageMapping(RoleId,PageID,SeqNo) values(111,9,  1)
Insert into PageMapping(RoleId,PageID,SeqNo) values(112,8,  1)
Insert into PageMapping(RoleId,PageID,SeqNo) values(113,13,  1)
Insert into PageMapping(RoleId,PageID,SeqNo) values(115,1,  1)
Insert into PageMapping(RoleId,PageID,SeqNo) values(116,14,  1)
Insert into PageMapping(RoleId,PageID,SeqNo) values(117,27,  1)
Insert into PageMapping(RoleId,PageID,SeqNo) values(119,13,  1)
Insert into PageMapping(RoleId,PageID,SeqNo) values(122,112,  1)




/* OrgUOMVitalsMapping  */

delete from OrgUOMVitalsMapping where OrgID = 12
Insert into OrgUOMVitalsMapping(OrgUOMVitalsID,OrgID,UOMID,VitalsID)   Values(52,12,8,1)
Insert into OrgUOMVitalsMapping(OrgUOMVitalsID,OrgID,UOMID,VitalsID)   Values(53,12,2,2)
Insert into OrgUOMVitalsMapping(OrgUOMVitalsID,OrgID,UOMID,VitalsID)   Values(54,12,2,3)
Insert into OrgUOMVitalsMapping(OrgUOMVitalsID,OrgID,UOMID,VitalsID)   Values(55,12,3,4)
Insert into OrgUOMVitalsMapping(OrgUOMVitalsID,OrgID,UOMID,VitalsID)   Values(56,12,4,5)
Insert into OrgUOMVitalsMapping(OrgUOMVitalsID,OrgID,UOMID,VitalsID)   Values(57,12,5,6)
Insert into OrgUOMVitalsMapping(OrgUOMVitalsID,OrgID,UOMID,VitalsID)   Values(58,12,6,7)
Insert into OrgUOMVitalsMapping(OrgUOMVitalsID,OrgID,UOMID,VitalsID)   Values(59,12,7,8)
Insert into OrgUOMVitalsMapping(OrgUOMVitalsID,OrgID,UOMID,VitalsID)   Values(60,12,8,9)
Insert into OrgUOMVitalsMapping(OrgUOMVitalsID,OrgID,UOMID,VitalsID)   Values(61,12,2,10)
Insert into OrgUOMVitalsMapping(OrgUOMVitalsID,OrgID,UOMID,VitalsID)   Values(62,12,2,11)
Insert into OrgUOMVitalsMapping(OrgUOMVitalsID,OrgID,UOMID,VitalsID)   Values(63,12,2,12)
Insert into OrgUOMVitalsMapping(OrgUOMVitalsID,OrgID,UOMID,VitalsID)   Values(64,12,2,13)
Insert into OrgUOMVitalsMapping(OrgUOMVitalsID,OrgID,UOMID,VitalsID)   Values(65,12,9,14)
Insert into OrgUOMVitalsMapping(OrgUOMVitalsID,OrgID,UOMID,VitalsID)   Values(66,12,9,15)
Insert into OrgUOMVitalsMapping(OrgUOMVitalsID,OrgID,UOMID,VitalsID)   Values(67,12,7,16)
Insert into OrgUOMVitalsMapping(OrgUOMVitalsID,OrgID,UOMID,VitalsID)   Values(68,12,12,17)

Insert into OrgUOMVitalsMapping(OrgUOMVitalsID,OrgID,UOMID,VitalsID)   Values(69,12,53,18)

/* ProcedureMaster  */
delete from ProcedureMaster where OrgID =12
Insert into ProcedureMaster(ProcedureID,Procedurename,ProcedureType,  ProcedureDesc, OrgID, IsAVisitPurpose, CreatedBy,CreatedAt) values(4,  'Dialysis','Treatment','Dialysis',12,  'y',1, 'Sep  2 2009 12:00AM')

Insert into ProcedureMaster(ProcedureID,Procedurename,ProcedureType,  ProcedureDesc, OrgID, IsAVisitPurpose, CreatedBy,CreatedAt) values(5,  'Physiotherapy','Treatment','Physiotherapy',12,  'y',1, 'Sep  2 2009 12:00AM')
Insert into ProcedureMaster(ProcedureID,Procedurename,ProcedureType,  ProcedureDesc, OrgID, IsAVisitPurpose, CreatedBy,CreatedAt) values(8,  'Others','Treatment','Others',12,  'y',1, 'Aug  31 2009 12:00AM')


/*  PhysicianOrganization  */
delete from PhysicianOrganization where OrgID = 12
Insert into PhysicianOrganization (PhysicianID,OrgID)   values(124,12)
Insert into PhysicianOrganization (PhysicianID,OrgID)   values(125,12)
Insert into PhysicianOrganization (PhysicianID,OrgID)   values(126,12)
Insert into PhysicianOrganization (PhysicianID,OrgID)   values(127,12)
Insert into PhysicianOrganization (PhysicianID,OrgID)   values(128,12)
Insert into PhysicianOrganization (PhysicianID,OrgID)   values(129,12)
Insert into PhysicianOrganization (PhysicianID,OrgID)   values(130,12)
Insert into PhysicianOrganization (PhysicianID,OrgID)   values(131,12)
Insert into PhysicianOrganization (PhysicianID,OrgID)   values(132,12)
Insert into PhysicianOrganization (PhysicianID,OrgID)   values(133,12)
Insert into PhysicianOrganization (PhysicianID,OrgID)   values(134,12)
Insert into PhysicianOrganization (PhysicianID,OrgID)   values(135,12)
Insert into PhysicianOrganization (PhysicianID,OrgID)   values(136,12)
Insert into PhysicianOrganization (PhysicianID,OrgID)   values(137,12)
Insert into PhysicianOrganization (PhysicianID,OrgID)   values(138,12)
Insert into PhysicianOrganization (PhysicianID,OrgID)   values(139,12)
Insert into PhysicianOrganization (PhysicianID,OrgID)   values(140,12)
Insert into PhysicianOrganization (PhysicianID,OrgID)   values(141,12)
Insert into PhysicianOrganization (PhysicianID,OrgID)   values(142,12)
Insert into PhysicianOrganization (PhysicianID,OrgID)   values(143,12)
Insert into PhysicianOrganization (PhysicianID,OrgID)   values(144,12)
Insert into PhysicianOrganization (PhysicianID,OrgID)   values(145,12)
Insert into PhysicianOrganization (PhysicianID,OrgID)   values(146,12)
Insert into PhysicianOrganization (PhysicianID,OrgID)   values(147,12)
Insert into PhysicianOrganization (PhysicianID,OrgID)   values(148,12)
Insert into PhysicianOrganization (PhysicianID,OrgID)   values(149,12)
Insert into PhysicianOrganization (PhysicianID,OrgID)   values(150,12)
Insert into PhysicianOrganization (PhysicianID,OrgID)   values(151,12)
Insert into PhysicianOrganization (PhysicianID,OrgID)   values(152,12)
Insert into PhysicianOrganization (PhysicianID,OrgID)   values(153,12)
Insert into PhysicianOrganization (PhysicianID,OrgID)   values(154,12)
Insert into PhysicianOrganization (PhysicianID,OrgID)   values(155,12)
Insert into PhysicianOrganization (PhysicianID,OrgID)   values(156,12)
Insert into PhysicianOrganization (PhysicianID,OrgID)   values(157,12)
Insert into PhysicianOrganization (PhysicianID,OrgID)   values(158,12)
Insert into PhysicianOrganization (PhysicianID,OrgID)   values(159,12)
Insert into PhysicianOrganization (PhysicianID,OrgID)   values(160,12)

Insert into PhysicianOrganization (PhysicianID,OrgID)   values(161,12)

Insert into PhysicianOrganization (PhysicianID,OrgID)   values(162,12)
Insert into PhysicianOrganization (PhysicianID,OrgID)   values(163,12)

Insert into PhysicianOrganization (PhysicianID,OrgID)   values(164,12)

Insert into PhysicianOrganization (PhysicianID,OrgID)   values(169,12)

/*  PhysicianSpeciality   */
delete from PhysicianSpeciality where PhysicianID IN(124,124,125,126,127,128,129,130,131,132,133,134,135,136,137,138,139,140,141,142,143,144,145,146,147,148,149,150,151,152,153,154,155,156,157,158,159,160,161, 162,163, 164)

Insert into PhysicianSpeciality(PhysicianID,SpecialityID)   values (124,1)
Insert into PhysicianSpeciality(PhysicianID,SpecialityID)   values (124,13)
Insert into PhysicianSpeciality(PhysicianID,SpecialityID)   values (125,1)
Insert into PhysicianSpeciality(PhysicianID,SpecialityID)   values (126,1)
Insert into PhysicianSpeciality(PhysicianID,SpecialityID)   values (127,1)
Insert into PhysicianSpeciality(PhysicianID,SpecialityID)   values (128,1)
Insert into PhysicianSpeciality(PhysicianID,SpecialityID)   values (129,12)
Insert into PhysicianSpeciality(PhysicianID,SpecialityID)   values (130,8)
Insert into PhysicianSpeciality(PhysicianID,SpecialityID)   values (131,9)
Insert into PhysicianSpeciality(PhysicianID,SpecialityID)   values (132,17)
Insert into PhysicianSpeciality(PhysicianID,SpecialityID)   values (133,25)
Insert into PhysicianSpeciality(PhysicianID,SpecialityID)   values (134,25)
Insert into PhysicianSpeciality(PhysicianID,SpecialityID)   values (135,6)
Insert into PhysicianSpeciality(PhysicianID,SpecialityID)   values (136,6)
Insert into PhysicianSpeciality(PhysicianID,SpecialityID)   values (137,15)
Insert into PhysicianSpeciality(PhysicianID,SpecialityID)   values (138,18)
Insert into PhysicianSpeciality(PhysicianID,SpecialityID)   values (139,19)
Insert into PhysicianSpeciality(PhysicianID,SpecialityID)   values (140,20)
Insert into PhysicianSpeciality(PhysicianID,SpecialityID)   values (141,21)
Insert into PhysicianSpeciality(PhysicianID,SpecialityID)   values (142,4)
Insert into PhysicianSpeciality(PhysicianID,SpecialityID)   values (143,10)
Insert into PhysicianSpeciality(PhysicianID,SpecialityID)   values (144,14)
Insert into PhysicianSpeciality(PhysicianID,SpecialityID)   values (145,14)
Insert into PhysicianSpeciality(PhysicianID,SpecialityID)   values (146,3)
Insert into PhysicianSpeciality(PhysicianID,SpecialityID)   values (147,2)
Insert into PhysicianSpeciality(PhysicianID,SpecialityID)   values (148,2)
Insert into PhysicianSpeciality(PhysicianID,SpecialityID)   values (149,22)
Insert into PhysicianSpeciality(PhysicianID,SpecialityID)   values (150,22)
Insert into PhysicianSpeciality(PhysicianID,SpecialityID)   values (151,22)
Insert into PhysicianSpeciality(PhysicianID,SpecialityID)   values (152,11)
Insert into PhysicianSpeciality(PhysicianID,SpecialityID)   values (153,7)
Insert into PhysicianSpeciality(PhysicianID,SpecialityID)   values (154,23)
Insert into PhysicianSpeciality(PhysicianID,SpecialityID)   values (155,24)
Insert into PhysicianSpeciality(PhysicianID,SpecialityID)   values (156,1)
Insert into PhysicianSpeciality(PhysicianID,SpecialityID)   values (157,24)
Insert into PhysicianSpeciality(PhysicianID,SpecialityID)   values (158,24)
Insert into PhysicianSpeciality(PhysicianID,SpecialityID)   values (159,23)
Insert into PhysicianSpeciality(PhysicianID,SpecialityID)   values (160,6)

Insert into PhysicianSpeciality(PhysicianID,SpecialityID)   values (161,1)

Insert into PhysicianSpeciality(PhysicianID,SpecialityID)   values (162,1)
Insert into PhysicianSpeciality(PhysicianID,SpecialityID)   values (162,10)
Insert into PhysicianSpeciality(PhysicianID,SpecialityID)   values (163,1)
Insert into PhysicianSpeciality(PhysicianID,SpecialityID)   values (163,10)
Insert into PhysicianSpeciality(PhysicianID,SpecialityID)   values (164,26)

Insert into PhysicianSpeciality(PhysicianID,SpecialityID)   values (163,16)
Insert into PhysicianSpeciality(PhysicianID,SpecialityID)   values (162,16)
Insert into PhysicianSpeciality(PhysicianID,SpecialityID)   values (143,16)

Insert into PhysicianSpeciality(PhysicianID,SpecialityID)   values (169,1)
Insert into PhysicianSpeciality(PhysicianID,SpecialityID)   values (169,10)

/*  OrganizationAddress  */
delete from OrganizationAddress where OrgID = 12
Insert into OrganizationAddress (AddressID,OrgID,AddressType,  Add1,Add2,Add3,PostalCode,CountryID,City,StateID,MobileNumber,LandLineNumber,  Comments,Location) Values(23,12,'A','Pallavaram','','','600001',0,'Chennai',0,'','04412345678','','Pallavaram')



/*  Physician  */
delete from Physician where PhysicianID IN (124,125,126,127,128,129,130,131,132,133,134,135,136,137,138,139,140,141,142,143,144,145,146,147,148,149,150,151,152,153,154,155,156,157,158,159,160,161, 162, 163, 164)

Insert into Physician(PhysicianID,PhysicianName,PhysicianType,Email,Sex,LoginID)   values (124,'Gautham','VIS',  '','M',142)
Insert into Physician(PhysicianID,PhysicianName,PhysicianType,Email,Sex,LoginID)   values (125,'Balamurugan','VIS',  '','M',143)
Insert into Physician(PhysicianID,PhysicianName,PhysicianType,Email,Sex,LoginID)   values (126,'Jaya Kumar.V.R','VIS',  '','M',144)
Insert into Physician(PhysicianID,PhysicianName,PhysicianType,Email,Sex,LoginID)   values (127,'Gopinath','VIS',  '','M',145)
Insert into Physician(PhysicianID,PhysicianName,PhysicianType,Email,Sex,LoginID)   values (128,'Neo Church','VIS',  '','M',146)
Insert into Physician(PhysicianID,PhysicianName,PhysicianType,Email,Sex,LoginID)   values (129,'Suraj','VIS',  '','M',147)
Insert into Physician(PhysicianID,PhysicianName,PhysicianType,Email,Sex,LoginID)   values (130,'Akilasamy','VIS',  '','M',148)
Insert into Physician(PhysicianID,PhysicianName,PhysicianType,Email,Sex,LoginID)   values (131,'Karpagam','VIS',  '','F',149)
Insert into Physician(PhysicianID,PhysicianName,PhysicianType,Email,Sex,LoginID)   values (132,'Ananthasamy','VIS',  '','M',150)
Insert into Physician(PhysicianID,PhysicianName,PhysicianType,Email,Sex,LoginID)   values (133,'Vasudevan','VIS',  '','M',151)
Insert into Physician(PhysicianID,PhysicianName,PhysicianType,Email,Sex,LoginID)   values (134,'Chandramouli','VIS',  '','M',152)
Insert into Physician(PhysicianID,PhysicianName,PhysicianType,Email,Sex,LoginID)   values (135,'Sukumar V','VIS',  '','M',153)
Insert into Physician(PhysicianID,PhysicianName,PhysicianType,Email,Sex,LoginID)   values (136,'Deepak Kumar KS','VIS',  '','M',154)
Insert into Physician(PhysicianID,PhysicianName,PhysicianType,Email,Sex,LoginID)   values (137,'Venkatraman','VIS',  '','M',155)
Insert into Physician(PhysicianID,PhysicianName,PhysicianType,Email,Sex,LoginID)   values (138,'Kripa Shankar','VIS',  '','F',156)
Insert into Physician(PhysicianID,PhysicianName,PhysicianType,Email,Sex,LoginID)   values (139,'Manikandan','VIS',  '','M',157)
Insert into Physician(PhysicianID,PhysicianName,PhysicianType,Email,Sex,LoginID)   values (140,'Porkodi','VIS',  '','F',158)
Insert into Physician(PhysicianID,PhysicianName,PhysicianType,Email,Sex,LoginID)   values (141,'joseph','VIS',  '','M',159)
Insert into Physician(PhysicianID,PhysicianName,PhysicianType,Email,Sex,LoginID)   values (142,'Raghuraman','VIS',  '','M',160)
Insert into Physician(PhysicianID,PhysicianName,PhysicianType,Email,Sex,LoginID)   values (143,'Sivaranjani TG','VIS',  '','F',161)
Insert into Physician(PhysicianID,PhysicianName,PhysicianType,Email,Sex,LoginID)   values (144,'Thirumalai','VIS',  '','M',162)
Insert into Physician(PhysicianID,PhysicianName,PhysicianType,Email,Sex,LoginID)   values (145,'Socrates','VIS',  '','M',163)
Insert into Physician(PhysicianID,PhysicianName,PhysicianType,Email,Sex,LoginID)   values (146,'Saravanan','VIS',  '','M',164)
Insert into Physician(PhysicianID,PhysicianName,PhysicianType,Email,Sex,LoginID)   values (147,'Sundar V','VIS',  '','M',165)
Insert into Physician(PhysicianID,PhysicianName,PhysicianType,Email,Sex,LoginID)   values (148,'Senthil Kumar','VIS',  '','M',166)
Insert into Physician(PhysicianID,PhysicianName,PhysicianType,Email,Sex,LoginID)   values (149,'Surendran','VIS',  '','M',167)
Insert into Physician(PhysicianID,PhysicianName,PhysicianType,Email,Sex,LoginID)   values (150,'RajKumar','VIS',  '','M',168)
Insert into Physician(PhysicianID,PhysicianName,PhysicianType,Email,Sex,LoginID)   values (151,'Dominic','VIS',  '','F',169)
Insert into Physician(PhysicianID,PhysicianName,PhysicianType,Email,Sex,LoginID)   values (152,'Varadarajan','VIS',  '','M',170)
Insert into Physician(PhysicianID,PhysicianName,PhysicianType,Email,Sex,LoginID)   values (153,'Uma Ranjith','VIS',  '','F',171)
Insert into Physician(PhysicianID,PhysicianName,PhysicianType,Email,Sex,LoginID)   values (154,'Vimala','VIS',  '','F',172)
Insert into Physician(PhysicianID,PhysicianName,PhysicianType,Email,Sex,LoginID)   values (155,'SivaKumar','VIS',  '','M',173)
Insert into Physician(PhysicianID,PhysicianName,PhysicianType,Email,Sex,LoginID)   values (156,'Ameena Khan','VIS',  '','M',174)
Insert into Physician(PhysicianID,PhysicianName,PhysicianType,Email,Sex,LoginID)   values (157,'Omprakash','VIS',  '','M',226)
Insert into Physician(PhysicianID,PhysicianName,PhysicianType,Email,Sex,LoginID)   values (158,'Subramaniam','VIS',  '','M',227)
Insert into Physician(PhysicianID,PhysicianName,PhysicianType,Email,Sex,LoginID)   values (159,'Gunasekaran','VIS',  '','M',228)
Insert into Physician(PhysicianID,PhysicianName,PhysicianType,Email,Sex,LoginID)   values (160,'Basha','VIS',  '','M',229)

Insert into Physician(PhysicianID,PhysicianName,PhysicianType,Email,Sex,LoginID)   values (161,'Govindaraj','VIS',  '','M',256)

Insert into Physician(PhysicianID,PhysicianName,PhysicianType,Email,Sex,LoginID)   values (162,'Padmavathi','VIS',  '','F',257)
Insert into Physician(PhysicianID,PhysicianName,PhysicianType,Email,Sex,LoginID)   values (163,'Priya','VIS',  '','F',258)

Insert into Physician(PhysicianID,PhysicianName,PhysicianType,Email,Sex,LoginID)   values (164,'Sridharan','VIS',  '','M',259)
Insert into Physician(PhysicianID,PhysicianName,PhysicianType,Email,Sex,LoginID)   values (169,'Nisha','VIS',  '','F',274)

/* StandardDeduction  */
delete from StandardDeduction where OrgID=12
Insert into StandardDeduction(StdDedID,OrgID,  StdDedName,StdDedValue,StdDedType)  values(103,12,  'Self Employee', 2,'P')
Insert into StandardDeduction(StdDedID,OrgID,  StdDedName,StdDedValue,StdDedType)  values(104,12,  'Govt Employee', 100,'V')


delete from PhysicianFee where OrgID = 12
/*  PhysicianFee  */
Insert into PhysicianFee(PhysicianFeeID,PhysicianID,OrgID,Amount,  IsVariable,IPPercentToHostingOrg,OPPercentToHostingOrg,CreatedBy)   values(32,124,12,  50,'Y',  3,4,6)
Insert into PhysicianFee(PhysicianFeeID,PhysicianID,OrgID,Amount,  IsVariable,IPPercentToHostingOrg,OPPercentToHostingOrg,CreatedBy)   values(33,125,12,  50,'Y',  3,4,6)
Insert into PhysicianFee(PhysicianFeeID,PhysicianID,OrgID,Amount,  IsVariable,IPPercentToHostingOrg,OPPercentToHostingOrg,CreatedBy)   values(34,126,12,  50,'Y',  3,4,6)
Insert into PhysicianFee(PhysicianFeeID,PhysicianID,OrgID,Amount,  IsVariable,IPPercentToHostingOrg,OPPercentToHostingOrg,CreatedBy)   values(35,127,12,  50,'Y',  3,4,6)
Insert into PhysicianFee(PhysicianFeeID,PhysicianID,OrgID,Amount,  IsVariable,IPPercentToHostingOrg,OPPercentToHostingOrg,CreatedBy)   values(36,128,12,  50,'Y',  3,4,6)
Insert into PhysicianFee(PhysicianFeeID,PhysicianID,OrgID,Amount,  IsVariable,IPPercentToHostingOrg,OPPercentToHostingOrg,CreatedBy)   values(37,129,12,  50,'Y',  3,4,6)
Insert into PhysicianFee(PhysicianFeeID,PhysicianID,OrgID,Amount,  IsVariable,IPPercentToHostingOrg,OPPercentToHostingOrg,CreatedBy)   values(38,130,12,  50,'Y',  3,4,6)
Insert into PhysicianFee(PhysicianFeeID,PhysicianID,OrgID,Amount,  IsVariable,IPPercentToHostingOrg,OPPercentToHostingOrg,CreatedBy)   values(39,131,12,  50,'Y',  3,4,6)
Insert into PhysicianFee(PhysicianFeeID,PhysicianID,OrgID,Amount,  IsVariable,IPPercentToHostingOrg,OPPercentToHostingOrg,CreatedBy)   values(40,132,12,  50,'Y',  3,4,6)
Insert into PhysicianFee(PhysicianFeeID,PhysicianID,OrgID,Amount,  IsVariable,IPPercentToHostingOrg,OPPercentToHostingOrg,CreatedBy)   values(41,133,12,  50,'Y',  3,4,6)
Insert into PhysicianFee(PhysicianFeeID,PhysicianID,OrgID,Amount,  IsVariable,IPPercentToHostingOrg,OPPercentToHostingOrg,CreatedBy)   values(42,134,12,  50,'Y',  3,4,6)
Insert into PhysicianFee(PhysicianFeeID,PhysicianID,OrgID,Amount,  IsVariable,IPPercentToHostingOrg,OPPercentToHostingOrg,CreatedBy)   values(43,135,12,  50,'Y',  3,4,6)
Insert into PhysicianFee(PhysicianFeeID,PhysicianID,OrgID,Amount,  IsVariable,IPPercentToHostingOrg,OPPercentToHostingOrg,CreatedBy)   values(44,136,12,  50,'Y',  3,4,6)
Insert into PhysicianFee(PhysicianFeeID,PhysicianID,OrgID,Amount,  IsVariable,IPPercentToHostingOrg,OPPercentToHostingOrg,CreatedBy)   values(45,137,12,  50,'Y',  3,4,6)
Insert into PhysicianFee(PhysicianFeeID,PhysicianID,OrgID,Amount,  IsVariable,IPPercentToHostingOrg,OPPercentToHostingOrg,CreatedBy)   values(46,138,12,  50,'Y',  3,4,6)
Insert into PhysicianFee(PhysicianFeeID,PhysicianID,OrgID,Amount,  IsVariable,IPPercentToHostingOrg,OPPercentToHostingOrg,CreatedBy)   values(47,139,12,  50,'Y',  3,4,6)
Insert into PhysicianFee(PhysicianFeeID,PhysicianID,OrgID,Amount,  IsVariable,IPPercentToHostingOrg,OPPercentToHostingOrg,CreatedBy)   values(48,140,12,  50,'Y',  3,4,6)
Insert into PhysicianFee(PhysicianFeeID,PhysicianID,OrgID,Amount,  IsVariable,IPPercentToHostingOrg,OPPercentToHostingOrg,CreatedBy)   values(49,141,12,  50,'Y',  3,4,6)
Insert into PhysicianFee(PhysicianFeeID,PhysicianID,OrgID,Amount,  IsVariable,IPPercentToHostingOrg,OPPercentToHostingOrg,CreatedBy)   values(50,142,12,  50,'Y',  3,4,6)
Insert into PhysicianFee(PhysicianFeeID,PhysicianID,OrgID,Amount,  IsVariable,IPPercentToHostingOrg,OPPercentToHostingOrg,CreatedBy)   values(51,143,12,  50,'Y',  3,4,6)
Insert into PhysicianFee(PhysicianFeeID,PhysicianID,OrgID,Amount,  IsVariable,IPPercentToHostingOrg,OPPercentToHostingOrg,CreatedBy)   values(52,144,12,  50,'Y',  3,4,6)
Insert into PhysicianFee(PhysicianFeeID,PhysicianID,OrgID,Amount,  IsVariable,IPPercentToHostingOrg,OPPercentToHostingOrg,CreatedBy)   values(53,145,12,  50,'Y',  3,4,6)
Insert into PhysicianFee(PhysicianFeeID,PhysicianID,OrgID,Amount,  IsVariable,IPPercentToHostingOrg,OPPercentToHostingOrg,CreatedBy)   values(54,146,12,  50,'Y',  3,4,6)
Insert into PhysicianFee(PhysicianFeeID,PhysicianID,OrgID,Amount,  IsVariable,IPPercentToHostingOrg,OPPercentToHostingOrg,CreatedBy)   values(55,147,12,  50,'Y',  3,4,6)
Insert into PhysicianFee(PhysicianFeeID,PhysicianID,OrgID,Amount,  IsVariable,IPPercentToHostingOrg,OPPercentToHostingOrg,CreatedBy)   values(56,148,12,  50,'Y',  3,4,6)
Insert into PhysicianFee(PhysicianFeeID,PhysicianID,OrgID,Amount,  IsVariable,IPPercentToHostingOrg,OPPercentToHostingOrg,CreatedBy)   values(57,149,12,  50,'Y',  3,4,6)
Insert into PhysicianFee(PhysicianFeeID,PhysicianID,OrgID,Amount,  IsVariable,IPPercentToHostingOrg,OPPercentToHostingOrg,CreatedBy)   values(58,150,12,  50,'Y',  3,4,6)
Insert into PhysicianFee(PhysicianFeeID,PhysicianID,OrgID,Amount,  IsVariable,IPPercentToHostingOrg,OPPercentToHostingOrg,CreatedBy)   values(59,151,12,  50,'Y',  3,4,6)
Insert into PhysicianFee(PhysicianFeeID,PhysicianID,OrgID,Amount,  IsVariable,IPPercentToHostingOrg,OPPercentToHostingOrg,CreatedBy)   values(60,152,12,  50,'Y',  3,4,6)
Insert into PhysicianFee(PhysicianFeeID,PhysicianID,OrgID,Amount,  IsVariable,IPPercentToHostingOrg,OPPercentToHostingOrg,CreatedBy)   values(61,153,12,  50,'Y',  3,4,6)
Insert into PhysicianFee(PhysicianFeeID,PhysicianID,OrgID,Amount,  IsVariable,IPPercentToHostingOrg,OPPercentToHostingOrg,CreatedBy)   values(62,154,12,  50,'Y',  3,4,6)
Insert into PhysicianFee(PhysicianFeeID,PhysicianID,OrgID,Amount,  IsVariable,IPPercentToHostingOrg,OPPercentToHostingOrg,CreatedBy)   values(63,155,12,  50,'Y',  3,4,6)
Insert into PhysicianFee(PhysicianFeeID,PhysicianID,OrgID,Amount,  IsVariable,IPPercentToHostingOrg,OPPercentToHostingOrg,CreatedBy)   values(64,156,12,  50,'Y',  3,4,6)
Insert into PhysicianFee(PhysicianFeeID,PhysicianID,OrgID,Amount,  IsVariable,IPPercentToHostingOrg,OPPercentToHostingOrg,CreatedBy)   values(65,157,12,  50,'Y',  3,4,6)
Insert into PhysicianFee(PhysicianFeeID,PhysicianID,OrgID,Amount,  IsVariable,IPPercentToHostingOrg,OPPercentToHostingOrg,CreatedBy)   values(66,158,12,  50,'Y',  3,4,6)
Insert into PhysicianFee(PhysicianFeeID,PhysicianID,OrgID,Amount,  IsVariable,IPPercentToHostingOrg,OPPercentToHostingOrg,CreatedBy)   values(67,159,12,  50,'Y',  3,4,6)
Insert into PhysicianFee(PhysicianFeeID,PhysicianID,OrgID,Amount,  IsVariable,IPPercentToHostingOrg,OPPercentToHostingOrg,CreatedBy)   values(68,160,12,  50,'Y',  3,4,6)

Insert into PhysicianFee(PhysicianFeeID,PhysicianID,OrgID,Amount,  IsVariable,IPPercentToHostingOrg,OPPercentToHostingOrg,CreatedBy)   values(69,161,12,  100,'Y',  3,4,6)

Insert into PhysicianFee(PhysicianFeeID,PhysicianID,OrgID,Amount,  IsVariable,IPPercentToHostingOrg,OPPercentToHostingOrg,CreatedBy)   values(70,162,12,  100,'Y',  3,4,6)
Insert into PhysicianFee(PhysicianFeeID,PhysicianID,OrgID,Amount,  IsVariable,IPPercentToHostingOrg,OPPercentToHostingOrg,CreatedBy)   values(71,163,12,  100,'Y',  3,4,6)

Insert into PhysicianFee(PhysicianFeeID,PhysicianID,OrgID,Amount,  IsVariable,IPPercentToHostingOrg,OPPercentToHostingOrg,CreatedBy)   values(72,164,12,  100,'Y',  3,4,6)
Insert into PhysicianFee(PhysicianFeeID,PhysicianID,OrgID,Amount,  IsVariable,IPPercentToHostingOrg,OPPercentToHostingOrg,CreatedBy)   values(76,169,12,  100,'Y',  3,4,6)

/* ProcedureFee  */
delete from ProcedureFee where ProcedureFeeID IN (4, 5, 6 ,7 ,8 , 9, 10, 11 ,12, 13)
Insert into ProcedureFee(ProcedureFeeID,ProcedureID,Amount,ProcedureDesc,IsVariable,ClientID,OrgID)   values(4,4,600,'Dialysis',  'Y', 1001, 12)

Insert into ProcedureFee(ProcedureFeeID,ProcedureID,Amount,ProcedureDesc,IsVariable,ClientID,OrgID)   values(5,5,75,'IPT',  'Y', 1001, 12)
Insert into ProcedureFee(ProcedureFeeID,ProcedureID,Amount,ProcedureDesc,IsVariable,ClientID,OrgID)   values(6,5,75,'SWD',  'Y', 1001, 12)
Insert into ProcedureFee(ProcedureFeeID,ProcedureID,Amount,ProcedureDesc,IsVariable,ClientID,OrgID)   values(7,5,75,'PT',  'Y', 1001, 12)
Insert into ProcedureFee(ProcedureFeeID,ProcedureID,Amount,ProcedureDesc,IsVariable,ClientID,OrgID)   values(8,5,75,'IFT',  'Y', 1001, 12)
Insert into ProcedureFee(ProcedureFeeID,ProcedureID,Amount,ProcedureDesc,IsVariable,ClientID,OrgID)   values(9,5,100,'CT',  'Y', 1001, 12)
Insert into ProcedureFee(ProcedureFeeID,ProcedureID,Amount,ProcedureDesc,IsVariable,ClientID,OrgID)   values(10,5,75,'PHYSIOTHERAPY',  'Y', 1001, 12)
Insert into ProcedureFee(ProcedureFeeID,ProcedureID,Amount,ProcedureDesc,IsVariable,ClientID,OrgID)   values(11,5,100,'WAX BATH',  'Y', 1001, 12)
Insert into ProcedureFee(ProcedureFeeID,ProcedureID,Amount,ProcedureDesc,IsVariable,ClientID,OrgID)   values(12,5,75,'ABDOMINAL EXERCISE',  'Y', 1001, 12)
Insert into ProcedureFee(ProcedureFeeID,ProcedureID,Amount,ProcedureDesc,IsVariable,ClientID,OrgID)   values(13,5,100,'STIMULATION',  'Y', 1001, 12)
Insert into ProcedureFee(ProcedureFeeID,ProcedureID,Amount,ProcedureDesc,IsVariable,ClientID,OrgID)   values(24,8,0,'Others',  'Y', 1001, 12)

/*  TaskActionMapping  */
delete from TaskActionMapping where OrgID =12
Insert into TaskActionMapping(OrgID,VisitPurposeID,OtherID,TaskActionID)  values(12,1,  1,11)
Insert into TaskActionMapping(OrgID,VisitPurposeID,OtherID,TaskActionID)  values(12,1,  8,11)
Insert into TaskActionMapping(OrgID,VisitPurposeID,OtherID,TaskActionID)  values(12,1,  9,11)
Insert into TaskActionMapping(OrgID,VisitPurposeID,OtherID,TaskActionID)  values(12,1,  17,11)
Insert into TaskActionMapping(OrgID,VisitPurposeID,OtherID,TaskActionID)  values(12,1,  18,11)
Insert into TaskActionMapping(OrgID,VisitPurposeID,OtherID,TaskActionID)  values(12,1,  6,11)
Insert into TaskActionMapping(OrgID,VisitPurposeID,OtherID,TaskActionID)  values(12,1,  5,11)
Insert into TaskActionMapping(OrgID,VisitPurposeID,OtherID,TaskActionID)  values(12,1,  19,11)
Insert into TaskActionMapping(OrgID,VisitPurposeID,OtherID,TaskActionID)  values(12,1,  20,11)
Insert into TaskActionMapping(OrgID,VisitPurposeID,OtherID,TaskActionID)  values(12,1,  21,11)
Insert into TaskActionMapping(OrgID,VisitPurposeID,OtherID,TaskActionID)  values(12,1,  4,11)
Insert into TaskActionMapping(OrgID,VisitPurposeID,OtherID,TaskActionID)  values(12,1,  10,11)
Insert into TaskActionMapping(OrgID,VisitPurposeID,OtherID,TaskActionID)  values(12,1,  14,11)
Insert into TaskActionMapping(OrgID,VisitPurposeID,OtherID,TaskActionID)  values(12,1,  3,11)
Insert into TaskActionMapping(OrgID,VisitPurposeID,OtherID,TaskActionID)  values(12,1,  22,11)
Insert into TaskActionMapping(OrgID,VisitPurposeID,OtherID,TaskActionID)  values(12,1,  11,11)
Insert into TaskActionMapping(OrgID,VisitPurposeID,OtherID,TaskActionID)  values(12,1,  7,11)
Insert into TaskActionMapping(OrgID,VisitPurposeID,OtherID,TaskActionID)  values(12,1,  23,11)
Insert into TaskActionMapping(OrgID,VisitPurposeID,OtherID,TaskActionID)  values(12,1,  24,11)
Insert into TaskActionMapping(OrgID,VisitPurposeID,OtherID,TaskActionID)  values(12,1,  25,11)
Insert into TaskActionMapping(OrgID,VisitPurposeID,OtherID,TaskActionID)  values(12,1,  2,11)
Insert into TaskActionMapping(OrgID,VisitPurposeID,OtherID,TaskActionID)  values(12,7,  4,6)
Insert into TaskActionMapping(OrgID,VisitPurposeID,OtherID,TaskActionID)  values(12,3,  0,9) 

Insert into TaskActionMapping(OrgID,VisitPurposeID,OtherID,TaskActionID)  values(12,1,  12,11)

Insert into TaskActionMapping(OrgID,VisitPurposeID,OtherID,TaskActionID)  values(12,1,  26,11)
Insert into TaskActionMapping(OrgID,VisitPurposeID,OtherID,TaskActionID)  values(12,1,  13,11)
Insert into TaskActionMapping(OrgID,VisitPurposeID,OtherID,TaskActionID)  values(12,1,  15,11) 
INSERT INTO TaskActionMapping (OrgID, VisitPurposeID, OtherID, TaskActionID) VALUES (12, 4, 0, 38)
GO

--Insert into TaskActionMapping(OrgID,VisitPurposeID,OtherID,TaskActionID)  values(12,1,  1,1)
--Insert into TaskActionMapping(OrgID,VisitPurposeID,OtherID,TaskActionID)  values(12,1,  2,1)
--Insert into TaskActionMapping(OrgID,VisitPurposeID,OtherID,TaskActionID)  values(12,1,  3,1)
--Insert into TaskActionMapping(OrgID,VisitPurposeID,OtherID,TaskActionID)  values(12,1,  4,1)
--Insert into TaskActionMapping(OrgID,VisitPurposeID,OtherID,TaskActionID)  values(12,1,  5,1)
--Insert into TaskActionMapping(OrgID,VisitPurposeID,OtherID,TaskActionID)  values(12,1,  6,1)
--Insert into TaskActionMapping(OrgID,VisitPurposeID,OtherID,TaskActionID)  values(12,1,  7,1)
--Insert into TaskActionMapping(OrgID,VisitPurposeID,OtherID,TaskActionID)  values(12,1,  8,1)
--Insert into TaskActionMapping(OrgID,VisitPurposeID,OtherID,TaskActionID)  values(12,1,  9,1)
--Insert into TaskActionMapping(OrgID,VisitPurposeID,OtherID,TaskActionID)  values(12,1,  10,1)
--Insert into TaskActionMapping(OrgID,VisitPurposeID,OtherID,TaskActionID)  values(12,1,  11,1)
--Insert into TaskActionMapping(OrgID,VisitPurposeID,OtherID,TaskActionID)  values(12,1,  12,1)
--Insert into TaskActionMapping(OrgID,VisitPurposeID,OtherID,TaskActionID)  values(12,1,  13,1)
--Insert into TaskActionMapping(OrgID,VisitPurposeID,OtherID,TaskActionID)  values(12,1,  14,1)
--Insert into TaskActionMapping(OrgID,VisitPurposeID,OtherID,TaskActionID)  values(12,1,  15,1)
--Insert into TaskActionMapping(OrgID,VisitPurposeID,OtherID,TaskActionID)  values(12,1,  17,1)
--Insert into TaskActionMapping(OrgID,VisitPurposeID,OtherID,TaskActionID)  values(12,1,  18,1)
--Insert into TaskActionMapping(OrgID,VisitPurposeID,OtherID,TaskActionID)  values(12,1,  19,1)
--Insert into TaskActionMapping(OrgID,VisitPurposeID,OtherID,TaskActionID)  values(12,1,  20,1)
--Insert into TaskActionMapping(OrgID,VisitPurposeID,OtherID,TaskActionID)  values(12,1,  21,1)
--Insert into TaskActionMapping(OrgID,VisitPurposeID,OtherID,TaskActionID)  values(12,1,  22,1)
--Insert into TaskActionMapping(OrgID,VisitPurposeID,OtherID,TaskActionID)  values(12,1,  23,1)
--Insert into TaskActionMapping(OrgID,VisitPurposeID,OtherID,TaskActionID)  values(12,1,  24,1)
--Insert into TaskActionMapping(OrgID,VisitPurposeID,OtherID,TaskActionID)  values(12,1,  25,1)

Insert into TaskActionMapping(OrgID,VisitPurposeID,OtherID,TaskActionID)  values(12,7,  5,6)
--Insert into TaskActionMapping(OrgID,VisitPurposeID,OtherID,TaskActionID)  values(12,9,0,21)

Insert into TaskActionMapping(OrgID,VisitPurposeID,OtherID,TaskActionID)  values(12,1,  16,33)
Insert into TaskActionMapping(OrgID,VisitPurposeID,OtherID,TaskActionID)  values(12,1,  16,32)
--Insert into TaskActionMapping(OrgID,VisitPurposeID,OtherID,TaskActionID)  values(12,1,  16,34)
Insert into TaskActionMapping(OrgID,VisitPurposeID,OtherID,TaskActionID)  values(12,11,  0,35)

Insert into TaskActionMapping(OrgID,VisitPurposeID,OtherID,TaskActionID)  values(12,9,  0,36) 

/*  Config  */
delete from Config where OrgID=12
Insert into Config(ConfigKey,ConfigValue,ParentID,OrgID)  values('INV','Before',  0,12)
Insert into Config(ConfigKey,ConfigValue,ParentID,OrgID)  values('CON','Before',  0,12)
Insert into Config(ConfigKey,ConfigValue,ParentID,OrgID)  values('PRO','Before',  0,12)
Insert into Config(ConfigKey,ConfigValue,ParentID,OrgID)  values('ISI','0.4',  0,12)
Insert into Config(ConfigKey,ConfigValue,ParentID,OrgID)  values('PHYSIO','Before',  0,12)
Insert into Config(ConfigKey,ConfigValue,ParentID,OrgID)  values('ReportServerURL','http://attune3/Reports',  0,12)
Insert into Config(ConfigKey,ConfigValue,ParentID,OrgID)  values('UseSmartCardForPatient','N',  0,12)
Insert into Config(ConfigKey,ConfigValue,ParentID,OrgID)  values('UseOrgBasedDrugData','Y',  0,12)
Insert into Config(ConfigKey,ConfigValue,ParentID,OrgID)  values('InvestigationReportPath','/InvestigationReport/InvValuesForHospital',  0,12)
Insert into Config(ConfigKey,ConfigValue,ParentID,OrgID)  values('IsReceptionCashier','N',  0,12)
Insert into Config(ConfigKey,ConfigValue,ParentID,OrgID)  values('SystemAuthorization','N',  0,12)
Insert into Config(ConfigKey,ConfigValue,ParentID,OrgID)  values('IMU','After',  0,12)
Insert into Config(ConfigKey,ConfigValue,ParentID,OrgID)  values('Currency','Rs',  0,12)
Insert into config(ConfigKey,ConfigValue,ParentID,OrgID)  values ('NormalFlow','True',0,12)
Insert into Config(ConfigKey,ConfigValue,ParentID,OrgID)  values('UseInvDrugData','N',  0,12)
Insert into Config(ConfigKey,ConfigValue,ParentID,OrgID)  values('IsAmountEditable','Y',  0,12)
Insert into Config(ConfigKey,ConfigValue,ParentID,OrgID)  values('UploadPath','\\\\\\attune1\\Imageupload\\Org12\\',  0,12)
INSERT INTO Config(ConfigKey,ConfigValue,ParentID,OrgID)  VALUES ('NeedIPNumber', 'N', 0, 12)
INSERT INTO Config(ConfigKey,ConfigValue,ParentID,OrgID)  VALUES ('IPMakePayment', 'Y', 0, 12)

INSERT INTO Config(ConfigKey,ConfigValue,ParentID,OrgID)  VALUES('BillPrintLogo','../Images/Logo/lnhimg.png',0,12)
INSERT INTO Config(ConfigKey,ConfigValue,ParentID,OrgID)  VALUES('ShowUnbilled','Y',0,12)
INSERT INTO Config(ConfigKey,ConfigValue,OrgID,ParentID)  VALUES('EditableUser',0,12,0)
INSERT INTO Config(ConfigKey,ConfigValue,ParentID,OrgID)  VALUES('DisplayCurrencyFormat','Rupees',0,12)
INSERT INTO Config(ConfigKey,ConfigValue,ParentID,OrgID)  VALUES('ShowDisclaimer','NO',0,12)
Insert into Config(ConfigKey,ConfigValue,ParentID,OrgID)  VALUES('ScheduleDuration',7,0,12)

/* VisitSearchActions  */
--delete from VisitSearchActions where RoleID IN(115,113,117,116,111, 112)
--Insert into VisitSearchActions(ActionName,RoleID,PageID,Parentid)  Values('Print Bill',115,  28, 0)
--Insert into VisitSearchActions(ActionName,RoleID,PageID,Parentid)  Values('Print CaseSheet',115,  28, 0)
--Insert into VisitSearchActions(ActionName,RoleID,PageID,Parentid)  Values('Print Consolidate Report',115,  28, 0)
--Insert into VisitSearchActions(ActionName,RoleID,PageID,Parentid)  Values('Print Prescription',115,  28, 0)
--Insert into VisitSearchActions(ActionName,RoleID,PageID,Parentid)  Values('Dialysis Case Sheet',117,  23, 0)
--Insert into VisitSearchActions(ActionName,RoleID,PageID,Parentid)  Values('Print Lab Report',115,  55, 4)
--Insert into VisitSearchActions(ActionName,RoleID,PageID,Parentid)  Values('Order Investigation',115,  38, 0)
--Insert into VisitSearchActions(ActionName,RoleID,PageID,Parentid)  Values('Order Procedure',115,  74, 0)
--Insert into VisitSearchActions(ActionName,RoleID,PageID,Parentid)  Values('Order services',115,  41, 0)
----Insert into VisitSearchActions(ActionName,RoleID,PageID,Parentid)  Values('Collect Payments',115,  40, 0)
--Insert into VisitSearchActions(ActionName,RoleID,PageID,Parentid)  Values('Edit Diagnosis',111,  44, 0)
--Insert into VisitSearchActions(ActionName,RoleID,PageID,Parentid)  Values('Refund to Patient',116,  47, 0)
--Insert into VisitSearchActions(ActionName,RoleID,PageID,Parentid)  Values('Show Lab Report',115,  55, 0)
--Insert into VisitSearchActions(ActionName,RoleID,PageID,Parentid)  Values('Show Lab Report',113,  55, 4)
--Insert into VisitSearchActions(ActionName,RoleID,PageID,Parentid)  Values('Show Lab Report',113,  55, 0)
--Insert into VisitSearchActions(ActionName,RoleID,PageID,Parentid)  Values('Edit Investigation',113,  68, 0)

--Insert into VisitSearchActions(ActionName,RoleID,PageID,Parentid)  Values('Edit BaseLine History',112,  39, 0)
--Insert into VisitSearchActions(ActionName,RoleID,PageID,Parentid)  Values('Print Secured Prescription Page',115,  28, 0)
--Insert into VisitSearchActions(ActionName,RoleID,PageID,Parentid)  Values('Collect Consultation Fees',115,  70, 0)
--Insert into VisitSearchActions(ActionName,RoleID,PageID,Parentid)  Values('Collect Vitals',112,  6, 0)

----Insert into VisitSearchActions(ActionName,RoleID,PageID,Parentid)  Values('Edit Investigation',113,  68, 4)

----INSERT INTO VisitSearchActions(ActionName,RoleID,PageID,Parentid) VALUES('Collect Advance',115,50,1)
----INSERT INTO VisitSearchActions(ActionName,RoleID,PageID,Parentid) VALUES('Generate Bill',115,51,1)
----INSERT INTO VisitSearchActions(ActionName,RoleID,PageID,Parentid) VALUES('Make Due Chart Entry',115,52,1)
----INSERT INTO VisitSearchActions(ActionName,RoleID,PageID,Parentid) VALUES('View Bill',115,53,1)

--Insert into VisitSearchActions(ActionName,RoleID,PageID,Parentid)  Values('Print Bill',115,  28, 1)
--Insert into VisitSearchActions(ActionName,RoleID,PageID,Parentid)  Values('Print CaseSheet',115,  28, 1)
--Insert into VisitSearchActions(ActionName,RoleID,PageID,Parentid)  Values('Print Consolidate Report',115,  28, 1)
--Insert into VisitSearchActions(ActionName,RoleID,PageID,Parentid)  Values('Print Prescription',115,  28, 1)
--Insert into VisitSearchActions(ActionName,RoleID,PageID,Parentid)  Values('Show Lab Report',115,  28, 1)
--Insert into VisitSearchActions(ActionName,RoleID,PageID,Parentid)  Values('Show Lab Report',111,  55, 4)


/*  BillSearchActions  */
DELETE FROM BillSearchActions WHERE ROLEID IN(13,14)
Insert into BillSearchActions(ActionName,RoleID,PageID)  Values('Print Bill',115,28)
--Insert into BillSearchActions(ActionName,RoleID,PageID)  Values('Order services',115,41)
Insert into BillSearchActions(ActionName,RoleID,PageID)  Values('Refund / Cancel',116,47)
GO


/*  InvestigationFee  */
delete from InvestigationFee where OrgID=12
Insert into InvestigationFee(InvestigationID, OrgID, Amount,IsVariable)  values  (1002,12,250,'Y')
Insert into InvestigationFee(InvestigationID, OrgID, Amount,IsVariable)  values  (3002,12,250,'Y')
Insert into InvestigationFee(InvestigationID, OrgID, Amount,IsVariable)  values  (3003,12,250,'Y')
Insert into InvestigationFee(InvestigationID, OrgID, Amount,IsVariable)  values  (3004,12,250,'Y')
Insert into InvestigationFee(InvestigationID, OrgID, Amount,IsVariable)  values  (3005,12,250,'Y')
Insert into InvestigationFee(InvestigationID, OrgID, Amount,IsVariable)  values  (3006,12,250,'Y')
Insert into InvestigationFee(InvestigationID, OrgID, Amount,IsVariable)  values  (3007,12,80,'Y')
Insert into InvestigationFee(InvestigationID, OrgID, Amount,IsVariable)  values  (3008,12,250,'Y')
Insert into InvestigationFee(InvestigationID, OrgID, Amount,IsVariable)  values  (3009,12,150,'Y')
Insert into InvestigationFee(InvestigationID, OrgID, Amount,IsVariable)  values  (3010,12,250,'Y')
Insert into InvestigationFee(InvestigationID, OrgID, Amount,IsVariable)  values  (3011,12,40,'Y')
Insert into InvestigationFee(InvestigationID, OrgID, Amount,IsVariable)  values  (3012,12,40,'Y')
Insert into InvestigationFee(InvestigationID, OrgID, Amount,IsVariable)  values  (3013,12,40,'Y')
Insert into InvestigationFee(InvestigationID, OrgID, Amount,IsVariable)  values  (3014,12,300,'Y')
Insert into InvestigationFee(InvestigationID, OrgID, Amount,IsVariable)  values  (3016,12,250,'Y')
Insert into InvestigationFee(InvestigationID, OrgID, Amount,IsVariable)  values  (3017,12,250,'Y')
Insert into InvestigationFee(InvestigationID, OrgID, Amount,IsVariable)  values  (3018,12,50,'Y')
Insert into InvestigationFee(InvestigationID, OrgID, Amount,IsVariable)  values  (3019,12,50,'Y')
Insert into InvestigationFee(InvestigationID, OrgID, Amount,IsVariable)  values  (3020,12,250,'Y')
Insert into InvestigationFee(InvestigationID, OrgID, Amount,IsVariable)  values  (3021,12,250,'Y')
Insert into InvestigationFee(InvestigationID, OrgID, Amount,IsVariable)  values  (3022,12,250,'Y')
Insert into InvestigationFee(InvestigationID, OrgID, Amount,IsVariable)  values  (3023,12,250,'Y')
Insert into InvestigationFee(InvestigationID, OrgID, Amount,IsVariable)  values  (3024,12,250,'Y')
Insert into InvestigationFee(InvestigationID, OrgID, Amount,IsVariable)  values  (3025,12,250,'Y')
Insert into InvestigationFee(InvestigationID, OrgID, Amount,IsVariable)  values  (3026,12,250,'Y')
Insert into InvestigationFee(InvestigationID, OrgID, Amount,IsVariable)  values  (3027,12,250,'Y')
Insert into InvestigationFee(InvestigationID, OrgID, Amount,IsVariable)  values  (3028,12,250,'Y')
Insert into InvestigationFee(InvestigationID, OrgID, Amount,IsVariable)  values  (3029,12,250,'Y')
Insert into InvestigationFee(InvestigationID, OrgID, Amount,IsVariable)  values  (3030,12,250,'Y')
Insert into InvestigationFee(InvestigationID, OrgID, Amount,IsVariable)  values  (3031,12,250,'Y')
Insert into InvestigationFee(InvestigationID, OrgID, Amount,IsVariable)  values  (3032,12,250,'Y')
Insert into InvestigationFee(InvestigationID, OrgID, Amount,IsVariable)  values  (3033,12,250,'Y')
Insert into InvestigationFee(InvestigationID, OrgID, Amount,IsVariable)  values  (3034,12,250,'Y')
Insert into InvestigationFee(InvestigationID, OrgID, Amount,IsVariable)  values  (3035,12,250,'Y')
Insert into InvestigationFee(InvestigationID, OrgID, Amount,IsVariable)  values  (3036,12,250,'Y')
Insert into InvestigationFee(InvestigationID, OrgID, Amount,IsVariable)  values  (3037,12,250,'Y')
Insert into InvestigationFee(InvestigationID, OrgID, Amount,IsVariable)  values  (3038,12,250,'Y')
Insert into InvestigationFee(InvestigationID, OrgID, Amount,IsVariable)  values  (3039,12,125,'Y')
Insert into InvestigationFee(InvestigationID, OrgID, Amount,IsVariable)  values  (3040,12,40,'Y')
Insert into InvestigationFee(InvestigationID, OrgID, Amount,IsVariable)  values  (3041,12,40,'Y')
Insert into InvestigationFee(InvestigationID, OrgID, Amount,IsVariable)  values  (3042,12,50,'Y')
Insert into InvestigationFee(InvestigationID, OrgID, Amount,IsVariable)  values  (3043,12,180,'Y')
Insert into InvestigationFee(InvestigationID, OrgID, Amount,IsVariable)  values  (3044,12,250,'Y')
Insert into InvestigationFee(InvestigationID, OrgID, Amount,IsVariable)  values  (3045,12,250,'Y')
Insert into InvestigationFee(InvestigationID, OrgID, Amount,IsVariable)  values  (3046,12,250,'Y')
Insert into InvestigationFee(InvestigationID, OrgID, Amount,IsVariable)  values  (3047,12,250,'Y')
Insert into InvestigationFee(InvestigationID, OrgID, Amount,IsVariable)  values  (3048,12,175,'Y')
Insert into InvestigationFee(InvestigationID, OrgID, Amount,IsVariable)  values  (3049,12,175,'Y')
Insert into InvestigationFee(InvestigationID, OrgID, Amount,IsVariable)  values  (3050,12,250,'Y')
Insert into InvestigationFee(InvestigationID, OrgID, Amount,IsVariable)  values  (3051,12,80,'Y')
Insert into InvestigationFee(InvestigationID, OrgID, Amount,IsVariable)  values  (3052,12,250,'Y')
Insert into InvestigationFee(InvestigationID, OrgID, Amount,IsVariable)  values  (3053,12,20,'Y')
Insert into InvestigationFee(InvestigationID, OrgID, Amount,IsVariable)  values  (3054,12,250,'Y')
Insert into InvestigationFee(InvestigationID, OrgID, Amount,IsVariable)  values  (3055,12,250,'Y')
Insert into InvestigationFee(InvestigationID, OrgID, Amount,IsVariable)  values  (3056,12,250,'Y')
Insert into InvestigationFee(InvestigationID, OrgID, Amount,IsVariable)  values  (3057,12,250,'Y')
Insert into InvestigationFee(InvestigationID, OrgID, Amount,IsVariable)  values  (3058,12,250,'Y')
Insert into InvestigationFee(InvestigationID, OrgID, Amount,IsVariable)  values  (3059,12,250,'Y')
Insert into InvestigationFee(InvestigationID, OrgID, Amount,IsVariable)  values  (3060,12,250,'Y')
Insert into InvestigationFee(InvestigationID, OrgID, Amount,IsVariable)  values  (3061,12,250,'Y')
Insert into InvestigationFee(InvestigationID, OrgID, Amount,IsVariable)  values  (3062,12,250,'Y')
Insert into InvestigationFee(InvestigationID, OrgID, Amount,IsVariable)  values  (3063,12,250,'Y')
Insert into InvestigationFee(InvestigationID, OrgID, Amount,IsVariable)  values  (3064,12,60,'Y')
Insert into InvestigationFee(InvestigationID, OrgID, Amount,IsVariable)  values  (3065,12,250,'Y')
Insert into InvestigationFee(InvestigationID, OrgID, Amount,IsVariable)  values  (3066,12,250,'Y')
Insert into InvestigationFee(InvestigationID, OrgID, Amount,IsVariable)  values  (3067,12,250,'Y')
Insert into InvestigationFee(InvestigationID, OrgID, Amount,IsVariable)  values  (3068,12,250,'Y')
Insert into InvestigationFee(InvestigationID, OrgID, Amount,IsVariable)  values  (3069,12,250,'Y')
Insert into InvestigationFee(InvestigationID, OrgID, Amount,IsVariable)  values  (3070,12,250,'Y')
Insert into InvestigationFee(InvestigationID, OrgID, Amount,IsVariable)  values  (3071,12,250,'Y')
Insert into InvestigationFee(InvestigationID, OrgID, Amount,IsVariable)  values  (3072,12,450,'Y')
Insert into InvestigationFee(InvestigationID, OrgID, Amount,IsVariable)  values  (3073,12,250,'Y')
Insert into InvestigationFee(InvestigationID, OrgID, Amount,IsVariable)  values  (3074,12,300,'Y')
Insert into InvestigationFee(InvestigationID, OrgID, Amount,IsVariable)  values  (3075,12,250,'Y')
Insert into InvestigationFee(InvestigationID, OrgID, Amount,IsVariable)  values  (3076,12,250,'Y')
Insert into InvestigationFee(InvestigationID, OrgID, Amount,IsVariable)  values  (3077,12,250,'Y')
Insert into InvestigationFee(InvestigationID, OrgID, Amount,IsVariable)  values  (3078,12,250,'Y')
Insert into InvestigationFee(InvestigationID, OrgID, Amount,IsVariable)  values  (3079,12,250,'Y')
Insert into InvestigationFee(InvestigationID, OrgID, Amount,IsVariable)  values  (3080,12,250,'Y')
Insert into InvestigationFee(InvestigationID, OrgID, Amount,IsVariable)  values  (3081,12,250,'Y')
Insert into InvestigationFee(InvestigationID, OrgID, Amount,IsVariable)  values  (3082,12,250,'Y')
Insert into InvestigationFee(InvestigationID, OrgID, Amount,IsVariable)  values  (3083,12,250,'Y')
Insert into InvestigationFee(InvestigationID, OrgID, Amount,IsVariable)  values  (3084,12,250,'Y')
Insert into InvestigationFee(InvestigationID, OrgID, Amount,IsVariable)  values  (3085,12,250,'Y')
Insert into InvestigationFee(InvestigationID, OrgID, Amount,IsVariable)  values  (3086,12,250,'Y')
Insert into InvestigationFee(InvestigationID, OrgID, Amount,IsVariable)  values  (3087,12,250,'Y')
Insert into InvestigationFee(InvestigationID, OrgID, Amount,IsVariable)  values  (3088,12,250,'Y')
Insert into InvestigationFee(InvestigationID, OrgID, Amount,IsVariable)  values  (3089,12,250,'Y')
Insert into InvestigationFee(InvestigationID, OrgID, Amount,IsVariable)  values  (3090,12,250,'Y')
Insert into InvestigationFee(InvestigationID, OrgID, Amount,IsVariable)  values  (3091,12,250,'Y')
Insert into InvestigationFee(InvestigationID, OrgID, Amount,IsVariable)  values  (3092,12,250,'Y')
Insert into InvestigationFee(InvestigationID, OrgID, Amount,IsVariable)  values  (3093,12,250,'Y')
Insert into InvestigationFee(InvestigationID, OrgID, Amount,IsVariable)  values  (3094,12,250,'Y')
Insert into InvestigationFee(InvestigationID, OrgID, Amount,IsVariable)  values  (3095,12,250,'Y')
Insert into InvestigationFee(InvestigationID, OrgID, Amount,IsVariable)  values  (3096,12,250,'Y')
Insert into InvestigationFee(InvestigationID, OrgID, Amount,IsVariable)  values  (3097,12,250,'Y')
Insert into InvestigationFee(InvestigationID, OrgID, Amount,IsVariable)  values  (3098,12,250,'Y')
Insert into InvestigationFee(InvestigationID, OrgID, Amount,IsVariable)  values  (3099,12,250,'Y')
Insert into InvestigationFee(InvestigationID, OrgID, Amount,IsVariable)  values  (3100,12,250,'Y')
Insert into InvestigationFee(InvestigationID, OrgID, Amount,IsVariable)  values  (3101,12,250,'Y')
Insert into InvestigationFee(InvestigationID, OrgID, Amount,IsVariable)  values  (3102,12,250,'Y')
Insert into InvestigationFee(InvestigationID, OrgID, Amount,IsVariable)  values  (3103,12,250,'Y')
Insert into InvestigationFee(InvestigationID, OrgID, Amount,IsVariable)  values  (3104,12,250,'Y')
Insert into InvestigationFee(InvestigationID, OrgID, Amount,IsVariable)  values  (3105,12,250,'Y')
Insert into InvestigationFee(InvestigationID, OrgID, Amount,IsVariable)  values  (3106,12,250,'Y')
Insert into InvestigationFee(InvestigationID, OrgID, Amount,IsVariable)  values  (3107,12,250,'Y')
Insert into InvestigationFee(InvestigationID, OrgID, Amount,IsVariable)  values  (3108,12,250,'Y')
Insert into InvestigationFee(InvestigationID, OrgID, Amount,IsVariable)  values  (3109,12,250,'Y')
Insert into InvestigationFee(InvestigationID, OrgID, Amount,IsVariable)  values  (3111,12,250,'Y')
Insert into InvestigationFee(InvestigationID, OrgID, Amount,IsVariable)  values  (3112,12,250,'Y')
Insert into InvestigationFee(InvestigationID, OrgID, Amount,IsVariable)  values  (3113,12,250,'Y')
Insert into InvestigationFee(InvestigationID, OrgID, Amount,IsVariable)  values  (3114,12,250,'Y')
Insert into InvestigationFee(InvestigationID, OrgID, Amount,IsVariable)  values  (3115,12,250,'Y')
Insert into InvestigationFee(InvestigationID, OrgID, Amount,IsVariable)  values  (3116,12,250,'Y')
Insert into InvestigationFee(InvestigationID, OrgID, Amount,IsVariable)  values  (3117,12,250,'Y')
Insert into InvestigationFee(InvestigationID, OrgID, Amount,IsVariable)  values  (3118,12,250,'Y')
Insert into InvestigationFee(InvestigationID, OrgID, Amount,IsVariable)  values  (3119,12,250,'Y')
Insert into InvestigationFee(InvestigationID, OrgID, Amount,IsVariable)  values  (3120,12,250,'Y')
Insert into InvestigationFee(InvestigationID, OrgID, Amount,IsVariable)  values  (3121,12,250,'Y')
Insert into InvestigationFee(InvestigationID, OrgID, Amount,IsVariable)  values  (3122,12,250,'Y')
Insert into InvestigationFee(InvestigationID, OrgID, Amount,IsVariable)  values  (3123,12,250,'Y')
Insert into InvestigationFee(InvestigationID, OrgID, Amount,IsVariable)  values  (3124,12,250,'Y')
Insert into InvestigationFee(InvestigationID, OrgID, Amount,IsVariable)  values  (3125,12,250,'Y')
Insert into InvestigationFee(InvestigationID, OrgID, Amount,IsVariable)  values  (3126,12,250,'Y')
Insert into InvestigationFee(InvestigationID, OrgID, Amount,IsVariable)  values  (3127,12,250,'Y')
Insert into InvestigationFee(InvestigationID, OrgID, Amount,IsVariable)  values  (3128,12,250,'Y')
Insert into InvestigationFee(InvestigationID, OrgID, Amount,IsVariable)  values  (3129,12,250,'Y')
Insert into InvestigationFee(InvestigationID, OrgID, Amount,IsVariable)  values  (3130,12,250,'Y')
Insert into InvestigationFee(InvestigationID, OrgID, Amount,IsVariable)  values  (3131,12,250,'Y')
Insert into InvestigationFee(InvestigationID, OrgID, Amount,IsVariable)  values  (3132,12,250,'Y')
Insert into InvestigationFee(InvestigationID, OrgID, Amount,IsVariable)  values  (3133,12,250,'Y')
Insert into InvestigationFee(InvestigationID, OrgID, Amount,IsVariable)  values  (3134,12,250,'Y')
Insert into InvestigationFee(InvestigationID, OrgID, Amount,IsVariable)  values  (3135,12,250,'Y')
Insert into InvestigationFee(InvestigationID, OrgID, Amount,IsVariable)  values  (3136,12,250,'Y')
Insert into InvestigationFee(InvestigationID, OrgID, Amount,IsVariable)  values  (3137,12,250,'Y')
Insert into InvestigationFee(InvestigationID, OrgID, Amount,IsVariable)  values  (1004,12,250,'Y')
Insert into InvestigationFee(InvestigationID, OrgID, Amount,IsVariable)  values  (1005,12,250,'Y')
Insert into InvestigationFee(InvestigationID, OrgID, Amount,IsVariable)  values  (1006,12,250,'Y')
Insert into InvestigationFee(InvestigationID, OrgID, Amount,IsVariable)  values  (1007,12,250,'Y')
Insert into InvestigationFee(InvestigationID, OrgID, Amount,IsVariable)  values  (1008,12,250,'Y')
Insert into InvestigationFee(InvestigationID, OrgID, Amount,IsVariable)  values  (1009,12,250,'Y')
Insert into InvestigationFee(InvestigationID, OrgID, Amount,IsVariable)  values  (1010,12,250,'Y')
Insert into InvestigationFee(InvestigationID, OrgID, Amount,IsVariable)  values  (1011,12,250,'Y')
Insert into InvestigationFee(InvestigationID, OrgID, Amount,IsVariable)  values  (2002,12,40,'Y')
Insert into InvestigationFee(InvestigationID, OrgID, Amount,IsVariable)  values  (2003,12,250,'Y')
Insert into InvestigationFee(InvestigationID, OrgID, Amount,IsVariable)  values  (2004,12,250,'Y')
Insert into InvestigationFee(InvestigationID, OrgID, Amount,IsVariable)  values  (2005,12,250,'Y')
Insert into InvestigationFee(InvestigationID, OrgID, Amount,IsVariable)  values  (2006,12,250,'Y')
Insert into InvestigationFee(InvestigationID, OrgID, Amount,IsVariable)  values  (2007,12,250,'Y')
Insert into InvestigationFee(InvestigationID, OrgID, Amount,IsVariable)  values  (2008,12,250,'Y')
Insert into InvestigationFee(InvestigationID, OrgID, Amount,IsVariable)  values  (2009,12,250,'Y')
Insert into InvestigationFee(InvestigationID, OrgID, Amount,IsVariable)  values  (2010,12,250,'Y')
Insert into InvestigationFee(InvestigationID, OrgID, Amount,IsVariable)  values  (2011,12,250,'Y')
Insert into InvestigationFee(InvestigationID, OrgID, Amount,IsVariable)  values  (2012,12,250,'Y')
Insert into InvestigationFee(InvestigationID, OrgID, Amount,IsVariable)  values  (2013,12,25,'Y')
Insert into InvestigationFee(InvestigationID, OrgID, Amount,IsVariable)  values  (2014,12,40,'Y')
Insert into InvestigationFee(InvestigationID, OrgID, Amount,IsVariable)  values  (2015,12,250,'Y')
Insert into InvestigationFee(InvestigationID, OrgID, Amount,IsVariable)  values  (2016,12,250,'Y')
Insert into InvestigationFee(InvestigationID, OrgID, Amount,IsVariable)  values  (2017,12,250,'Y')
Insert into InvestigationFee(InvestigationID, OrgID, Amount,IsVariable)  values  (2018,12,250,'Y')
Insert into InvestigationFee(InvestigationID, OrgID, Amount,IsVariable)  values  (2019,12,250,'Y')
Insert into InvestigationFee(InvestigationID, OrgID, Amount,IsVariable)  values  (2020,12,250,'Y')
Insert into InvestigationFee(InvestigationID, OrgID, Amount,IsVariable)  values  (2021,12,250,'Y')
Insert into InvestigationFee(InvestigationID, OrgID, Amount,IsVariable)  values  (2022,12,250,'Y')
Insert into InvestigationFee(InvestigationID, OrgID, Amount,IsVariable)  values  (2023,12,250,'Y')
Insert into InvestigationFee(InvestigationID, OrgID, Amount,IsVariable)  values  (2024,12,250,'Y')
Insert into InvestigationFee(InvestigationID, OrgID, Amount,IsVariable)  values  (2025,12,250,'Y')
Insert into InvestigationFee(InvestigationID, OrgID, Amount,IsVariable)  values  (2026,12,250,'Y')
Insert into InvestigationFee(InvestigationID, OrgID, Amount,IsVariable)  values  (2027,12,250,'Y')
Insert into InvestigationFee(InvestigationID, OrgID, Amount,IsVariable)  values  (2028,12,250,'Y')
Insert into InvestigationFee(InvestigationID, OrgID, Amount,IsVariable)  values  (2029,12,250,'Y')
Insert into InvestigationFee(InvestigationID, OrgID, Amount,IsVariable)  values  (2030,12,250,'Y')
Insert into InvestigationFee(InvestigationID, OrgID, Amount,IsVariable)  values  (2031,12,50,'Y')
Insert into InvestigationFee(InvestigationID, OrgID, Amount,IsVariable)  values  (2032,12,250,'Y')
Insert into InvestigationFee(InvestigationID, OrgID, Amount,IsVariable)  values  (2033,12,250,'Y')
Insert into InvestigationFee(InvestigationID, OrgID, Amount,IsVariable)  values  (2034,12,250,'Y')
Insert into InvestigationFee(InvestigationID, OrgID, Amount,IsVariable)  values  (2035,12,250,'Y')
Insert into InvestigationFee(InvestigationID, OrgID, Amount,IsVariable)  values  (2036,12,250,'Y')
Insert into InvestigationFee(InvestigationID, OrgID, Amount,IsVariable)  values  (2037,12,250,'Y')
Insert into InvestigationFee(InvestigationID, OrgID, Amount,IsVariable)  values  (2038,12,250,'Y')
Insert into InvestigationFee(InvestigationID, OrgID, Amount,IsVariable)  values  (2039,12,250,'Y')
Insert into InvestigationFee(InvestigationID, OrgID, Amount,IsVariable)  values  (2040,12,250,'Y')
Insert into InvestigationFee(InvestigationID, OrgID, Amount,IsVariable)  values  (2041,12,250,'Y')
Insert into InvestigationFee(InvestigationID, OrgID, Amount,IsVariable)  values  (2042,12,250,'Y')
Insert into InvestigationFee(InvestigationID, OrgID, Amount,IsVariable)  values  (2043,12,25,'Y')
Insert into InvestigationFee(InvestigationID, OrgID, Amount,IsVariable)  values  (2044,12,250,'Y')
Insert into InvestigationFee(InvestigationID, OrgID, Amount,IsVariable)  values  (2045,12,25,'Y')
Insert into InvestigationFee(InvestigationID, OrgID, Amount,IsVariable)  values  (2046,12,250,'Y')
Insert into InvestigationFee(InvestigationID, OrgID, Amount,IsVariable)  values  (2047,12,60,'Y')
Insert into InvestigationFee(InvestigationID, OrgID, Amount,IsVariable)  values  (2048,12,250,'Y')
Insert into InvestigationFee(InvestigationID, OrgID, Amount,IsVariable)  values  (2049,12,250,'Y')
Insert into InvestigationFee(InvestigationID, OrgID, Amount,IsVariable)  values  (2050,12,250,'Y')
Insert into InvestigationFee(InvestigationID, OrgID, Amount,IsVariable)  values  (2051,12,250,'Y')
Insert into InvestigationFee(InvestigationID, OrgID, Amount,IsVariable)  values  (2052,12,250,'Y')
Insert into InvestigationFee(InvestigationID, OrgID, Amount,IsVariable)  values  (2053,12,250,'Y')
Insert into InvestigationFee(InvestigationID, OrgID, Amount,IsVariable)  values  (2054,12,250,'Y')
Insert into InvestigationFee(InvestigationID, OrgID, Amount,IsVariable)  values  (2055,12,250,'Y')
Insert into InvestigationFee(InvestigationID, OrgID, Amount,IsVariable)  values  (2056,12,250,'Y')
Insert into InvestigationFee(InvestigationID, OrgID, Amount,IsVariable)  values  (2058,12,250,'Y')
Insert into InvestigationFee(InvestigationID, OrgID, Amount,IsVariable)  values  (2057,12,250,'Y')
Insert into InvestigationFee(InvestigationID, OrgID, Amount,IsVariable)  values  (4080,12,50,'Y')
Insert into InvestigationFee(InvestigationID, OrgID, Amount,IsVariable)  values  (4002,12,250,'Y')
Insert into InvestigationFee(InvestigationID, OrgID, Amount,IsVariable)  values  (4003,12,250,'Y')
Insert into InvestigationFee(InvestigationID, OrgID, Amount,IsVariable)  values  (4004,12,250,'Y')
Insert into InvestigationFee(InvestigationID, OrgID, Amount,IsVariable)  values  (4005,12,250,'Y')
Insert into InvestigationFee(InvestigationID, OrgID, Amount,IsVariable)  values  (4006,12,250,'Y')
Insert into InvestigationFee(InvestigationID, OrgID, Amount,IsVariable)  values  (4007,12,250,'Y')
Insert into InvestigationFee(InvestigationID, OrgID, Amount,IsVariable)  values  (4008,12,250,'Y')
Insert into InvestigationFee(InvestigationID, OrgID, Amount,IsVariable)  values  (4009,12,250,'Y')
Insert into InvestigationFee(InvestigationID, OrgID, Amount,IsVariable)  values  (4010,12,250,'Y')
Insert into InvestigationFee(InvestigationID, OrgID, Amount,IsVariable)  values  (4011,12,250,'Y')
Insert into InvestigationFee(InvestigationID, OrgID, Amount,IsVariable)  values  (4012,12,250,'Y')
Insert into InvestigationFee(InvestigationID, OrgID, Amount,IsVariable)  values  (4013,12,250,'Y')
Insert into InvestigationFee(InvestigationID, OrgID, Amount,IsVariable)  values  (4014,12,250,'Y')
Insert into InvestigationFee(InvestigationID, OrgID, Amount,IsVariable)  values  (4015,12,250,'Y')
Insert into InvestigationFee(InvestigationID, OrgID, Amount,IsVariable)  values  (4016,12,250,'Y')
Insert into InvestigationFee(InvestigationID, OrgID, Amount,IsVariable)  values  (4017,12,250,'Y')
Insert into InvestigationFee(InvestigationID, OrgID, Amount,IsVariable)  values  (4018,12,250,'Y')
Insert into InvestigationFee(InvestigationID, OrgID, Amount,IsVariable)  values  (4019,12,250,'Y')
Insert into InvestigationFee(InvestigationID, OrgID, Amount,IsVariable)  values  (4020,12,250,'Y')
Insert into InvestigationFee(InvestigationID, OrgID, Amount,IsVariable)  values  (4021,12,250,'Y')
Insert into InvestigationFee(InvestigationID, OrgID, Amount,IsVariable)  values  (4022,12,250,'Y')
Insert into InvestigationFee(InvestigationID, OrgID, Amount,IsVariable)  values  (4023,12,250,'Y')
Insert into InvestigationFee(InvestigationID, OrgID, Amount,IsVariable)  values  (4024,12,250,'Y')
Insert into InvestigationFee(InvestigationID, OrgID, Amount,IsVariable)  values  (4025,12,250,'Y')
Insert into InvestigationFee(InvestigationID, OrgID, Amount,IsVariable)  values  (4026,12,250,'Y')
Insert into InvestigationFee(InvestigationID, OrgID, Amount,IsVariable)  values  (4027,12,250,'Y')
Insert into InvestigationFee(InvestigationID, OrgID, Amount,IsVariable)  values  (4028,12,250,'Y')
Insert into InvestigationFee(InvestigationID, OrgID, Amount,IsVariable)  values  (4029,12,250,'Y')
Insert into InvestigationFee(InvestigationID, OrgID, Amount,IsVariable)  values  (4030,12,250,'Y')
Insert into InvestigationFee(InvestigationID, OrgID, Amount,IsVariable)  values  (4031,12,250,'Y')
Insert into InvestigationFee(InvestigationID, OrgID, Amount,IsVariable)  values  (4032,12,250,'Y')
Insert into InvestigationFee(InvestigationID, OrgID, Amount,IsVariable)  values  (4033,12,250,'Y')
Insert into InvestigationFee(InvestigationID, OrgID, Amount,IsVariable)  values  (4034,12,250,'Y')
Insert into InvestigationFee(InvestigationID, OrgID, Amount,IsVariable)  values  (4035,12,250,'Y')
Insert into InvestigationFee(InvestigationID, OrgID, Amount,IsVariable)  values  (4036,12,250,'Y')
Insert into InvestigationFee(InvestigationID, OrgID, Amount,IsVariable)  values  (4037,12,250,'Y')
Insert into InvestigationFee(InvestigationID, OrgID, Amount,IsVariable)  values  (4038,12,250,'Y')
Insert into InvestigationFee(InvestigationID, OrgID, Amount,IsVariable)  values  (4039,12,250,'Y')
Insert into InvestigationFee(InvestigationID, OrgID, Amount,IsVariable)  values  (4040,12,250,'Y')
Insert into InvestigationFee(InvestigationID, OrgID, Amount,IsVariable)  values  (4041,12,250,'Y')
Insert into InvestigationFee(InvestigationID, OrgID, Amount,IsVariable)  values  (4042,12,250,'Y')
Insert into InvestigationFee(InvestigationID, OrgID, Amount,IsVariable)  values  (4043,12,250,'Y')
Insert into InvestigationFee(InvestigationID, OrgID, Amount,IsVariable)  values  (4044,12,250,'Y')
Insert into InvestigationFee(InvestigationID, OrgID, Amount,IsVariable)  values  (4045,12,250,'Y')
Insert into InvestigationFee(InvestigationID, OrgID, Amount,IsVariable)  values  (4046,12,250,'Y')
Insert into InvestigationFee(InvestigationID, OrgID, Amount,IsVariable)  values  (4047,12,250,'Y')
Insert into InvestigationFee(InvestigationID, OrgID, Amount,IsVariable)  values  (4048,12,250,'Y')
Insert into InvestigationFee(InvestigationID, OrgID, Amount,IsVariable)  values  (4049,12,250,'Y')
Insert into InvestigationFee(InvestigationID, OrgID, Amount,IsVariable)  values  (4050,12,250,'Y')
Insert into InvestigationFee(InvestigationID, OrgID, Amount,IsVariable)  values  (4051,12,250,'Y')
Insert into InvestigationFee(InvestigationID, OrgID, Amount,IsVariable)  values  (4052,12,40,'Y')
Insert into InvestigationFee(InvestigationID, OrgID, Amount,IsVariable)  values  (4053,12,40,'Y')
Insert into InvestigationFee(InvestigationID, OrgID, Amount,IsVariable)  values  (4054,12,250,'Y')
Insert into InvestigationFee(InvestigationID, OrgID, Amount,IsVariable)  values  (4055,12,250,'Y')
Insert into InvestigationFee(InvestigationID, OrgID, Amount,IsVariable)  values  (4056,12,250,'Y')
Insert into InvestigationFee(InvestigationID, OrgID, Amount,IsVariable)  values  (4057,12,250,'Y')
Insert into InvestigationFee(InvestigationID, OrgID, Amount,IsVariable)  values  (4058,12,250,'Y')
Insert into InvestigationFee(InvestigationID, OrgID, Amount,IsVariable)  values  (4059,12,250,'Y')
Insert into InvestigationFee(InvestigationID, OrgID, Amount,IsVariable)  values  (4060,12,250,'Y')
Insert into InvestigationFee(InvestigationID, OrgID, Amount,IsVariable)  values  (4061,12,250,'Y')
Insert into InvestigationFee(InvestigationID, OrgID, Amount,IsVariable)  values  (4062,12,250,'Y')
Insert into InvestigationFee(InvestigationID, OrgID, Amount,IsVariable)  values  (4063,12,250,'Y')
Insert into InvestigationFee(InvestigationID, OrgID, Amount,IsVariable)  values  (4064,12,250,'Y')
Insert into InvestigationFee(InvestigationID, OrgID, Amount,IsVariable)  values  (4065,12,250,'Y')
Insert into InvestigationFee(InvestigationID, OrgID, Amount,IsVariable)  values  (4066,12,250,'Y')
Insert into InvestigationFee(InvestigationID, OrgID, Amount,IsVariable)  values  (4067,12,250,'Y')
Insert into InvestigationFee(InvestigationID, OrgID, Amount,IsVariable)  values  (4068,12,250,'Y')
Insert into InvestigationFee(InvestigationID, OrgID, Amount,IsVariable)  values  (4069,12,250,'Y')
Insert into InvestigationFee(InvestigationID, OrgID, Amount,IsVariable)  values  (4070,12,250,'Y')
Insert into InvestigationFee(InvestigationID, OrgID, Amount,IsVariable)  values  (4071,12,250,'Y')
Insert into InvestigationFee(InvestigationID, OrgID, Amount,IsVariable)  values  (4072,12,250,'Y')
Insert into InvestigationFee(InvestigationID, OrgID, Amount,IsVariable)  values  (4073,12,250,'Y')
Insert into InvestigationFee(InvestigationID, OrgID, Amount,IsVariable)  values  (4074,12,250,'Y')
Insert into InvestigationFee(InvestigationID, OrgID, Amount,IsVariable)  values  (4075,12,250,'Y')
Insert into InvestigationFee(InvestigationID, OrgID, Amount,IsVariable)  values  (4076,12,250,'Y')
Insert into InvestigationFee(InvestigationID, OrgID, Amount,IsVariable)  values  (4082,12,250,'Y')
Insert into InvestigationFee(InvestigationID, OrgID, Amount,IsVariable)  values  (4083,12,250,'Y')
Insert into InvestigationFee(InvestigationID, OrgID, Amount,IsVariable)  values  (4084,12,250,'Y')
Insert into InvestigationFee(InvestigationID, OrgID, Amount,IsVariable)  values  (4085,12,250,'Y')
Insert into InvestigationFee(InvestigationID, OrgID, Amount,IsVariable)  values  (4086,12,250,'Y')
Insert into InvestigationFee(InvestigationID, OrgID, Amount,IsVariable)  values  (4087,12,250,'Y')
Insert into InvestigationFee(InvestigationID, OrgID, Amount,IsVariable)  values  (4088,12,250,'Y')
Insert into InvestigationFee(InvestigationID, OrgID, Amount,IsVariable)  values  (4089,12,70,'Y')
Insert into InvestigationFee(InvestigationID, OrgID, Amount,IsVariable)  values  (4090,12,150,'Y')
Insert into InvestigationFee(InvestigationID, OrgID, Amount,IsVariable)  values  (4091,12,150,'Y')
Insert into InvestigationFee(InvestigationID, OrgID, Amount,IsVariable)  values  (4092,12,250,'Y')
Insert into InvestigationFee(InvestigationID, OrgID, Amount,IsVariable)  values  (4093,12,250,'Y')
Insert into InvestigationFee(InvestigationID, OrgID, Amount,IsVariable)  values  (4096,12,250,'Y')
Insert into InvestigationFee(InvestigationID, OrgID, Amount,IsVariable)  values  (4097,12,300,'Y')
Insert into InvestigationFee(InvestigationID, OrgID, Amount,IsVariable)  values  (4098,12,300,'Y')
Insert into InvestigationFee(InvestigationID, OrgID, Amount,IsVariable)  values  (4099,12,250,'Y')
Insert into InvestigationFee(InvestigationID, OrgID, Amount,IsVariable)  values  (4100,12,250,'Y')
Insert into InvestigationFee(InvestigationID, OrgID, Amount,IsVariable)  values  (4101,12,250,'Y')
Insert into InvestigationFee(InvestigationID, OrgID, Amount,IsVariable)  values  (4102,12,250,'Y')
Insert into InvestigationFee(InvestigationID, OrgID, Amount,IsVariable)  values  (4103,12,250,'Y')
Insert into InvestigationFee(InvestigationID, OrgID, Amount,IsVariable)  values  (4104,12,250,'Y')
Insert into InvestigationFee(InvestigationID, OrgID, Amount,IsVariable)  values  (4105,12,250,'Y')
Insert into InvestigationFee(InvestigationID, OrgID, Amount,IsVariable)  values  (4106,12,250,'Y')
Insert into InvestigationFee(InvestigationID, OrgID, Amount,IsVariable)  values  (4107,12,250,'Y')
Insert into InvestigationFee(InvestigationID, OrgID, Amount,IsVariable)  values  (4108,12,250,'Y')
Insert into InvestigationFee(InvestigationID, OrgID, Amount,IsVariable)  values  (4109,12,250,'Y')
Insert into InvestigationFee(InvestigationID, OrgID, Amount,IsVariable)  values  (4110,12,250,'Y')
Insert into InvestigationFee(InvestigationID, OrgID, Amount,IsVariable)  values  (4111,12,250,'Y')
Insert into InvestigationFee(InvestigationID, OrgID, Amount,IsVariable)  values  (4112,12,250,'Y')
Insert into InvestigationFee(InvestigationID, OrgID, Amount,IsVariable)  values  (4113,12,250,'Y')
Insert into InvestigationFee(InvestigationID, OrgID, Amount,IsVariable)  values  (4114,12,250,'Y')
Insert into InvestigationFee(InvestigationID, OrgID, Amount,IsVariable)  values  (4115,12,250,'Y')
Insert into InvestigationFee(InvestigationID, OrgID, Amount,IsVariable)  values  (4116,12,250,'Y')
Insert into InvestigationFee(InvestigationID, OrgID, Amount,IsVariable)  values  (4117,12,250,'Y')
Insert into InvestigationFee(InvestigationID, OrgID, Amount,IsVariable)  values  (4118,12,250,'Y')
Insert into InvestigationFee(InvestigationID, OrgID, Amount,IsVariable)  values  (4119,12,250,'Y')
Insert into InvestigationFee(InvestigationID, OrgID, Amount,IsVariable)  values  (4120,12,250,'Y')
Insert into InvestigationFee(InvestigationID, OrgID, Amount,IsVariable)  values  (4121,12,250,'Y')
Insert into InvestigationFee(InvestigationID, OrgID, Amount,IsVariable)  values  (4122,12,250,'Y')
Insert into InvestigationFee(InvestigationID, OrgID, Amount,IsVariable)  values  (4123,12,250,'Y')
Insert into InvestigationFee(InvestigationID, OrgID, Amount,IsVariable)  values  (4124,12,250,'Y')
Insert into InvestigationFee(InvestigationID, OrgID, Amount,IsVariable)  values  (4127,12,150,'Y')
Insert into InvestigationFee(InvestigationID, OrgID, Amount,IsVariable)  values  (4128,12,250,'Y')
Insert into InvestigationFee(InvestigationID, OrgID, Amount,IsVariable)  values  (4129,12,400,'Y')
Insert into InvestigationFee(InvestigationID, OrgID, Amount,IsVariable)  values  (4130,12,250,'Y')
Insert into InvestigationFee(InvestigationID, OrgID, Amount,IsVariable)  values  (4131,12,250,'Y')
Insert into InvestigationFee(InvestigationID, OrgID, Amount,IsVariable)  values  (4132,12,250,'Y')
Insert into InvestigationFee(InvestigationID, OrgID, Amount,IsVariable)  values  (4133,12,250,'Y')
Insert into InvestigationFee(InvestigationID, OrgID, Amount,IsVariable)  values  (4134,12,250,'Y')
Insert into InvestigationFee(InvestigationID, OrgID, Amount,IsVariable)  values  (4135,12,250,'Y')
Insert into InvestigationFee(InvestigationID, OrgID, Amount,IsVariable)  values  (4136,12,250,'Y')
Insert into InvestigationFee(InvestigationID, OrgID, Amount,IsVariable)  values  (4137,12,250,'Y')
Insert into InvestigationFee(InvestigationID, OrgID, Amount,IsVariable)  values  (4138,12,250,'Y')
Insert into InvestigationFee(InvestigationID, OrgID, Amount,IsVariable)  values  (4139,12,250,'Y')
Insert into InvestigationFee(InvestigationID, OrgID, Amount,IsVariable)  values  (4140,12,250,'Y')
Insert into InvestigationFee(InvestigationID, OrgID, Amount,IsVariable)  values  (4141,12,250,'Y')
Insert into InvestigationFee(InvestigationID, OrgID, Amount,IsVariable)  values  (4081,12,250,'Y')
Insert into InvestigationFee(InvestigationID, OrgID, Amount,IsVariable)  values  (4361,12,50,'Y')
Insert into InvestigationFee(InvestigationID, OrgID, Amount,IsVariable)  values  (4209,12,400,'Y')
Insert into InvestigationFee(InvestigationID, OrgID, Amount,IsVariable)  values  (4221,12,150,'Y')
Insert into InvestigationFee(InvestigationID, OrgID, Amount,IsVariable)  values  (4435,12,250,'Y')
Insert into InvestigationFee(InvestigationID, OrgID, Amount,IsVariable)  values  (4622,12,200,'Y')
Insert into InvestigationFee(InvestigationID, OrgID, Amount,IsVariable)  values  (4623,12,300,'Y')
Insert into InvestigationFee(InvestigationID, OrgID, Amount,IsVariable)  values  (4624,12,200,'Y')
Insert into InvestigationFee(InvestigationID, OrgID, Amount,IsVariable)  values  (4417,12,250,'Y')
Insert into InvestigationFee(InvestigationID, OrgID, Amount,IsVariable)  values  (4423,12,250,'Y')
Insert into InvestigationFee(InvestigationID, OrgID, Amount,IsVariable)  values  (4300,12,50,'Y')
Insert into InvestigationFee(InvestigationID, OrgID, Amount,IsVariable)  values  (4625,12,435,'Y')
Insert into InvestigationFee(InvestigationID, OrgID, Amount,IsVariable)  values  (4333,12,2900,'Y')
Insert into InvestigationFee(InvestigationID, OrgID, Amount,IsVariable)  values  (4308,12,400,'Y')
Insert into InvestigationFee(InvestigationID, OrgID, Amount,IsVariable)  values  (4266,12,525,'Y')

Insert into InvestigationFee(InvestigationID, OrgID, Amount,IsVariable)  values  (4511,12,150,'Y')
Insert into InvestigationFee(InvestigationID, OrgID, Amount,IsVariable)  values  (4538,12,1500,'Y')
Insert into InvestigationFee(InvestigationID, OrgID, Amount,IsVariable)  values  (4513,12,2000,'Y')
Insert into InvestigationFee(InvestigationID, OrgID, Amount,IsVariable)  values  (4514,12,1200,'Y')
Insert into InvestigationFee(InvestigationID, OrgID, Amount,IsVariable)  values  (4544,12,150,'Y')
Insert into InvestigationFee(InvestigationID, OrgID, Amount,IsVariable)  values  (4520,12,150,'Y')
Insert into InvestigationFee(InvestigationID, OrgID, Amount,IsVariable)  values  (4523,12,2500,'Y')
Insert into InvestigationFee(InvestigationID, OrgID, Amount,IsVariable)  values  (4539,12,2850,'Y')
Insert into InvestigationFee(InvestigationID, OrgID, Amount,IsVariable)  values  (4541,12,150,'Y')
Insert into InvestigationFee(InvestigationID, OrgID, Amount,IsVariable)  values  (4530,12,150,'Y')
Insert into InvestigationFee(InvestigationID, OrgID, Amount,IsVariable)  values  (4529,12,150,'Y')
Insert into InvestigationFee(InvestigationID, OrgID, Amount,IsVariable)  values  (4532,12,150,'Y')
Insert into InvestigationFee(InvestigationID, OrgID, Amount,IsVariable)  values  (4546,12,150,'Y')
Insert into InvestigationFee(InvestigationID, OrgID, Amount,IsVariable)  values  (4542,12,150,'Y')

Insert into InvestigationFee(InvestigationID, OrgID, Amount,IsVariable)  values  (4626,12,150,'Y')
Insert into InvestigationFee(InvestigationID, OrgID, Amount,IsVariable)  values  (4627,12,150,'Y')
Insert into InvestigationFee(InvestigationID, OrgID, Amount,IsVariable)  values  (4628,12,300,'Y')
Insert into InvestigationFee(InvestigationID, OrgID, Amount,IsVariable)  values  (4629,12,150,'Y')
Insert into InvestigationFee(InvestigationID, OrgID, Amount,IsVariable)  values  (4630,12,150,'Y')
Insert into InvestigationFee(InvestigationID, OrgID, Amount,IsVariable)  values  (4631,12,150,'Y')
Insert into InvestigationFee(InvestigationID, OrgID, Amount,IsVariable)  values  (4632,12,150,'Y')
Insert into InvestigationFee(InvestigationID, OrgID, Amount,IsVariable)  values  (4633,12,300,'Y')
Insert into InvestigationFee(InvestigationID, OrgID, Amount,IsVariable)  values  (4634,12,150,'Y')
Insert into InvestigationFee(InvestigationID, OrgID, Amount,IsVariable)  values  (4635,12,150,'Y')
Insert into InvestigationFee(InvestigationID, OrgID, Amount,IsVariable)  values  (4636,12,150,'Y')
Insert into InvestigationFee(InvestigationID, OrgID, Amount,IsVariable)  values  (4637,12,150,'Y')
Insert into InvestigationFee(InvestigationID, OrgID, Amount,IsVariable)  values  (4638,12,150,'Y')
Insert into InvestigationFee(InvestigationID, OrgID, Amount,IsVariable)  values  (4639,12,150,'Y')
Insert into InvestigationFee(InvestigationID, OrgID, Amount,IsVariable)  values  (4640,12,150,'Y')
Insert into InvestigationFee(InvestigationID, OrgID, Amount,IsVariable)  values  (4641,12,800,'Y')
Insert into InvestigationFee(InvestigationID, OrgID, Amount,IsVariable)  values  (4642,12,150,'Y')
Insert into InvestigationFee(InvestigationID, OrgID, Amount,IsVariable)  values  (4643,12,150,'Y')
Insert into InvestigationFee(InvestigationID, OrgID, Amount,IsVariable)  values  (4644,12,150,'Y')
Insert into InvestigationFee(InvestigationID, OrgID, Amount,IsVariable)  values  (4645,12,150,'Y')
Insert into InvestigationFee(InvestigationID, OrgID, Amount,IsVariable)  values  (4646,12,150,'Y')
Insert into InvestigationFee(InvestigationID, OrgID, Amount,IsVariable)  values  (4647,12,150,'Y')
Insert into InvestigationFee(InvestigationID, OrgID, Amount,IsVariable)  values  (4648,12,150,'Y')
Insert into InvestigationFee(InvestigationID, OrgID, Amount,IsVariable)  values  (4649,12,300,'Y')
Insert into InvestigationFee(InvestigationID, OrgID, Amount,IsVariable)  values  (4650,12,300,'Y')
Insert into InvestigationFee(InvestigationID, OrgID, Amount,IsVariable)  values  (4651,12,150,'Y')
Insert into InvestigationFee(InvestigationID, OrgID, Amount,IsVariable)  values  (4652,12,150,'Y')
Insert into InvestigationFee(InvestigationID, OrgID, Amount,IsVariable)  values  (4653,12,150,'Y')
Insert into InvestigationFee(InvestigationID, OrgID, Amount,IsVariable)  values  (4654,12,150,'Y')
Insert into InvestigationFee(InvestigationID, OrgID, Amount,IsVariable)  values  (4655,12,150,'Y')
Insert into InvestigationFee(InvestigationID, OrgID, Amount,IsVariable)  values  (4656,12,150,'Y')
Insert into InvestigationFee(InvestigationID, OrgID, Amount,IsVariable)  values  (4657,12,150,'Y')
Insert into InvestigationFee(InvestigationID, OrgID, Amount,IsVariable)  values  (4658,12,150,'Y')
Insert into InvestigationFee(InvestigationID, OrgID, Amount,IsVariable)  values  (4659,12,3000,'Y')
Insert into InvestigationFee(InvestigationID, OrgID, Amount,IsVariable)  values  (4660,12,150,'Y')
Insert into InvestigationFee(InvestigationID, OrgID, Amount,IsVariable)  values  (4661,12,150,'Y')
Insert into InvestigationFee(InvestigationID, OrgID, Amount,IsVariable)  values  (4662,12,250,'Y')
Insert into InvestigationFee(InvestigationID, OrgID, Amount,IsVariable)  values  (4663,12,150,'Y')
Insert into InvestigationFee(InvestigationID, OrgID, Amount,IsVariable)  values  (4664,12,150,'Y')
Insert into InvestigationFee(InvestigationID, OrgID, Amount,IsVariable)  values  (4665,12,300,'Y')
Insert into InvestigationFee(InvestigationID, OrgID, Amount,IsVariable)  values  (4666,12,150,'Y')
Insert into InvestigationFee(InvestigationID, OrgID, Amount,IsVariable)  values  (4667,12,300,'Y')
Insert into InvestigationFee(InvestigationID, OrgID, Amount,IsVariable)  values  (4668,12,150,'Y')
Insert into InvestigationFee(InvestigationID, OrgID, Amount,IsVariable)  values  (4669,12,150,'Y')
Insert into InvestigationFee(InvestigationID, OrgID, Amount,IsVariable)  values  (4670,12,300,'Y')
Insert into InvestigationFee(InvestigationID, OrgID, Amount,IsVariable)  values  (4671,12,150,'Y')
Insert into InvestigationFee(InvestigationID, OrgID, Amount,IsVariable)  values  (4672,12,150,'Y')
Insert into InvestigationFee(InvestigationID, OrgID, Amount,IsVariable)  values  (4673,12,300,'Y')
Insert into InvestigationFee(InvestigationID, OrgID, Amount,IsVariable)  values  (4674,12,150,'Y')
Insert into InvestigationFee(InvestigationID, OrgID, Amount,IsVariable)  values  (4675,12,300,'Y')
Insert into InvestigationFee(InvestigationID, OrgID, Amount,IsVariable)  values  (4676,12,150,'Y')
Insert into InvestigationFee(InvestigationID, OrgID, Amount,IsVariable)  values  (4677,12,300,'Y')
Insert into InvestigationFee(InvestigationID, OrgID, Amount,IsVariable)  values  (4678,12,150,'Y')
Insert into InvestigationFee(InvestigationID, OrgID, Amount,IsVariable)  values  (4679,12,300,'Y')
Insert into InvestigationFee(InvestigationID, OrgID, Amount,IsVariable)  values  (4680,12,300,'Y')
Insert into InvestigationFee(InvestigationID, OrgID, Amount,IsVariable)  values  (4681,12,150,'Y')
Insert into InvestigationFee(InvestigationID, OrgID, Amount,IsVariable)  values  (4682,12,300,'Y')
Insert into InvestigationFee(InvestigationID, OrgID, Amount,IsVariable)  values  (4683,12,150,'Y')
Insert into InvestigationFee(InvestigationID, OrgID, Amount,IsVariable)  values  (4684,12,300,'Y')
Insert into InvestigationFee(InvestigationID, OrgID, Amount,IsVariable)  values  (4685,12,150,'Y')
Insert into InvestigationFee(InvestigationID, OrgID, Amount,IsVariable)  values  (4686,12,300,'Y')
Insert into InvestigationFee(InvestigationID, OrgID, Amount,IsVariable)  values  (4687,12,150,'Y')
Insert into InvestigationFee(InvestigationID, OrgID, Amount,IsVariable)  values  (4688,12,300,'Y')
Insert into InvestigationFee(InvestigationID, OrgID, Amount,IsVariable)  values  (4689,12,150,'Y')
Insert into InvestigationFee(InvestigationID, OrgID, Amount,IsVariable)  values  (4690,12,300,'Y')
Insert into InvestigationFee(InvestigationID, OrgID, Amount,IsVariable)  values  (4691,12,150,'Y')
Insert into InvestigationFee(InvestigationID, OrgID, Amount,IsVariable)  values  (4692,12,300,'Y')
Insert into InvestigationFee(InvestigationID, OrgID, Amount,IsVariable)  values  (4693,12,150,'Y')
Insert into InvestigationFee(InvestigationID, OrgID, Amount,IsVariable)  values  (4694,12,300,'Y')
Insert into InvestigationFee(InvestigationID, OrgID, Amount,IsVariable)  values  (4695,12,150,'Y')
Insert into InvestigationFee(InvestigationID, OrgID, Amount,IsVariable)  values  (4696,12,300,'Y')
Insert into InvestigationFee(InvestigationID, OrgID, Amount,IsVariable)  values  (4697,12,150,'Y')
Insert into InvestigationFee(InvestigationID, OrgID, Amount,IsVariable)  values  (4698,12,300,'Y')
Insert into InvestigationFee(InvestigationID, OrgID, Amount,IsVariable)  values  (4699,12,150,'Y')
Insert into InvestigationFee(InvestigationID, OrgID, Amount,IsVariable)  values  (4700,12,300,'Y')
Insert into InvestigationFee(InvestigationID, OrgID, Amount,IsVariable)  values  (4701,12,150,'Y')
Insert into InvestigationFee(InvestigationID, OrgID, Amount,IsVariable)  values  (4702,12,300,'Y')

Insert into InvestigationFee(InvestigationID, OrgID, Amount,IsVariable)  values  (4703,12,600,'Y')
Insert into InvestigationFee(InvestigationID, OrgID, Amount,IsVariable)  values  (4704,12,500,'Y')
Insert into InvestigationFee(InvestigationID, OrgID, Amount,IsVariable)  values  (4705,12,650,'Y')
Insert into InvestigationFee(InvestigationID, OrgID, Amount,IsVariable)  values  (4706,12,500,'Y')
Insert into InvestigationFee(InvestigationID, OrgID, Amount,IsVariable)  values  (4707,12,600,'Y')
Insert into InvestigationFee(InvestigationID, OrgID, Amount,IsVariable)  values  (4708,12,750,'Y')
Insert into InvestigationFee(InvestigationID, OrgID, Amount,IsVariable)  values  (4709,12,800,'Y')
Insert into InvestigationFee(InvestigationID, OrgID, Amount,IsVariable)  values  (4710,12,800,'Y')
Insert into InvestigationFee(InvestigationID, OrgID, Amount,IsVariable)  values  (4711,12,1000,'Y')
Insert into InvestigationFee(InvestigationID, OrgID, Amount,IsVariable)  values  (4712,12,1000,'Y')
Insert into InvestigationFee(InvestigationID, OrgID, Amount,IsVariable)  values  (4713,12,1000,'Y')
Insert into InvestigationFee(InvestigationID, OrgID, Amount,IsVariable)  values  (4714,12,1500,'Y')
Insert into InvestigationFee(InvestigationID, OrgID, Amount,IsVariable)  values  (4715,12,3000,'Y')
Insert into InvestigationFee(InvestigationID, OrgID, Amount,IsVariable)  values  (4716,12,1500,'Y')
Insert into InvestigationFee(InvestigationID, OrgID, Amount,IsVariable)  values  (4500,12,1000,'Y')
Insert into InvestigationFee(InvestigationID, OrgID, Amount,IsVariable)  values  (4718,12,100,'Y')
Insert into InvestigationFee(InvestigationID, OrgID, Amount,IsVariable)  values  (4719,12,150,'Y')

/* OrganizationSpeciality  */
delete from OrganizationSpeciality where OrgID = 12
Insert into OrganizationSpeciality(OrgID,SpecialityID,Amount)   values(12,1,  0)
Insert into OrganizationSpeciality(OrgID,SpecialityID,Amount)   values(12,8,  0)
Insert into OrganizationSpeciality(OrgID,SpecialityID,Amount)   values(12,9,  0)
Insert into OrganizationSpeciality(OrgID,SpecialityID,Amount)   values(12,17,  0)
Insert into OrganizationSpeciality(OrgID,SpecialityID,Amount)   values(12,18,  0)
Insert into OrganizationSpeciality(OrgID,SpecialityID,Amount)   values(12,6,  0)
Insert into OrganizationSpeciality(OrgID,SpecialityID,Amount)   values(12,15,  0)
Insert into OrganizationSpeciality(OrgID,SpecialityID,Amount)   values(12,19,  0)
Insert into OrganizationSpeciality(OrgID,SpecialityID,Amount)   values(12,20,  0)
Insert into OrganizationSpeciality(OrgID,SpecialityID,Amount)   values(12,21,  0)
Insert into OrganizationSpeciality(OrgID,SpecialityID,Amount)   values(12,4,  0)
Insert into OrganizationSpeciality(OrgID,SpecialityID,Amount)   values(12,10,  0)
Insert into OrganizationSpeciality(OrgID,SpecialityID,Amount)   values(12,14,  0)
Insert into OrganizationSpeciality(OrgID,SpecialityID,Amount)   values(12,3,  0)
Insert into OrganizationSpeciality(OrgID,SpecialityID,Amount)   values(12,22,  0)
Insert into OrganizationSpeciality(OrgID,SpecialityID,Amount)   values(12,11,  0)
Insert into OrganizationSpeciality(OrgID,SpecialityID,Amount)   values(12,7,  0)
Insert into OrganizationSpeciality(OrgID,SpecialityID,Amount)   values(12,23,  0)
Insert into OrganizationSpeciality(OrgID,SpecialityID,Amount)   values(12,24,  0)
Insert into OrganizationSpeciality(OrgID,SpecialityID,Amount)   values(12,25,  0)

/*  TaskEscalation  */
delete from TaskEscalation where OrgID = 12
Insert into TaskEscalation(TaskActionID,EscalateToUserID,EscalateToRoleID,  OrgID,AllowedElaspsedTime) values(6,0,116,12,30)
Insert into TaskEscalation(TaskActionID,EscalateToUserID,EscalateToRoleID,  OrgID,AllowedElaspsedTime) values(7,0,116,12,30)
Insert into TaskEscalation(TaskActionID,EscalateToUserID,EscalateToRoleID,  OrgID,AllowedElaspsedTime) values(8,0,116,12,30)
Insert into TaskEscalation(TaskActionID,EscalateToUserID,EscalateToRoleID,  OrgID,AllowedElaspsedTime) values(9,0,116,12,30)
Insert into TaskEscalation(TaskActionID,EscalateToUserID,EscalateToRoleID,  OrgID,AllowedElaspsedTime) values(10,0,116,12,30)
Insert into TaskEscalation(TaskActionID,EscalateToUserID,EscalateToRoleID,  OrgID,AllowedElaspsedTime) values(11,0,116,12,30)
Insert into TaskEscalation(TaskActionID,EscalateToUserID,EscalateToRoleID,  OrgID,AllowedElaspsedTime) values(13,0,116,12,30)
Insert into TaskEscalation(TaskActionID,EscalateToUserID,EscalateToRoleID,  OrgID,AllowedElaspsedTime) values(14,0,116,12,30)
Insert into TaskEscalation(TaskActionID,EscalateToUserID,EscalateToRoleID,  OrgID,AllowedElaspsedTime) values(15,0,116,12,30)
Insert into TaskEscalation(TaskActionID,EscalateToUserID,EscalateToRoleID,  OrgID,AllowedElaspsedTime) values(16,0,116,12,30)
Insert into TaskEscalation(TaskActionID,EscalateToUserID,EscalateToRoleID,  OrgID,AllowedElaspsedTime) values(17,0,116,12,30)
Insert into TaskEscalation(TaskActionID,EscalateToUserID,EscalateToRoleID,  OrgID,AllowedElaspsedTime) values(18,0,116,12,30)
Insert into TaskEscalation(TaskActionID,EscalateToUserID,EscalateToRoleID,  OrgID,AllowedElaspsedTime) values(19,0,116,12,30)
Insert into TaskEscalation(TaskActionID,EscalateToUserID,EscalateToRoleID,  OrgID,AllowedElaspsedTime) values(20,0,116,12,30)

Insert into TaskEscalation(TaskActionID,EscalateToUserID,EscalateToRoleID,  OrgID,AllowedElaspsedTime) values(32,0,116,12,30)
Insert into TaskEscalation(TaskActionID,EscalateToUserID,EscalateToRoleID,  OrgID,AllowedElaspsedTime) values(33,0,116,12,30)
Insert into TaskEscalation(TaskActionID,EscalateToUserID,EscalateToRoleID,  OrgID,AllowedElaspsedTime) values(34,0,116,12,30)

/*  TaskActionOrgMapping  */
delete from TaskActionOrgMapping where OrgID = 12
--Insert into TaskActionOrgMapping(TaskActionID,RoleID,OrgID)  Values(1,112,  12)
Insert into TaskActionOrgMapping(TaskActionID,RoleID,OrgID)  Values(2,115,  12)
Insert into TaskActionOrgMapping(TaskActionID,RoleID,OrgID)  Values(3,112,  12)
Insert into TaskActionOrgMapping(TaskActionID,RoleID,OrgID)  Values(4,112,  12)
Insert into TaskActionOrgMapping(TaskActionID,RoleID,OrgID)  Values(5,112,  12)
Insert into TaskActionOrgMapping(TaskActionID,RoleID,OrgID)  Values(6,117,  12)
Insert into TaskActionOrgMapping(TaskActionID,RoleID,OrgID)  Values(7,117,  12)
Insert into TaskActionOrgMapping(TaskActionID,RoleID,OrgID)  Values(8,117,  12)
Insert into TaskActionOrgMapping(TaskActionID,RoleID,OrgID)  Values(9,115,  12)
Insert into TaskActionOrgMapping(TaskActionID,RoleID,OrgID)  Values(10,113,  12)
Insert into TaskActionOrgMapping(TaskActionID,RoleID,OrgID)  Values(11,111,  12)
Insert into TaskActionOrgMapping(TaskActionID,RoleID,OrgID)  Values(12,111,  12)
Insert into TaskActionOrgMapping(TaskActionID,RoleID,OrgID)  Values(13,115,  12)
Insert into TaskActionOrgMapping(TaskActionID,RoleID,OrgID)  Values(14,115,  12)
Insert into TaskActionOrgMapping(TaskActionID,RoleID,OrgID)  Values(15,115,  12)
Insert into TaskActionOrgMapping(TaskActionID,RoleID,OrgID)  Values(16,113,  12)
Insert into TaskActionOrgMapping(TaskActionID,RoleID,OrgID)  Values(17,115,  12)
Insert into TaskActionOrgMapping(TaskActionID,RoleID,OrgID)  Values(18,115,  12)
Insert into TaskActionOrgMapping(TaskActionID,RoleID,OrgID)  Values(19,115,  12)
Insert into TaskActionOrgMapping(TaskActionID,RoleID,OrgID)  Values(20,115,  12)
Insert into TaskActionOrgMapping(TaskActionID,RoleID,OrgID)  Values(22,113,  12)
--Insert into TaskActionOrgMapping(TaskActionID,RoleID,OrgID)  Values(22,119,  12)

--Insert into TaskActionOrgMapping(TaskActionID,RoleID,OrgID)  Values(16,119,  12)
--Insert into TaskActionOrgMapping(TaskActionID,RoleID,OrgID)  Values(21,115,12)
--Insert into TaskActionOrgMapping(TaskActionID,RoleID,OrgID)  Values(21,116,12)

Insert into TaskActionOrgMapping(TaskActionID,RoleID,OrgID)  Values(32,112,  12)
Insert into TaskActionOrgMapping(TaskActionID,RoleID,OrgID)  Values(33,111,  12)
Insert into TaskActionOrgMapping(TaskActionID,RoleID,OrgID)  Values(34,115,  12)
Insert into TaskActionOrgMapping(TaskActionID,RoleID,OrgID)  Values(35,112,  12)
Insert into TaskActionOrgMapping(TaskActionID,RoleID,OrgID)  Values(36,115,  12)
INSERT INTO TaskActionOrgMapping (TaskActionID, RoleID, OrgID) VALUES (38, 111, 12)
INSERT INTO TaskActionOrgMapping (TaskActionID, RoleID, OrgID) VALUES (40, 116, 12)

/*   VisitPurposeOrgMapping  */
delete from VisitPurposeOrgMapping where OrgID=12	
Insert into VisitPurposeOrgMapping(VisitPurposeID,OrgID)  values(1,12)
Insert into VisitPurposeOrgMapping(VisitPurposeID,OrgID)  values(3,12)
Insert into VisitPurposeOrgMapping(VisitPurposeID,OrgID)  values(7,12)

Insert into VisitPurposeOrgMapping(VisitPurposeID,OrgID)  values(9,12)
Insert into VisitPurposeOrgMapping(VisitPurposeID,OrgID)  values(11,12)
Insert into VisitPurposeOrgMapping(VisitPurposeID,OrgID)  values(13,12)
INSERT INTO VisitPurposeOrgMapping (VisitPurposeID, OrgID) VALUES (4, 12)


/*	invdeptmaster	*/
DELETE FROM InvDeptMaster where OrgID=12
INSERT INTO invdeptmaster(Deptid,deptname,orgid)  VALUES(151,'Lab',12)
INSERT INTO InvDeptMaster(DeptID,DeptName,OrgID) VALUES (102,'Pharmacy',12)
INSERT INTO InvDeptMaster (DeptID,DeptName,OrgID,Display) VALUES (152,'BioChemistry',12,'Y')
INSERT INTO InvDeptMaster (DeptID,DeptName,OrgID,Display) VALUES (153,'Clinical Pathology',12,'Y')
INSERT INTO InvDeptMaster (DeptID,DeptName,OrgID,Display) VALUES (154,'Hematology',12,'Y')
INSERT INTO InvDeptMaster (DeptID,DeptName,OrgID,Display) VALUES (155,'HistoPathology',12,'Y')
INSERT INTO InvDeptMaster (DeptID,DeptName,OrgID,Display) VALUES (157,'MicroBiology',12,'Y')
INSERT INTO InvDeptMaster (DeptID,DeptName,OrgID,Display) VALUES (159,'Imaging',12,'Y')
INSERT INTO InvDeptMaster (DeptID,DeptName,OrgID,Display) VALUES (160,'X-Ray',12,'Y')
INSERT INTO InvDeptMaster (DeptID,DeptName,OrgID,Display) VALUES (161,'CT',12,'Y')
INSERT INTO InvDeptMaster (DeptID,DeptName,OrgID,Display) VALUES (162,'MRI',12,'Y')
INSERT INTO InvDeptMaster (DeptID,DeptName,OrgID,Display) VALUES (163,'USG',12,'Y')
INSERT INTO InvDeptMaster (DeptID,DeptName,OrgID,Display) VALUES (164,'ECG',12,'Y')
INSERT INTO InvDeptMaster (DeptID,DeptName,OrgID,Display) VALUES (165,'Endoscopy',12,'Y')
INSERT INTO InvDeptMaster (DeptID,DeptName,OrgID,Display) VALUES (166,'Immunology',12,'Y')
INSERT INTO InvDeptMaster (DeptID,DeptName,OrgID,Display) VALUES (167,'Cytogenetics',12,'Y')
INSERT INTO InvDeptMaster (DeptID,DeptName,OrgID,Display) VALUES (168,'Cytology',12,'Y')
INSERT INTO InvDeptMaster (DeptID,DeptName,OrgID,Display) VALUES (169,'Biochemistry and ClinicalPathology',12,'Y')
INSERT INTO InvDeptMaster (DeptID,DeptName,OrgID,Display) VALUES (170,'Biochemistry, Clinical Pathology and Microbiology',12,'Y')


/*	RoleDeptMap	*/
DELETE FROM RoleDeptMap where RoleID IN (113,119)
Insert into RoleDeptMap(RoleID,DeptID)  values(113,151)
Insert into RoleDeptMap(RoleID,DeptID)  values(119,152)
INSERT INTO RoleDeptMap (RoleID, DeptID) VALUES (113,152)
INSERT INTO RoleDeptMap (RoleID, DeptID) VALUES (113,153)
INSERT INTO RoleDeptMap (RoleID, DeptID) VALUES (113,154)
INSERT INTO RoleDeptMap (RoleID, DeptID) VALUES (113,155)
INSERT INTO RoleDeptMap (RoleID, DeptID) VALUES (113,157)
INSERT INTO RoleDeptMap (RoleID, DeptID) VALUES (113,159)
INSERT INTO RoleDeptMap (RoleID, DeptID) VALUES (113,160)
INSERT INTO RoleDeptMap (RoleID, DeptID) VALUES (113,161)
INSERT INTO RoleDeptMap (RoleID, DeptID) VALUES (113,162)
INSERT INTO RoleDeptMap (RoleID, DeptID) VALUES (113,163)
INSERT INTO RoleDeptMap (RoleID, DeptID) VALUES (113,164)
INSERT INTO RoleDeptMap (RoleID, DeptID) VALUES (113,165)
INSERT INTO RoleDeptMap (RoleID, DeptID) VALUES (113,166)
INSERT INTO RoleDeptMap (RoleID, DeptID) VALUES (113,167)
INSERT INTO RoleDeptMap (RoleID, DeptID) VALUES (113,168)
INSERT INTO RoleDeptMap (RoleID, DeptID) VALUES (113,169)
INSERT INTO RoleDeptMap (RoleID, DeptID) VALUES (113,170)

/*	investigationstatus	*/
delete from InvestigationStatus where OrgID = 12
insert into investigationstatus(orgid,status)  values(12,'Pending')
insert into investigationstatus(orgid,status)  values(12,'Completed')
insert into investigationstatus(orgid,status)  values(12,'Rejected')



/* InvestigationOrgSampleStatus	*/
delete from InvestigationOrgSampleStatus where OrgID = 12
INSERT INTO InvestigationOrgSampleStatus (OrgID, SampleStatus, SeqNo) values  (12, 'Paid', 1)
INSERT INTO InvestigationOrgSampleStatus (OrgID, SampleStatus, SeqNo) values  (12, 'SampleReceived', 2)

/*	Prasanna Added	Ends	*/


/*    InvGroupMaster   */
delete from InvGroupMaster where OrgID = 12
----insert  into InvGroupMaster(Groupid,GroupName,Type,parentID,OrgID) values (601,'Renal function test','GRP',NULL,12)
--insert  into InvGroupMaster(Groupid,GroupName,Type,parentID,OrgID) values (602,'Liver function test','GRP',NULL,12)
--insert  into InvGroupMaster(Groupid,GroupName,Type,parentID,OrgID) values (603,'Serum Electrolytes','GRP',NULL,12)
----insert  into InvGroupMaster(Groupid,GroupName,Type,parentID,OrgID) values (604,'ToRCH Panel','GRP',NULL,12)
--insert  into InvGroupMaster(Groupid,GroupName,Type,parentID,OrgID) values (605,'Complete Blood Count','GRP',NULL,12)
----insert  into InvGroupMaster(Groupid,GroupName,Type,parentID,OrgID) values (606,'Coagulation Profile','GRP',NULL,12)
--insert  into InvGroupMaster(Groupid,GroupName,Type,parentID,OrgID) values (607,'Cardiac enzymes','GRP',NULL,12)
----insert  into InvGroupMaster(Groupid,GroupName,Type,parentID,OrgID) values (608,'Differential Leukocyte Count','GRP',5,12)
----insert  into InvGroupMaster(Groupid,GroupName,Type,parentID,OrgID) values (609,'Thyroid function test','GRP',NULL,12)
--insert  into InvGroupMaster(Groupid,GroupName,Type,parentID,OrgID) values (610,'Lipid profile','GRP',NULL,12)
--insert  into InvGroupMaster(Groupid,GroupName,Type,parentID,OrgID) values (611,'Serology','GRP',NULL,12)
----insert  into InvGroupMaster(Groupid,GroupName,Type,parentID,OrgID) values (612,'HIV','GRP',11,12)
----insert  into InvGroupMaster(Groupid,GroupName,Type,parentID,OrgID) values (613,'Hepatitis Virus','GRP',11,12)
----insert  into InvGroupMaster(Groupid,GroupName,Type,parentID,OrgID) values (614,'Tumor Markers','GRP',NULL,12)
--insert  into InvGroupMaster(Groupid,GroupName,Type,parentID,OrgID) values (615,'Urine analysis - Complete','GRP',NULL,12)
----insert  into InvGroupMaster(Groupid,GroupName,Type,parentID,OrgID) values (616,'Urine analysis - Microscopy','GRP',NULL,12)
----insert  into InvGroupMaster(Groupid,GroupName,Type,parentID,OrgID) values (617,'24-h Urine analysis','GRP',NULL,12)
----insert  into InvGroupMaster(Groupid,GroupName,Type,parentID,OrgID) values (618,'Spot Urine analysis','GRP',NULL,12)
--insert  into InvGroupMaster(Groupid,GroupName,Type,parentID,OrgID) values (619,'Stool analysis - Routine','GRP',NULL,12)
--insert  into InvGroupMaster(Groupid,GroupName,Type,parentID,OrgID) values (620,'Semen analysis','GRP',NULL,12)
----insert  into InvGroupMaster(Groupid,GroupName,Type,parentID,OrgID) values (621,'Ascitic fluid analysis ','GRP',NULL,12)
----insert  into InvGroupMaster(Groupid,GroupName,Type,parentID,OrgID) values (622,'Widal','GRP',NULL,12)
----insert  into InvGroupMaster(Groupid,GroupName,Type,parentID,OrgID) values (623,'Macroscopic Semen analysis','GRP',20,12)
----insert  into InvGroupMaster(Groupid,GroupName,Type,parentID,OrgID) values (624,'Microscopic Semen analysis','GRP',20,12)
----insert  into InvGroupMaster(Groupid,GroupName,Type,parentID,OrgID) values (625,'RBC','GRP',5,12)
----insert  into InvGroupMaster(Groupid,GroupName,Type,parentID,OrgID) values (626,'Platelets ','GRP',NULL,12)
----insert  into InvGroupMaster(Groupid,GroupName,Type,parentID,OrgID) values (627,'Motility','GRP',24,12)
----insert  into InvGroupMaster(Groupid,GroupName,Type,parentID,OrgID) values (628,'Peripheral Smear','GRP',NULL,12)

/*		InvGroupMapMaster		*/
delete from InvGroupMapMaster where GroupID IN(601,602,603,604,605,625,608,606,607,609,610,612,613,611,614,615,616,617,618,619,621,623,627,624,625,628,620,622, 626, 629, 630, 631,632, 633,634, 635, 636, 637, 638)
INSERT into InvGroupMapMaster(GROUPID,InvestigationID)values(601,3018)
INSERT into InvGroupMapMaster(GROUPID,InvestigationID)values(601,3019)
	INSERT into InvGroupMapMaster(GROUPID,InvestigationID)values(602,3032)	--LNH
	INSERT into InvGroupMapMaster(GROUPID,InvestigationID)values(602,3033)	--LNH
	INSERT into InvGroupMapMaster(GROUPID,InvestigationID)values(602,3034)	--LNH
	INSERT into InvGroupMapMaster(GROUPID,InvestigationID)values(602,3040)	--LNH
	INSERT into InvGroupMapMaster(GROUPID,InvestigationID)values(602,3041)	--LNH
--INSERT into InvGroupMapMaster(GROUPID,InvestigationID)values(602,3035)
	INSERT into InvGroupMapMaster(GROUPID,InvestigationID)values(602,3037)	--LNH
	INSERT into InvGroupMapMaster(GROUPID,InvestigationID)values(602,3038)	--LNH
	INSERT into InvGroupMapMaster(GROUPID,InvestigationID)values(602,3042)	--LNH
	INSERT into InvGroupMapMaster(GROUPID,InvestigationID)values(602,3039)	--LNH
	INSERT into InvGroupMapMaster(GROUPID,InvestigationID)values(602,4846)	--LNH
--INSERT into InvGroupMapMaster(GROUPID,InvestigationID)values(602,3043)
--INSERT into InvGroupMapMaster(GROUPID,InvestigationID)values(602,3051)
	INSERT into InvGroupMapMaster(GROUPID,InvestigationID)values(603,3003)	--LNH
	INSERT into InvGroupMapMaster(GROUPID,InvestigationID)values(603,3004)	--LNH
	INSERT into InvGroupMapMaster(GROUPID,InvestigationID)values(603,3005)	--LNH
	INSERT into InvGroupMapMaster(GROUPID,InvestigationID)values(603,3006)	--LNH
--INSERT into InvGroupMapMaster(GROUPID,InvestigationID)values(603,3007)
--INSERT into InvGroupMapMaster(GROUPID,InvestigationID)values(603,3008)
--INSERT into InvGroupMapMaster(GROUPID,InvestigationID)values(603,3009)
--INSERT into InvGroupMapMaster(GROUPID,InvestigationID)values(604,1004)
--INSERT into InvGroupMapMaster(GROUPID,InvestigationID)values(604,1005)
--INSERT into InvGroupMapMaster(GROUPID,InvestigationID)values(604,1006)
--INSERT into InvGroupMapMaster(GROUPID,InvestigationID)values(604,1007)
--INSERT into InvGroupMapMaster(GROUPID,InvestigationID)values(604,1008)
--INSERT into InvGroupMapMaster(GROUPID,InvestigationID)values(604,1009)
--INSERT into InvGroupMapMaster(GROUPID,InvestigationID)values(604,1010)
--INSERT into InvGroupMapMaster(GROUPID,InvestigationID)values(604,1011)
	INSERT into InvGroupMapMaster(GROUPID,InvestigationID)values(605,2002)	--LNH
	INSERT into InvGroupMapMaster(GROUPID,InvestigationID)values(605,2014)	--LNH
--INSERT into InvGroupMapMaster(GROUPID,InvestigationID)values(625,2018)
--INSERT into InvGroupMapMaster(GROUPID,InvestigationID)values(625,2019)
--INSERT into InvGroupMapMaster(GROUPID,InvestigationID)values(605,2012)
	INSERT into InvGroupMapMaster(GROUPID,InvestigationID)values(605,2015)	--LNH
	INSERT into InvGroupMapMaster(GROUPID,InvestigationID)values(605,2003)	--LNH
	INSERT into InvGroupMapMaster(GROUPID,InvestigationID)values(605,2013)	--LNH
	INSERT into InvGroupMapMaster(GROUPID,InvestigationID)values(605,4053)	--LNH	
--INSERT into InvGroupMapMaster(GROUPID,InvestigationID)values(605,2058)
	INSERT into InvGroupMapMaster(GROUPID,InvestigationID)values(608,2005)	--LNH
	INSERT into InvGroupMapMaster(GROUPID,InvestigationID)values(608,2006)	--LNH
	INSERT into InvGroupMapMaster(GROUPID,InvestigationID)values(608,2007)	--LNH
	INSERT into InvGroupMapMaster(GROUPID,InvestigationID)values(608,2008)	--LNH
	INSERT into InvGroupMapMaster(GROUPID,InvestigationID)values(608,2009)	--LNH
	INSERT into InvGroupMapMaster(GROUPID,InvestigationID)values(608,2010)	--LNH
	INSERT into InvGroupMapMaster(GROUPID,InvestigationID)values(605,2032)	--LNH	
	INSERT into InvGroupMapMaster(GROUPID,InvestigationID)values(605,2033)	--LNH
	INSERT into InvGroupMapMaster(GROUPID,InvestigationID)values(605,2034)	--LNH
	INSERT into InvGroupMapMaster(GROUPID,InvestigationID)values(605,2035)	--LNH
INSERT into InvGroupMapMaster(GROUPID,InvestigationID)values(606,2043)
INSERT into InvGroupMapMaster(GROUPID,InvestigationID)values(606,2045)
INSERT into InvGroupMapMaster(GROUPID,InvestigationID)values(606,2047)
INSERT into InvGroupMapMaster(GROUPID,InvestigationID)values(606,2054)
INSERT into InvGroupMapMaster(GROUPID,InvestigationID)values(606,2053)
INSERT into InvGroupMapMaster(GROUPID,InvestigationID)values(606,2051)
	INSERT into InvGroupMapMaster(GROUPID,InvestigationID)values(607,3046)	--LNH
	--INSERT into InvGroupMapMaster(GROUPID,InvestigationID)values(607,3047)	--LNH
	INSERT into InvGroupMapMaster(GROUPID,InvestigationID)values(607,3048)	--LNH
	INSERT into InvGroupMapMaster(GROUPID,InvestigationID)values(607,3049)	--LNH
	INSERT into InvGroupMapMaster(GROUPID,InvestigationID)values(607,3050)	--LNH
	INSERT into InvGroupMapMaster(GROUPID,InvestigationID)values(607,3051)	--LNH
--INSERT into InvGroupMapMaster(GROUPID,InvestigationID)values(609,3079)
--INSERT into InvGroupMapMaster(GROUPID,InvestigationID)values(609,3083)
INSERT into InvGroupMapMaster(GROUPID,InvestigationID)values(609,3084)
--INSERT into InvGroupMapMaster(GROUPID,InvestigationID)values(609,3081)
INSERT into InvGroupMapMaster(GROUPID,InvestigationID)values(609,3080)
INSERT into InvGroupMapMaster(GROUPID,InvestigationID)values(609,3082)
	INSERT into InvGroupMapMaster(GROUPID,InvestigationID)values(610,3053)	--LNH
	INSERT into InvGroupMapMaster(GROUPID,InvestigationID)values(610,3054)	--LNH
	INSERT into InvGroupMapMaster(GROUPID,InvestigationID)values(610,3055)	--LNH
	INSERT into InvGroupMapMaster(GROUPID,InvestigationID)values(610,3056)	--LNH
	INSERT into InvGroupMapMaster(GROUPID,InvestigationID)values(610,3057)	--LNH
INSERT into InvGroupMapMaster(GROUPID,InvestigationID)values(612,4084)
INSERT into InvGroupMapMaster(GROUPID,InvestigationID)values(612,4085)
INSERT into InvGroupMapMaster(GROUPID,InvestigationID)values(613,4013)
INSERT into InvGroupMapMaster(GROUPID,InvestigationID)values(613,4127)
--INSERT into InvGroupMapMaster(GROUPID,InvestigationID)values(613,4129)
--INSERT into InvGroupMapMaster(GROUPID,InvestigationID)values(611,4089)
--INSERT into InvGroupMapMaster(GROUPID,InvestigationID)values(614,3072)
--INSERT into InvGroupMapMaster(GROUPID,InvestigationID)values(614,3073)
--INSERT into InvGroupMapMaster(GROUPID,InvestigationID)values(614,3074)
--INSERT into InvGroupMapMaster(GROUPID,InvestigationID)values(614,3075)
--INSERT into InvGroupMapMaster(GROUPID,InvestigationID)values(614,3124)

--INSERT into InvGroupMapMaster(GROUPID,InvestigationID)values(615,4003)
--INSERT into InvGroupMapMaster(GROUPID,InvestigationID)values(615,4004)
--INSERT into InvGroupMapMaster(GROUPID,InvestigationID)values(615,4005)
INSERT into InvGroupMapMaster(GROUPID,InvestigationID)values(615,4010)
INSERT into InvGroupMapMaster(GROUPID,InvestigationID)values(615,4011)
INSERT into InvGroupMapMaster(GROUPID,InvestigationID)values(615,4014)
INSERT into InvGroupMapMaster(GROUPID,InvestigationID)values(615,4016)
--INSERT into InvGroupMapMaster(GROUPID,InvestigationID)values(615,4017)
--INSERT into InvGroupMapMaster(GROUPID,InvestigationID)values(615,4018)
--INSERT into InvGroupMapMaster(GROUPID,InvestigationID)values(615,4019)

--INSERT into InvGroupMapMaster(GROUPID,InvestigationID)values(616,4030)
--INSERT into InvGroupMapMaster(GROUPID,InvestigationID)values(616,4031)
--INSERT into InvGroupMapMaster(GROUPID,InvestigationID)values(616,4028)
--INSERT into InvGroupMapMaster(GROUPID,InvestigationID)values(616,4029)
--INSERT into InvGroupMapMaster(GROUPID,InvestigationID)values(616,4027)
--INSERT into InvGroupMapMaster(GROUPID,InvestigationID)values(616,4026)
--INSERT into InvGroupMapMaster(GROUPID,InvestigationID)values(616,4011)
--INSERT into InvGroupMapMaster(GROUPID,InvestigationID)values(617,4037)
--INSERT into InvGroupMapMaster(GROUPID,InvestigationID)values(617,4038)
--INSERT into InvGroupMapMaster(GROUPID,InvestigationID)values(617,4039)
--INSERT into InvGroupMapMaster(GROUPID,InvestigationID)values(617,4040)
--INSERT into InvGroupMapMaster(GROUPID,InvestigationID)values(617,4015)
--INSERT into InvGroupMapMaster(GROUPID,InvestigationID)values(618,4020)
--INSERT into InvGroupMapMaster(GROUPID,InvestigationID)values(618,4021)
--INSERT into InvGroupMapMaster(GROUPID,InvestigationID)values(618,4022)
--INSERT into InvGroupMapMaster(GROUPID,InvestigationID)values(618,4023)
	
	INSERT into InvGroupMapMaster(GROUPID,InvestigationID)values(619,3128)
	INSERT into InvGroupMapMaster(GROUPID,InvestigationID)values(619,5029)
	INSERT into InvGroupMapMaster(GROUPID,InvestigationID)values(619,5030)
	INSERT into InvGroupMapMaster(GROUPID,InvestigationID)values(619,5031)
	INSERT into InvGroupMapMaster(GROUPID,InvestigationID)values(619,5032)
	INSERT into InvGroupMapMaster(GROUPID,InvestigationID)values(619,5033)
	INSERT into InvGroupMapMaster(GROUPID,InvestigationID)values(619,5034)
	INSERT into InvGroupMapMaster(GROUPID,InvestigationID)values(619,5035)		
	INSERT into InvGroupMapMaster(GROUPID,InvestigationID)values(619,5036)
	--INSERT into InvGroupMapMaster(GROUPID,InvestigationID)values(619,3129)
	INSERT into InvGroupMapMaster(GROUPID,InvestigationID)values(619,3130)
	--INSERT into InvGroupMapMaster(GROUPID,InvestigationID)values(619,3132)
	--INSERT into InvGroupMapMaster(GROUPID,InvestigationID)values(619,3133)
	--INSERT into InvGroupMapMaster(GROUPID,InvestigationID)values(619,3135)
	--INSERT into InvGroupMapMaster(GROUPID,InvestigationID)values(619,3134)
	--INSERT into InvGroupMapMaster(GROUPID,InvestigationID)values(619,3137)
	INSERT into InvGroupMapMaster(GROUPID,InvestigationID)values(619,3131)
	
--INSERT into InvGroupMapMaster(GROUPID,InvestigationID)values(621,4046)
--INSERT into InvGroupMapMaster(GROUPID,InvestigationID)values(621,4051)
--INSERT into InvGroupMapMaster(GROUPID,InvestigationID)values(621,4052)
--INSERT into InvGroupMapMaster(GROUPID,InvestigationID)values(621,4053)
--INSERT into InvGroupMapMaster(GROUPID,InvestigationID)values(621,4057)
--INSERT into InvGroupMapMaster(GROUPID,InvestigationID)values(621,4058)
--INSERT into InvGroupMapMaster(GROUPID,InvestigationID)values(621,4060)
--INSERT into InvGroupMapMaster(GROUPID,InvestigationID)values(621,4061)
--INSERT into InvGroupMapMaster(GROUPID,InvestigationID)values(621,4062)
--INSERT into InvGroupMapMaster(GROUPID,InvestigationID)values(621,4063)
--INSERT into InvGroupMapMaster(GROUPID,InvestigationID)values(621,4064)
--INSERT into InvGroupMapMaster(GROUPID,InvestigationID)values(621,4065)

	INSERT into InvGroupMapMaster(GROUPID,InvestigationID)values(621,5021)	--LNH
	INSERT into InvGroupMapMaster(GROUPID,InvestigationID)values(621,5022)	--LNH
	INSERT into InvGroupMapMaster(GROUPID,InvestigationID)values(621,5023)	--LNH
	INSERT into InvGroupMapMaster(GROUPID,InvestigationID)values(621,5024)	--LNH

--INSERT into InvGroupMapMaster(GROUPID,InvestigationID)values(623,4104)
--INSERT into InvGroupMapMaster(GROUPID,InvestigationID)values(623,4105)
--INSERT into InvGroupMapMaster(GROUPID,InvestigationID)values(623,4106)
--INSERT into InvGroupMapMaster(GROUPID,InvestigationID)values(623,4107)
--INSERT into InvGroupMapMaster(GROUPID,InvestigationID)values(623,4108)
--INSERT into InvGroupMapMaster(GROUPID,InvestigationID)values(627,4112)
--INSERT into InvGroupMapMaster(GROUPID,InvestigationID)values(627,4113)
--INSERT into InvGroupMapMaster(GROUPID,InvestigationID)values(627,4114)
--INSERT into InvGroupMapMaster(GROUPID,InvestigationID)values(627,4115)
--INSERT into InvGroupMapMaster(GROUPID,InvestigationID)values(624,NULL)
--INSERT into InvGroupMapMaster(GROUPID,InvestigationID)values(625,2020)
--INSERT into InvGroupMapMaster(GROUPID,InvestigationID)values(625,2021)
--INSERT into InvGroupMapMaster(GROUPID,InvestigationID)values(625,2022)
	--INSERT into InvGroupMapMaster(GROUPID,InvestigationID)values(605,2005)	--LNH
	--INSERT into InvGroupMapMaster(GROUPID,InvestigationID)values(605,2006)	--LNH
	--INSERT into InvGroupMapMaster(GROUPID,InvestigationID)values(605,2007)	--LNH
	--INSERT into InvGroupMapMaster(GROUPID,InvestigationID)values(605,2008)	--LNH
	--INSERT into InvGroupMapMaster(GROUPID,InvestigationID)values(605,2009)
	--INSERT into InvGroupMapMaster(GROUPID,InvestigationID)values(605,2010)	--LNH
--INSERT into InvGroupMapMaster(GROUPID,InvestigationID)values(605,2032)
--INSERT into InvGroupMapMaster(GROUPID,InvestigationID)values(608,2011)
--INSERT into InvGroupMapMaster(GROUPID,InvestigationID)values(608,2012)
INSERT into InvGroupMapMaster(GROUPID,InvestigationID)values(628,2018)
INSERT into InvGroupMapMaster(GROUPID,InvestigationID)values(628,2019)
INSERT into InvGroupMapMaster(GROUPID,InvestigationID)values(628,2024)
INSERT into InvGroupMapMaster(GROUPID,InvestigationID)values(628,2025)
INSERT into InvGroupMapMaster(GROUPID,InvestigationID)values(628,2026)
INSERT into InvGroupMapMaster(GROUPID,InvestigationID)values(628,2028)
INSERT into InvGroupMapMaster(GROUPID,InvestigationID)values(628,2029)
INSERT into InvGroupMapMaster(GROUPID,InvestigationID)values(628,2030)
--INSERT into InvGroupMapMaster(GROUPID,InvestigationID)values(606,2015)
--INSERT into InvGroupMapMaster(GROUPID,InvestigationID)values(606,2048)
	
	--INSERT into InvGroupMapMaster(GROUPID,InvestigationID)values(619,3136)	--LNH
	
	--INSERT into InvGroupMapMaster(GROUPID,InvestigationID)values(611,4093)	--LNH
	INSERT into InvGroupMapMaster(GROUPID,InvestigationID)values(611,4127)	--LNH
	INSERT into InvGroupMapMaster(GROUPID,InvestigationID)values(611,4129)	--LNH
	INSERT into InvGroupMapMaster(GROUPID,InvestigationID)values(611,4091)	--LNH
	INSERT into InvGroupMapMaster(GROUPID,InvestigationID)values(611,4089)	--LNH
	INSERT into InvGroupMapMaster(GROUPID,InvestigationID)values(611,4084)	--LNH
	INSERT into InvGroupMapMaster(GROUPID,InvestigationID)values(611,4085)	--LNH
	INSERT into InvGroupMapMaster(GROUPID,InvestigationID)values(611,4828)	--LNH
	INSERT into InvGroupMapMaster(GROUPID,InvestigationID)values(611,4829)	--LNH
	INSERT into InvGroupMapMaster(GROUPID,InvestigationID)values(611,4221)	--LNH
	INSERT into InvGroupMapMaster(GROUPID,InvestigationID)values(611,4222)	--LNH
	INSERT into InvGroupMapMaster(GROUPID,InvestigationID)values(611,4223)	--LNH
--INSERT into InvGroupMapMaster(GROUPID,InvestigationID)values(611,4092)
--INSERT into InvGroupMapMaster(GROUPID,InvestigationID)values(611,4091)
--INSERT into InvGroupMapMaster(GROUPID,InvestigationID)values(611,4090)
--INSERT into InvGroupMapMaster(GROUPID,InvestigationID)values(611,4088)
--INSERT into InvGroupMapMaster(GROUPID,InvestigationID)values(611,4087)
	--INSERT into InvGroupMapMaster(GROUPID,InvestigationID)values(615,4015)	--LNH
	
	--INSERT into InvGroupMapMaster(GROUPID,InvestigationID)values(615,4021)	--LNH
	--INSERT into InvGroupMapMaster(GROUPID,InvestigationID)values(615,4022)	--LNH
	--INSERT into InvGroupMapMaster(GROUPID,InvestigationID)values(615,4023)	--LNH
	--INSERT into InvGroupMapMaster(GROUPID,InvestigationID)values(615,4024)	--LNH
	INSERT into InvGroupMapMaster(GROUPID,InvestigationID)values(615,4007)	--LNH
	--INSERT into InvGroupMapMaster(GROUPID,InvestigationID)values(615,4008)	--LNH
	
	--INSERT into InvGroupMapMaster(GROUPID,InvestigationID)values(615,4150)	--LNH
	--INSERT into InvGroupMapMaster(GROUPID,InvestigationID)values(615,4151)	--LNH
	--INSERT into InvGroupMapMaster(GROUPID,InvestigationID)values(615,4152)	--LNH
	--INSERT into InvGroupMapMaster(GROUPID,InvestigationID)values(615,4153)	--LNH
	--INSERT into InvGroupMapMaster(GROUPID,InvestigationID)values(615,4155)	--LNH
	--INSERT into InvGroupMapMaster(GROUPID,InvestigationID)values(615,4156)	--LNH
	--INSERT into InvGroupMapMaster(GROUPID,InvestigationID)values(615,4154)	--LNH
--INSERT into InvGroupMapMaster(GROUPID,InvestigationID)values(617,4035)
--INSERT into InvGroupMapMaster(GROUPID,InvestigationID)values(617,4036)
--INSERT into InvGroupMapMaster(GROUPID,InvestigationID)values(617,4041)
--INSERT into InvGroupMapMaster(GROUPID,InvestigationID)values(617,4042)
--INSERT into InvGroupMapMaster(GROUPID,InvestigationID)values(617,4043)
--INSERT into InvGroupMapMaster(GROUPID,InvestigationID)values(617,4044)
	
	--INSERT into InvGroupMapMaster(GROUPID,InvestigationID)values(620,4110)	--LNH
	--INSERT into InvGroupMapMaster(GROUPID,InvestigationID)values(620,4116)	--LNH
	INSERT into InvGroupMapMaster(GROUPID,InvestigationID)values(620,4118)	--LNH
	INSERT into InvGroupMapMaster(GROUPID,InvestigationID)values(620,4119)	--LNH
	--INSERT into InvGroupMapMaster(GROUPID,InvestigationID)values(620,4120)	--LNH
	
	INSERT into InvGroupMapMaster(GROUPID,InvestigationID)values(620,4104)	--LNH
	INSERT into InvGroupMapMaster(GROUPID,InvestigationID)values(620,4105)	--LNH
	INSERT into InvGroupMapMaster(GROUPID,InvestigationID)values(620,4106)	--LNH
	INSERT into InvGroupMapMaster(GROUPID,InvestigationID)values(620,4107)	--LNH
	INSERT into InvGroupMapMaster(GROUPID,InvestigationID)values(620,5040)	--LNH
	INSERT into InvGroupMapMaster(GROUPID,InvestigationID)values(620,5041)	--LNH
	INSERT into InvGroupMapMaster(GROUPID,InvestigationID)values(620,5042)	--LNH
	INSERT into InvGroupMapMaster(GROUPID,InvestigationID)values(620,5043)	--LNH	


--INSERT into InvGroupMapMaster(GROUPID,InvestigationID)values(622,4121)
--INSERT into InvGroupMapMaster(GROUPID,InvestigationID)values(622,4122)
--INSERT into InvGroupMapMaster(GROUPID,InvestigationID)values(622,4123)
--INSERT into InvGroupMapMaster(GROUPID,InvestigationID)values(622,4124)

	INSERT into InvGroupMapMaster(GROUPID,InvestigationID)values(629,4872)	--LNH
	INSERT into InvGroupMapMaster(GROUPID,InvestigationID)values(629,4873)	--LNH
	INSERT into InvGroupMapMaster(GROUPID,InvestigationID)values(629,4874)	--LNH
	INSERT into InvGroupMapMaster(GROUPID,InvestigationID)values(629,4875)	--LNH
	INSERT into InvGroupMapMaster(GROUPID,InvestigationID)values(629,4876)	--LNH
	INSERT into InvGroupMapMaster(GROUPID,InvestigationID)values(629,5045)	--LNH

	INSERT into InvGroupMapMaster(GROUPID,InvestigationID)values(630,5021)	--LNH
	INSERT into InvGroupMapMaster(GROUPID,InvestigationID)values(630,5022)	--LNH
	INSERT into InvGroupMapMaster(GROUPID,InvestigationID)values(630,5023)	--LNH
	INSERT into InvGroupMapMaster(GROUPID,InvestigationID)values(630,5024)	--LNH
	
	INSERT into InvGroupMapMaster(GROUPID,InvestigationID)values(631,4878)	--KMH
	INSERT into InvGroupMapMaster(GROUPID,InvestigationID)values(632,5024)	--KMH
	INSERT into InvGroupMapMaster(GROUPID,InvestigationID)values(633,4988)	--KMH

	INSERT into InvGroupMapMaster(GROUPID,InvestigationID)values(615,5025)
	INSERT into InvGroupMapMaster(GROUPID,InvestigationID)values(615,5026)
	INSERT into InvGroupMapMaster(GROUPID,InvestigationID)values(615,5027)
	INSERT into InvGroupMapMaster(GROUPID,InvestigationID)values(615,5028)	
	
	INSERT into InvGroupMapMaster(GROUPID,InvestigationID)values(634,4003)
	INSERT into InvGroupMapMaster(GROUPID,InvestigationID)values(634,4005)
	INSERT into InvGroupMapMaster(GROUPID,InvestigationID)values(634,4004)
	INSERT into InvGroupMapMaster(GROUPID,InvestigationID)values(634,4014)
	INSERT into InvGroupMapMaster(GROUPID,InvestigationID)values(634,4016)
	INSERT into InvGroupMapMaster(GROUPID,InvestigationID)values(634,4018)
	INSERT into InvGroupMapMaster(GROUPID,InvestigationID)values(634,4019)
		
	INSERT into InvGroupMapMaster(GROUPID,InvestigationID)values(634,4007)
	INSERT into InvGroupMapMaster(GROUPID,InvestigationID)values(634,4010)
	INSERT into InvGroupMapMaster(GROUPID,InvestigationID)values(634,4011)
	
	INSERT into InvGroupMapMaster(GROUPID,InvestigationID)values(634,5025)
	INSERT into InvGroupMapMaster(GROUPID,InvestigationID)values(634,5026)
	INSERT into InvGroupMapMaster(GROUPID,InvestigationID)values(634,5027)
	INSERT into InvGroupMapMaster(GROUPID,InvestigationID)values(634,5028)
	INSERT into InvGroupMapMaster(GROUPID,InvestigationID)values(634,5044)

	INSERT into InvGroupMapMaster(GROUPID,InvestigationID)values(635,5021)	--KMH
	INSERT into InvGroupMapMaster(GROUPID,InvestigationID)values(635,5022)	--KMH
	INSERT into InvGroupMapMaster(GROUPID,InvestigationID)values(635,5023)	--KMH
	INSERT into InvGroupMapMaster(GROUPID,InvestigationID)values(635,5024)	--KMH
	
	INSERT into InvGroupMapMaster(GROUPID,InvestigationID)values(636,5021)	--KMH
	INSERT into InvGroupMapMaster(GROUPID,InvestigationID)values(636,5022)	--KMH
	INSERT into InvGroupMapMaster(GROUPID,InvestigationID)values(636,5023)	--KMH
	INSERT into InvGroupMapMaster(GROUPID,InvestigationID)values(636,5024)	--KMH	
	
	INSERT into InvGroupMapMaster(GROUPID,InvestigationID)values(637,3128)
	INSERT into InvGroupMapMaster(GROUPID,InvestigationID)values(637,5029)
	INSERT into InvGroupMapMaster(GROUPID,InvestigationID)values(637,5030)
	INSERT into InvGroupMapMaster(GROUPID,InvestigationID)values(637,5031)
	INSERT into InvGroupMapMaster(GROUPID,InvestigationID)values(637,5032)
	INSERT into InvGroupMapMaster(GROUPID,InvestigationID)values(637,5033)
	INSERT into InvGroupMapMaster(GROUPID,InvestigationID)values(637,5034)
	INSERT into InvGroupMapMaster(GROUPID,InvestigationID)values(637,5035)		
	INSERT into InvGroupMapMaster(GROUPID,InvestigationID)values(637,5036)
	--INSERT into InvGroupMapMaster(GROUPID,InvestigationID)values(637,3129)
	INSERT into InvGroupMapMaster(GROUPID,InvestigationID)values(637,3130)
	--INSERT into InvGroupMapMaster(GROUPID,InvestigationID)values(637,3132)
	--INSERT into InvGroupMapMaster(GROUPID,InvestigationID)values(637,3133)
	--INSERT into InvGroupMapMaster(GROUPID,InvestigationID)values(637,3135)
	--INSERT into InvGroupMapMaster(GROUPID,InvestigationID)values(637,3134)
	--INSERT into InvGroupMapMaster(GROUPID,InvestigationID)values(637,3137)
	INSERT into InvGroupMapMaster(GROUPID,InvestigationID)values(637,3131)	

INSERT into InvGroupMapMaster(GROUPID,InvestigationID)values(687,4946)
INSERT into InvGroupMapMaster(GROUPID,InvestigationID)values(687,4944)

INSERT into InvGroupMapMaster(GROUPID,InvestigationID)values(688,4943)
INSERT into InvGroupMapMaster(GROUPID,InvestigationID)values(688,4945)

INSERT into InvGroupMapMaster(GROUPID,InvestigationID)values(689,4769)
INSERT into InvGroupMapMaster(GROUPID,InvestigationID)values(689,4770)

INSERT into InvGroupMapMaster(GROUPID,InvestigationID)values(690,4828)
INSERT into InvGroupMapMaster(GROUPID,InvestigationID)values(690,4829)

INSERT into InvGroupMapMaster(GROUPID,InvestigationID)values(691,2043)
INSERT into InvGroupMapMaster(GROUPID,InvestigationID)values(691,2045)

INSERT into InvGroupMapMaster(GROUPID,InvestigationID)values(692,4873)
INSERT into InvGroupMapMaster(GROUPID,InvestigationID)values(692,4151)
INSERT into InvGroupMapMaster(GROUPID,InvestigationID)values(692,4877) -----------------

INSERT into InvGroupMapMaster(GROUPID,InvestigationID)values(693,4891)
INSERT into InvGroupMapMaster(GROUPID,InvestigationID)values(693,4892)

INSERT into InvGroupMapMaster(GROUPID,InvestigationID)values(694,5085)
INSERT into InvGroupMapMaster(GROUPID,InvestigationID)values(694,4298)

INSERT into InvGroupMapMaster(GROUPID,InvestigationID)values(695,5059)
INSERT into InvGroupMapMaster(GROUPID,InvestigationID)values(695,5060)

INSERT into InvGroupMapMaster(GROUPID,InvestigationID)values(696,4222)
INSERT into InvGroupMapMaster(GROUPID,InvestigationID)values(696,4223)

INSERT into InvGroupMapMaster(GROUPID,InvestigationID)values(697,5186)
INSERT into InvGroupMapMaster(GROUPID,InvestigationID)values(697,4725)

INSERT into InvGroupMapMaster(GROUPID,InvestigationID)values(637,3131)
INSERT into InvGroupMapMaster(GROUPID,InvestigationID)values(637,3131)
INSERT into InvGroupMapMaster(GROUPID,InvestigationID)values(637,3131)	
	
GO

/*	ComplaintGroupOrgMapping	*/

delete from ComplaintGroupOrgMapping where OrgID = 12
INSERT INTO ComplaintGroupOrgMapping(CompiantInvID,INVGroupID,OrgID) VALUES (1, 601, 12)
	INSERT INTO ComplaintGroupOrgMapping(CompiantInvID,INVGroupID,OrgID) VALUES (2, 602, 12)	--LNH
	INSERT INTO ComplaintGroupOrgMapping(CompiantInvID,INVGroupID,OrgID) VALUES (3, 603, 12)	--LNH
--INSERT INTO ComplaintGroupOrgMapping(CompiantInvID,INVGroupID,OrgID) VALUES (4, 604, 12)
	INSERT INTO ComplaintGroupOrgMapping(CompiantInvID,INVGroupID,OrgID) VALUES (5, 605, 12)	--LNH
INSERT INTO ComplaintGroupOrgMapping(CompiantInvID,INVGroupID,OrgID) VALUES (6, 606, 12)
	INSERT INTO ComplaintGroupOrgMapping(CompiantInvID,INVGroupID,OrgID) VALUES (7, 607, 12)	--LNH
INSERT INTO ComplaintGroupOrgMapping(CompiantInvID,INVGroupID,OrgID) VALUES (8, 608, 12)
INSERT INTO ComplaintGroupOrgMapping(CompiantInvID,INVGroupID,OrgID) VALUES (9, 609, 12)	
	INSERT INTO ComplaintGroupOrgMapping(CompiantInvID,INVGroupID,OrgID) VALUES (10, 610, 12)	--LNH
	INSERT INTO ComplaintGroupOrgMapping(CompiantInvID,INVGroupID,OrgID) VALUES (11, 611, 12)	--LNH
INSERT INTO ComplaintGroupOrgMapping(CompiantInvID,INVGroupID,OrgID) VALUES (12, 612, 12)
INSERT INTO ComplaintGroupOrgMapping(CompiantInvID,INVGroupID,OrgID) VALUES (13, 613, 13)
	INSERT INTO ComplaintGroupOrgMapping(CompiantInvID,INVGroupID,OrgID) VALUES (15, 615, 12)	--LNH
--INSERT INTO ComplaintGroupOrgMapping(CompiantInvID,INVGroupID,OrgID) VALUES (16, 616, 12)
	INSERT INTO ComplaintGroupOrgMapping(CompiantInvID,INVGroupID,OrgID) VALUES (19, 619, 12)	--LNH
	INSERT INTO ComplaintGroupOrgMapping(CompiantInvID,INVGroupID,OrgID) VALUES (20, 620, 12)	--LNH
INSERT INTO ComplaintGroupOrgMapping(CompiantInvID,INVGroupID,OrgID) VALUES (21, 621, 12)
--INSERT INTO ComplaintGroupOrgMapping(CompiantInvID,INVGroupID,OrgID) VALUES (26, 626, 12)
INSERT INTO ComplaintGroupOrgMapping(CompiantInvID,INVGroupID,OrgID) VALUES (28, 628, 12)
	INSERT INTO ComplaintGroupOrgMapping(CompiantInvID,INVGroupID,OrgID) VALUES (29, 629, 12)	--LNH
	INSERT INTO ComplaintGroupOrgMapping(CompiantInvID,INVGroupID,OrgID) VALUES (30, 630, 12)	--LNH
	INSERT INTO ComplaintGroupOrgMapping(CompiantInvID,INVGroupID,OrgID) VALUES (31, 631, 12)	--KMH
	INSERT INTO ComplaintGroupOrgMapping(CompiantInvID,INVGroupID,OrgID) VALUES (32, 632, 12)	--KMH
	INSERT INTO ComplaintGroupOrgMapping(CompiantInvID,INVGroupID,OrgID) VALUES (33, 633, 12)	--KMH
	
	INSERT INTO ComplaintGroupOrgMapping(CompiantInvID,INVGroupID,OrgID) VALUES (34, 634, 12)	--LNH
	
	INSERT INTO ComplaintGroupOrgMapping(CompiantInvID,INVGroupID,OrgID) VALUES (35, 635, 12)	--KMH
	INSERT INTO ComplaintGroupOrgMapping(CompiantInvID,INVGroupID,OrgID) VALUES (36, 636, 12)	--KMH
	INSERT INTO ComplaintGroupOrgMapping(CompiantInvID,INVGroupID,OrgID) VALUES (37, 637, 12)	--LNH

INSERT INTO ComplaintGroupOrgMapping(CompiantInvID,INVGroupID,OrgID) VALUES (46, 687, 12)
INSERT INTO ComplaintGroupOrgMapping(CompiantInvID,INVGroupID,OrgID) VALUES (47, 688, 12)
INSERT INTO ComplaintGroupOrgMapping(CompiantInvID,INVGroupID,OrgID) VALUES (48, 689, 12)
INSERT INTO ComplaintGroupOrgMapping(CompiantInvID,INVGroupID,OrgID) VALUES (49, 690, 12)
INSERT INTO ComplaintGroupOrgMapping(CompiantInvID,INVGroupID,OrgID) VALUES (50, 691, 12)
INSERT INTO ComplaintGroupOrgMapping(CompiantInvID,INVGroupID,OrgID) VALUES (51, 692, 12)
INSERT INTO ComplaintGroupOrgMapping(CompiantInvID,INVGroupID,OrgID) VALUES (52, 693, 12)
INSERT INTO ComplaintGroupOrgMapping(CompiantInvID,INVGroupID,OrgID) VALUES (53, 694, 12)
INSERT INTO ComplaintGroupOrgMapping(CompiantInvID,INVGroupID,OrgID) VALUES (54, 695, 12)
INSERT INTO ComplaintGroupOrgMapping(CompiantInvID,INVGroupID,OrgID) VALUES (55, 696, 12)
INSERT INTO ComplaintGroupOrgMapping(CompiantInvID,INVGroupID,OrgID) VALUES (56, 697, 12)



GO

/*	InvClientMaster		*/
Delete from  InvClientMaster where OrgID=12
INSERT INTO InvClientMaster(ClientID,orgid,clientname,clienttypeid,type,ActiveYN)VALUES(1001,12,'GENERAL',1,NULL,'Y')

GO

/*		InvOrgGroup		*/
DELETE FROM InvOrgGroup where OrgID = 12
INSERT INTO InvOrgGroup (AttGroupID, OrgGroupID, OrgID) VALUES (2, 602, 12)
INSERT INTO InvOrgGroup (AttGroupID, OrgGroupID, OrgID) VALUES (3, 603, 12)
INSERT INTO InvOrgGroup (AttGroupID, OrgGroupID, OrgID) VALUES (5, 605, 12)
INSERT INTO InvOrgGroup (AttGroupID, OrgGroupID, OrgID) VALUES (7, 607, 12)
INSERT INTO InvOrgGroup (AttGroupID, OrgGroupID, OrgID) VALUES (10, 610, 12)
INSERT INTO InvOrgGroup (AttGroupID, OrgGroupID, OrgID) VALUES (11, 611, 12)
INSERT INTO InvOrgGroup (AttGroupID, OrgGroupID, OrgID) VALUES (15, 615, 12)
INSERT INTO InvOrgGroup (AttGroupID, OrgGroupID, OrgID) VALUES (19, 619, 12)
INSERT INTO InvOrgGroup (AttGroupID, OrgGroupID, OrgID) VALUES (20, 620, 12)
INSERT INTO InvOrgGroup (AttGroupID, OrgGroupID, OrgID) VALUES (29, 629, 12)

INSERT INTO InvOrgGroup (AttGroupID, OrgGroupID, OrgID) VALUES (1,  601, 12)
INSERT INTO InvOrgGroup (AttGroupID, OrgGroupID, OrgID) VALUES (21, 621, 12)
INSERT INTO InvOrgGroup (AttGroupID, OrgGroupID, OrgID) VALUES (6,  606, 12)
INSERT INTO InvOrgGroup (AttGroupID, OrgGroupID, OrgID) VALUES (8,  608, 12)
--INSERT INTO InvOrgGroup (AttGroupID, OrgGroupID, OrgID) VALUES (26, 626, 12)
INSERT INTO InvOrgGroup (AttGroupID, OrgGroupID, OrgID) VALUES (28, 628, 12)
INSERT INTO InvOrgGroup (AttGroupID, OrgGroupID, OrgID) VALUES (12, 612, 12)
INSERT INTO InvOrgGroup (AttGroupID, OrgGroupID, OrgID) VALUES (9,  609, 12)
INSERT INTO InvOrgGroup (AttGroupID, OrgGroupID, OrgID) VALUES (13, 613, 12)

INSERT INTO InvOrgGroup (AttGroupID, OrgGroupID, OrgID) VALUES (30, 630, 12)
INSERT INTO InvOrgGroup (AttGroupID, OrgGroupID, OrgID) VALUES (31, 631, 12)
INSERT INTO InvOrgGroup (AttGroupID, OrgGroupID, OrgID) VALUES (32, 632, 12)
INSERT INTO InvOrgGroup (AttGroupID, OrgGroupID, OrgID) VALUES (33, 633, 12)
INSERT INTO InvOrgGroup (AttGroupID, OrgGroupID, OrgID) VALUES (34, 634, 12)

INSERT INTO InvOrgGroup (AttGroupID, OrgGroupID, OrgID) VALUES (35, 635, 12)
INSERT INTO InvOrgGroup (AttGroupID, OrgGroupID, OrgID) VALUES (36, 636, 12)
INSERT INTO InvOrgGroup (AttGroupID, OrgGroupID, OrgID) VALUES (37, 637, 12)

INSERT INTO InvOrgGroup (AttGroupID, OrgGroupID, OrgID) VALUES (87, 687, 12)
INSERT INTO InvOrgGroup (AttGroupID, OrgGroupID, OrgID) VALUES (88, 688, 12)
INSERT INTO InvOrgGroup (AttGroupID, OrgGroupID, OrgID) VALUES (89, 689, 12)
INSERT INTO InvOrgGroup (AttGroupID, OrgGroupID, OrgID) VALUES (90, 690, 12)
INSERT INTO InvOrgGroup (AttGroupID, OrgGroupID, OrgID) VALUES (91, 691, 12)
INSERT INTO InvOrgGroup (AttGroupID, OrgGroupID, OrgID) VALUES (92, 692, 12)
INSERT INTO InvOrgGroup (AttGroupID, OrgGroupID, OrgID) VALUES (93, 693, 12)
INSERT INTO InvOrgGroup (AttGroupID, OrgGroupID, OrgID) VALUES (94, 694, 12)
INSERT INTO InvOrgGroup (AttGroupID, OrgGroupID, OrgID) VALUES (95, 695, 12)
INSERT INTO InvOrgGroup (AttGroupID, OrgGroupID, OrgID) VALUES (96, 696, 12)
INSERT INTO InvOrgGroup (AttGroupID, OrgGroupID, OrgID) VALUES (97, 697, 12)
INSERT INTO InvOrgGroup (AttGroupID, OrgGroupID, OrgID) VALUES (98, 698, 12)
INSERT INTO InvOrgGroup (AttGroupID,OrgGroupID,OrgID) VALUES (99,699,12)

GO

DELETE FROM ReportOrgMapping WHERE OrgID = 12

insert into ReportOrgMapping (ReportID,RoleID,OrgID)values(1,116,12)
insert into ReportOrgMapping (ReportID,RoleID,OrgID)values(2,116,12)
insert into ReportOrgMapping (ReportID,RoleID,OrgID)values(3,116,12)
insert into ReportOrgMapping (ReportID,RoleID,OrgID)values(4,115,12)
insert into ReportOrgMapping (ReportID,RoleID,OrgID)values(6,116,12)
insert into ReportOrgMapping (ReportID,RoleID,OrgID)values(7,116,12)
insert into ReportOrgMapping (ReportID,RoleID,OrgID)values(8,116,12)

INSERT INTO ReportOrgMapping (ReportID,RoleID,OrgID)values(12,116,12)
INSERT INTO ReportOrgMapping (ReportID,RoleID,OrgID)values(13,116,12)
INSERT INTO ReportOrgMapping (ReportID,RoleID,OrgID)values(14,116,12)
INSERT INTO ReportOrgMapping (ReportID,RoleID,OrgID)values(15,116,12)
INSERT INTO ReportOrgMapping (ReportID,RoleID,OrgID)values(16,116,12)
INSERT INTO ReportOrgMapping (ReportID,RoleID,OrgID)values(20,116,12)
Insert into ReportOrgMapping(ReportID, RoleID, OrgID) values(21, 116,  12)
Insert into ReportOrgMapping(ReportID, RoleID, OrgID) values(22, 116,  12)
Insert into ReportOrgMapping(ReportID, RoleID, OrgID) values(23, 116,  12)
Insert into ReportOrgMapping(ReportID, RoleID, OrgID) values(24, 116,  12)
Insert into ReportOrgMapping(ReportID, RoleID, OrgID) values(25, 116,  12)
Insert into ReportOrgMapping(ReportID, RoleID, OrgID) values(31, 116,  12)
Insert into ReportOrgMapping(ReportID, RoleID, OrgID) values(32, 116,  12)
Insert into ReportOrgMapping(ReportID, RoleID, OrgID) values(33, 116,  12)
Insert into ReportOrgMapping(ReportID, RoleID, OrgID) values(34, 116,  12)
insert into ReportOrgMapping (ReportID,RoleID,OrgID)values(42,116,12)
GO

Delete From IPPaymentsRoleMapping Where Roleid IN (112,115)
Insert into IPPaymentsRoleMapping (IpPaymentsID,Roleid) Values(1,112)
Insert into IPPaymentsRoleMapping (IpPaymentsID,Roleid) Values(2,112)
Insert into IPPaymentsRoleMapping (IpPaymentsID,Roleid) Values(3,112)
Insert into IPPaymentsRoleMapping (IpPaymentsID,Roleid) Values(4,112)
Insert into IPPaymentsRoleMapping (IpPaymentsID,Roleid) Values(9,112)

Insert into IPPaymentsRoleMapping (IpPaymentsID,Roleid) Values(1,115)
Insert into IPPaymentsRoleMapping (IpPaymentsID,Roleid) Values(2,115)
Insert into IPPaymentsRoleMapping (IpPaymentsID,Roleid) Values(3,115)
Insert into IPPaymentsRoleMapping (IpPaymentsID,Roleid) Values(4,115)
Insert into IPPaymentsRoleMapping (IpPaymentsID,Roleid) Values(5,115)
Insert into IPPaymentsRoleMapping (IpPaymentsID,Roleid) Values(6,115)
Insert into IPPaymentsRoleMapping (IpPaymentsID,Roleid) Values(7,115)
Insert into IPPaymentsRoleMapping (IpPaymentsID,Roleid) Values(8,115)

INSERT INTO IPPaymentsRoleMapping (IpPaymentsID,Roleid) VALUES(10,112)
INSERT INTO IPPaymentsRoleMapping (IpPaymentsID,Roleid) VALUES(10,115)


INSERT INTO IPPaymentsRoleMapping  VALUES(11,115)

GO

DELETE FROM FloorMaster WHERE OrgAddID=12
INSERT INTO FloorMaster(FloorID,FloorName,OrgAddID) VALUES(1,'G FLOOR',12)
INSERT INTO FloorMaster(FloorID,FloorName,OrgAddID) VALUES(2,'I FLOOR',12)
GO

DELETE FROM RoomType WHERE OrgAddID=12
INSERT INTO RoomType(RoomTypeID,RoomTypeName,OrgAddID,Charge) VALUES (1,'A/C SINGLE ROOM',12,1600.00)
INSERT INTO RoomType(RoomTypeID,RoomTypeName,OrgAddID,Charge) VALUES (2,'SINGLE NON A/C',12,1200.00)
INSERT INTO RoomType(RoomTypeID,RoomTypeName,OrgAddID,Charge) VALUES (3,'A/C DELUX ROOM',12,1900.00)
INSERT INTO RoomType(RoomTypeID,RoomTypeName,OrgAddID,Charge) VALUES (4,'ICU',12,3500.00)
GO

DELETE FROM RoomMaster WHERE RoomTypeID IN (1,2,3,4)
INSERT INTO RoomMaster(RoomID,RoomName,FloorID,RoomTypeID) VALUES(1,'108',1,2)
INSERT INTO RoomMaster(RoomID,RoomName,FloorID,RoomTypeID) VALUES(2,'109',1,2)
INSERT INTO RoomMaster(RoomID,RoomName,FloorID,RoomTypeID) VALUES(3,'110',1,2)
INSERT INTO RoomMaster(RoomID,RoomName,FloorID,RoomTypeID) VALUES(4,'111',1,2)
INSERT INTO RoomMaster(RoomID,RoomName,FloorID,RoomTypeID) VALUES(5,'112',1,2)
INSERT INTO RoomMaster(RoomID,RoomName,FloorID,RoomTypeID) VALUES(6,'113',1,2)
INSERT INTO RoomMaster(RoomID,RoomName,FloorID,RoomTypeID) VALUES(7,'114',1,2)
INSERT INTO RoomMaster(RoomID,RoomName,FloorID,RoomTypeID) VALUES(8,'115',1,2)
INSERT INTO RoomMaster(RoomID,RoomName,FloorID,RoomTypeID) VALUES(9,'201',2,1)
INSERT INTO RoomMaster(RoomID,RoomName,FloorID,RoomTypeID) VALUES(10,'202',2,1)
INSERT INTO RoomMaster(RoomID,RoomName,FloorID,RoomTypeID) VALUES(11,'S1',2,3)
INSERT INTO RoomMaster(RoomID,RoomName,FloorID,RoomTypeID) VALUES(12,'S2',2,3)
INSERT INTO RoomMaster(RoomID,RoomName,FloorID,RoomTypeID) VALUES(13,'S3',2,3)
INSERT INTO RoomMaster(RoomID,RoomName,FloorID,RoomTypeID) VALUES(14,'S4',2,3)
INSERT INTO RoomMaster(RoomID,RoomName,FloorID,RoomTypeID) VALUES(15,'S5',2,3)
INSERT INTO RoomMaster(RoomID,RoomName,FloorID,RoomTypeID) VALUES(16,'S6',2,3)
INSERT INTO RoomMaster(RoomID,RoomName,FloorID,RoomTypeID) VALUES(17,'203',2,2)
INSERT INTO RoomMaster(RoomID,RoomName,FloorID,RoomTypeID) VALUES(18,'204',2,2)
INSERT INTO RoomMaster(RoomID,RoomName,FloorID,RoomTypeID) VALUES(19,'205',2,2)
INSERT INTO RoomMaster(RoomID,RoomName,FloorID,RoomTypeID) VALUES(20,'206',2,2)
INSERT INTO RoomMaster(RoomID,RoomName,FloorID,RoomTypeID) VALUES(21,'207',2,2)
INSERT INTO RoomMaster(RoomID,RoomName,FloorID,RoomTypeID) VALUES(22,'208',2,2)
INSERT INTO RoomMaster(RoomID,RoomName,FloorID,RoomTypeID) VALUES(23,'209',2,2)
INSERT INTO RoomMaster(RoomID,RoomName,FloorID,RoomTypeID) VALUES(24,'210',2,2)
INSERT INTO RoomMaster(RoomID,RoomName,FloorID,RoomTypeID) VALUES(25,'211',2,2)
INSERT INTO RoomMaster(RoomID,RoomName,FloorID,RoomTypeID) VALUES(26,'ICU A',1,4)
INSERT INTO RoomMaster(RoomID,RoomName,FloorID,RoomTypeID) VALUES(27,'ICU B',1,4)
INSERT INTO RoomMaster(RoomID,RoomName,FloorID,RoomTypeID) VALUES(28,'ICU C',1,4)
INSERT INTO RoomMaster(RoomID,RoomName,FloorID,RoomTypeID) VALUES(29,'ICU D',1,4)
INSERT INTO RoomMaster(RoomID,RoomName,FloorID,RoomTypeID) VALUES(30,'ICU E',1,4)
INSERT INTO RoomMaster(RoomID,RoomName,FloorID,RoomTypeID) VALUES(31,'ICU F',1,4)
 GO

DELETE FROM BedMaster WHERE RoomID IN(1,2,3,4,5,6,7,8,9,10,11,12,13,14,15,16,17,18,19,20,21,22,23,24,25,26,27,28,29,30,31)

INSERT INTO BedMaster(BedID,BedName,RoomID)  VALUES(1,'Bed No:1',1)
INSERT INTO BedMaster(BedID,BedName,RoomID)  VALUES(2,'Bed No:1',2)
INSERT INTO BedMaster(BedID,BedName,RoomID)  VALUES(3,'Bed No:1',3)
INSERT INTO BedMaster(BedID,BedName,RoomID)  VALUES(4,'Bed No:1',4)
INSERT INTO BedMaster(BedID,BedName,RoomID)  VALUES(5,'Bed No:1',5)
INSERT INTO BedMaster(BedID,BedName,RoomID)  VALUES(6,'Bed No:1',6)
INSERT INTO BedMaster(BedID,BedName,RoomID)  VALUES(7,'Bed No:1',7)
INSERT INTO BedMaster(BedID,BedName,RoomID)  VALUES(8,'Bed No:1',8)
INSERT INTO BedMaster(BedID,BedName,RoomID)  VALUES(9,'Bed No:1',9)
INSERT INTO BedMaster(BedID,BedName,RoomID)  VALUES(10,'Bed No:1',10)
INSERT INTO BedMaster(BedID,BedName,RoomID)  VALUES(11,'Bed No:1',11)
INSERT INTO BedMaster(BedID,BedName,RoomID)  VALUES(12,'Bed No:1',12)
INSERT INTO BedMaster(BedID,BedName,RoomID)  VALUES(13,'Bed No:1',13)
INSERT INTO BedMaster(BedID,BedName,RoomID)  VALUES(14,'Bed No:1',14)
INSERT INTO BedMaster(BedID,BedName,RoomID)  VALUES(15,'Bed No:1',15)
INSERT INTO BedMaster(BedID,BedName,RoomID)  VALUES(16,'Bed No:1',16)
INSERT INTO BedMaster(BedID,BedName,RoomID)  VALUES(17,'Bed No:1',17)
INSERT INTO BedMaster(BedID,BedName,RoomID)  VALUES(18,'Bed No:1',18)
INSERT INTO BedMaster(BedID,BedName,RoomID)  VALUES(19,'Bed No:1',19)
INSERT INTO BedMaster(BedID,BedName,RoomID)  VALUES(20,'Bed No:1',20)
INSERT INTO BedMaster(BedID,BedName,RoomID)  VALUES(21,'Bed No:1',21)
INSERT INTO BedMaster(BedID,BedName,RoomID)  VALUES(22,'Bed No:1',22)
INSERT INTO BedMaster(BedID,BedName,RoomID)  VALUES(23,'Bed No:1',23)
INSERT INTO BedMaster(BedID,BedName,RoomID)  VALUES(24,'Bed No:1',24)
INSERT INTO BedMaster(BedID,BedName,RoomID)  VALUES(25,'Bed No:1',25)
INSERT INTO BedMaster(BedID,BedName,RoomID)  VALUES(26,'Bed No:1',26)
INSERT INTO BedMaster(BedID,BedName,RoomID)  VALUES(27,'Bed No:1',27)
INSERT INTO BedMaster(BedID,BedName,RoomID)  VALUES(28,'Bed No:1',28)
INSERT INTO BedMaster(BedID,BedName,RoomID)  VALUES(29,'Bed No:1',29)
INSERT INTO BedMaster(BedID,BedName,RoomID)  VALUES(30,'Bed No:1',30)
INSERT INTO BedMaster(BedID,BedName,RoomID)  VALUES(31,'Bed No:1',31)
GO

DELETE FROM MedicalIndents WHERE OrgID=12

INSERT INTO MedicalIndents (ItemID,ItemName,Rate,OrgID) VALUES(0,'OTHERS',NULL,12)
INSERT INTO MedicalIndents (ItemID,ItemName,Rate,OrgID) VALUES(1,'OXYGEN',300.00,12)
INSERT INTO MedicalIndents (ItemID,ItemName,Rate,OrgID) VALUES(2,'DIGIFUSA',150.00,12)
INSERT INTO MedicalIndents (ItemID,ItemName,Rate,OrgID) VALUES(3,'ALPHA BED',100.00,12)
INSERT INTO MedicalIndents (ItemID,ItemName,Rate,OrgID) VALUES(4,'NEBULISATION',100.00,12)
INSERT INTO MedicalIndents (ItemID,ItemName,Rate,OrgID) VALUES(5,'VENTILATOR',2400.00,12)
INSERT INTO MedicalIndents (ItemID,ItemName,Rate,OrgID) VALUES(6,'VENTILATOR OXYGEN',1200.00,12)
GO

Delete from PurposeOfAdmission where OrgID = 12
INSERT INTO PurposeOfAdmission (PurposeOfAdmissionID,PurposeOfAdmissionName,OrgID) VALUES (1,'Medical Management',12)
INSERT INTO PurposeOfAdmission (PurposeOfAdmissionID,PurposeOfAdmissionName,OrgID) VALUES (2,'Surgery',12)
INSERT INTO PurposeOfAdmission (PurposeOfAdmissionID,PurposeOfAdmissionName,OrgID) VALUES (3,'Emergency Care',12)
INSERT INTO PurposeOfAdmission (PurposeOfAdmissionID,PurposeOfAdmissionName,OrgID) VALUES (4,'Intervention',12)
INSERT INTO PurposeOfAdmission (PurposeOfAdmissionID,PurposeOfAdmissionName,OrgID) VALUES (5,'Medical Evaluation',12)

DELETE FROM IPTreatmentPlanMaster WHERE OrgID = 12
INSERT INTO IPTreatmentPlanMaster (IPTreatmentPlanID,IPTreatmentPlanName,IPTreatmentPlanParentID,OrgID) VALUES (1,'Surgical',NULL,12)
INSERT INTO IPTreatmentPlanMaster (IPTreatmentPlanID,IPTreatmentPlanName,IPTreatmentPlanParentID,OrgID) VALUES (2,'Interventional',NULL,12)
INSERT INTO IPTreatmentPlanMaster (IPTreatmentPlanID,IPTreatmentPlanName,IPTreatmentPlanParentID,OrgID) VALUES (3,'Laproscopic Adhesiolysis',1,12)
INSERT INTO IPTreatmentPlanMaster (IPTreatmentPlanID,IPTreatmentPlanName,IPTreatmentPlanParentID,OrgID) VALUES (4,'Laproscopic Appendicectomy',1,12)
INSERT INTO IPTreatmentPlanMaster (IPTreatmentPlanID,IPTreatmentPlanName,IPTreatmentPlanParentID,OrgID) VALUES (5,'Laproscopic Cholecystectomy',1,12)
INSERT INTO IPTreatmentPlanMaster (IPTreatmentPlanID,IPTreatmentPlanName,IPTreatmentPlanParentID,OrgID) VALUES (6,'Endoscopic Sclerotherapy',2,12)
INSERT INTO IPTreatmentPlanMaster (IPTreatmentPlanID,IPTreatmentPlanName,IPTreatmentPlanParentID,OrgID) VALUES (7,'Endoscopic Septoplasty',2,12)
INSERT INTO IPTreatmentPlanMaster (IPTreatmentPlanID,IPTreatmentPlanName,IPTreatmentPlanParentID,OrgID) VALUES (8,'Endoscopic Stapling',2,12)

DELETE FROM CashExpenseMaster WHERE OrgID = 12
INSERT INTO CashExpenseMaster(HeadName ,OrgID, HeadDesc ) VALUES ('Physician',12,'PHY')
INSERT INTO CashExpenseMaster(HeadName ,OrgID, HeadDesc ) VALUES ('Staff Welfare',11,'STW')
INSERT INTO CashExpenseMaster(HeadName ,OrgID, HeadDesc ) VALUES ('Postage',12,'POS')
INSERT INTO CashExpenseMaster(HeadName ,OrgID, HeadDesc ) VALUES ('Hospitality',12,'HOP')
INSERT INTO CashExpenseMaster(HeadName ,OrgID, HeadDesc ) VALUES ('Travelling',12,'TRV')
INSERT INTO CashExpenseMaster(HeadName ,OrgID, HeadDesc ) VALUES ('Printing',12,'PRT')
INSERT INTO CashExpenseMaster(HeadName ,OrgID, HeadDesc ) VALUES ('Others',12,'OTH')

DELETE FROM TaskDependency WHERE OrgID = 12
INSERT INTO TaskDependency (PrimaryTaskActionID, DependentTaskActionID, OrgID) VALUES (11,11,12)
INSERT INTO TaskDependency (PrimaryTaskActionID, DependentTaskActionID, OrgID) VALUES (33,33,12)
INSERT INTO TaskDependency (PrimaryTaskActionID, DependentTaskActionID, OrgID) VALUES (33,32,12)
GO


/* SurgeryType */
DELETE FROM SurgeryType WHERE OrgID = 12
insert into SurgeryType(SurgeryTypeID,TypeName,OrgID) values(1,'Elective',12)
insert into SurgeryType(SurgeryTypeID,TypeName,OrgID) values(2,'Emergency',12)

/* OperationType */
DELETE FROM OperationType WHERE OrgID = 12
insert into OperationType(OperationTypeID,TypeName,OrgID) values(1,'Major',12)
insert into OperationType(OperationTypeID,TypeName,OrgID) values(2,'Minor',12)

/* AnesthesiaType */
DELETE FROM AnesthesiaType WHERE OrgID = 12

insert into AnesthesiaType(AnesthesiaTypeID,TypeName,OrgID) values(1,'General',12)
insert into AnesthesiaType(AnesthesiaTypeID,TypeName,OrgID) values(2,'Local',12)
insert into AnesthesiaType(AnesthesiaTypeID,TypeName,OrgID) values(3,'Spinal-Epidural',12)
insert into AnesthesiaType(AnesthesiaTypeID,TypeName,OrgID) values(4,'Spinal-Intrathecal',12)
insert into AnesthesiaType(AnesthesiaTypeID,TypeName,OrgID) values(5,'Nerve Block',12)
--INSERT INTO AnesthesiaType (AnesthesiaTypeID, TypeName, OrgID) Values   (6,'Spinal',55)

/*  AHPStaffType */
DELETE FROM AHPStaffType WHERE OrgID = 12
insert into AHPStaffType(AHPStaffTypeID,TypeName,OrgID) values(1,'Anesthetist',12)
insert into AHPStaffType(AHPStaffTypeID,TypeName,OrgID) values(2,'Technician',12)

/* tech and anesthisia */

DELETE FROM AHPStaff WHERE OrgID = 12
Insert into AHPStaff(AHPStaffID,StaffName,StaffType,Email,Sex,LoginID,OrgID)   values (160,'Basha',1,  '','M',229,12)
Insert into AHPStaff(AHPStaffID,StaffName,StaffType,Email,Sex,LoginID,OrgID)   values (161,'Govindaraj',1,  '','M',256,12)
Insert into AHPStaff(AHPStaffID,StaffName,StaffType,Email,Sex,LoginID,OrgID)   values (162,'Padmavathi',1,  '','F',257,12)

Insert into AHPStaff(AHPStaffID,StaffName,StaffType,Email,Sex,LoginID,OrgID)   values (163,'Priya',2,  '','F',258,12)
Insert into AHPStaff(AHPStaffID,StaffName,StaffType,Email,Sex,LoginID,OrgID)   values (164,'Sridharan',2,  '','M',259,12)
Insert into AHPStaff(AHPStaffID,StaffName,StaffType,Email,Sex,LoginID,OrgID)   values (201,'Nisha',2,  '','F',274,12)


--InventoryIDMaster
INSERT INTO InventoryIDMaster([OrgID],[PurchaseOrderID],[StockReceivedID],[StockDamageID],[StockReturnID],[StockIssuedID],[StockUsageID]) VALUES (12,1000,1000,1000,1000,1000,1000)


DELETE FROM ActionRoleMapping WHERE RoleID IN (111,112,113,114,115,116,117,118,119,120,122)

INSERT INTO ActionRoleMapping (ActionID, RoleID, RedirectPageID, SearchTypeID) VALUES (1, 115,	73, 11)
INSERT INTO ActionRoleMapping (ActionID, RoleID, RedirectPageID, SearchTypeID) VALUES (1, 115,	73, 19)
INSERT INTO ActionRoleMapping (ActionID, RoleID, RedirectPageID, SearchTypeID) VALUES (2, 116,	98, 14)
INSERT INTO ActionRoleMapping (ActionID, RoleID, RedirectPageID, SearchTypeID) VALUES (2, 116,	99, 15)
INSERT INTO ActionRoleMapping (ActionID, RoleID, RedirectPageID, SearchTypeID) VALUES (3, 115,	54, 12)
INSERT INTO ActionRoleMapping (ActionID, RoleID, RedirectPageID, SearchTypeID) VALUES (3, 112,	54, 12)
INSERT INTO ActionRoleMapping (ActionID, RoleID, RedirectPageID, SearchTypeID) VALUES (5, 115,	80, 5)
INSERT INTO ActionRoleMapping (ActionID, RoleID, RedirectPageID, SearchTypeID) VALUES (6, 115,	76, 5)
INSERT INTO ActionRoleMapping (ActionID, RoleID, RedirectPageID, SearchTypeID) VALUES (6, 116,	76, 5)
INSERT INTO ActionRoleMapping (ActionID, RoleID, RedirectPageID, SearchTypeID) VALUES (7, 115,	70, 11)
INSERT INTO ActionRoleMapping (ActionID, RoleID, RedirectPageID, SearchTypeID) VALUES (7, 115,	70, 19)
INSERT INTO ActionRoleMapping (ActionID, RoleID, RedirectPageID, SearchTypeID) VALUES (8, 115,	29, 10)
INSERT INTO ActionRoleMapping (ActionID, RoleID, RedirectPageID, SearchTypeID) VALUES (9, 113,	65, 12)
INSERT INTO ActionRoleMapping (ActionID, RoleID, RedirectPageID, SearchTypeID) VALUES (10, 115, 122, 5)
INSERT INTO ActionRoleMapping (ActionID, RoleID, RedirectPageID, SearchTypeID) VALUES (11, 112, 6, 10)
INSERT INTO ActionRoleMapping (ActionID, RoleID, RedirectPageID, SearchTypeID) VALUES (11, 112, 6, 19)
INSERT INTO ActionRoleMapping (ActionID, RoleID, RedirectPageID, SearchTypeID) VALUES (12, 117, 7, 10)
INSERT INTO ActionRoleMapping (ActionID, RoleID, RedirectPageID, SearchTypeID) VALUES (12, 117,	23,11)
INSERT INTO ActionRoleMapping (ActionID, RoleID, RedirectPageID, SearchTypeID) VALUES (13, 111,	81,	12)
INSERT INTO ActionRoleMapping (ActionID, RoleID, RedirectPageID, SearchTypeID) VALUES (13, 112,	81,	12)
INSERT INTO ActionRoleMapping (ActionID, RoleID, RedirectPageID, SearchTypeID) VALUES (13, 115,	81,	12)
INSERT INTO ActionRoleMapping (ActionID, RoleID, RedirectPageID, SearchTypeID) VALUES (14, 112,	58,	12)
INSERT INTO ActionRoleMapping (ActionID, RoleID, RedirectPageID, SearchTypeID) VALUES (14, 111,	58,	12)
INSERT INTO ActionRoleMapping (ActionID, RoleID, RedirectPageID, SearchTypeID) VALUES (17, 115,	57,	12)
INSERT INTO ActionRoleMapping (ActionID, RoleID, RedirectPageID, SearchTypeID) VALUES (18, 112,	39,	19)
INSERT INTO ActionRoleMapping (ActionID, RoleID, RedirectPageID, SearchTypeID) VALUES (19, 111,	44,	19)
INSERT INTO ActionRoleMapping (ActionID, RoleID, RedirectPageID, SearchTypeID) VALUES (20, 113,	68,	11)
INSERT INTO ActionRoleMapping (ActionID, RoleID, RedirectPageID, SearchTypeID) VALUES (21, 115,	2, 10)
--INSERT INTO ActionRoleMapping (ActionID, RoleID, RedirectPageID, SearchTypeID) VALUES (22, 115,	118, 10)
INSERT INTO ActionRoleMapping (ActionID, RoleID, RedirectPageID, SearchTypeID) VALUES (23, 116,	56,	6)
INSERT INTO ActionRoleMapping (ActionID, RoleID, RedirectPageID, SearchTypeID) VALUES (23, 115,	56,	6)
INSERT INTO ActionRoleMapping (ActionID, RoleID, RedirectPageID, SearchTypeID) VALUES (25, 111,	71,	12)
INSERT INTO ActionRoleMapping (ActionID, RoleID, RedirectPageID, SearchTypeID) VALUES (25, 112,	71,	12)
INSERT INTO ActionRoleMapping (ActionID, RoleID, RedirectPageID, SearchTypeID) VALUES (25, 115,	71,	12)
INSERT INTO ActionRoleMapping (ActionID, RoleID, RedirectPageID, SearchTypeID) VALUES (26, 115,	52,	5)
INSERT INTO ActionRoleMapping (ActionID, RoleID, RedirectPageID, SearchTypeID) VALUES (26, 112,	52,	5)
INSERT INTO ActionRoleMapping (ActionID, RoleID, RedirectPageID, SearchTypeID) VALUES (29, 115,	3,	10)
INSERT INTO ActionRoleMapping (ActionID, RoleID, RedirectPageID, SearchTypeID) VALUES (30, 111,	82,	12)
INSERT INTO ActionRoleMapping (ActionID, RoleID, RedirectPageID, SearchTypeID) VALUES (30, 112,	82,	12)
INSERT INTO ActionRoleMapping (ActionID, RoleID, RedirectPageID, SearchTypeID) VALUES (30, 115,	82,	12)
INSERT INTO ActionRoleMapping (ActionID, RoleID, RedirectPageID, SearchTypeID) VALUES (31, 115,	74,	19)
INSERT INTO ActionRoleMapping (ActionID, RoleID, RedirectPageID, SearchTypeID) VALUES (31, 115,	74,	11)
INSERT INTO ActionRoleMapping (ActionID, RoleID, RedirectPageID, SearchTypeID) VALUES (32, 115,	38,  11)
--INSERT INTO ActionRoleMapping (ActionID, RoleID, RedirectPageID, SearchTypeID) VALUES (32, 112,	119, 12)
INSERT INTO ActionRoleMapping (ActionID, RoleID, RedirectPageID, SearchTypeID) VALUES (32, 115,	38,  19)
INSERT INTO ActionRoleMapping (ActionID, RoleID, RedirectPageID, SearchTypeID) VALUES (33, 113,	66,	12)
INSERT INTO ActionRoleMapping (ActionID, RoleID, RedirectPageID, SearchTypeID) VALUES (34, 115,	28,	11)
--INSERT INTO ActionRoleMapping (ActionID, RoleID, RedirectPageID, SearchTypeID) VALUES (34, 115,	28,	11)
--INSERT INTO ActionRoleMapping (ActionID, RoleID, RedirectPageID, SearchTypeID) VALUES (34, 115,	28,	13)
INSERT INTO ActionRoleMapping (ActionID, RoleID, RedirectPageID, SearchTypeID) VALUES (34, 115,	28,	19)
INSERT INTO ActionRoleMapping (ActionID, RoleID, RedirectPageID, SearchTypeID) VALUES (35, 115,	28,	11)
--INSERT INTO ActionRoleMapping (ActionID, RoleID, RedirectPageID, SearchTypeID) VALUES (35, 115,	28,	11)
--INSERT INTO ActionRoleMapping (ActionID, RoleID, RedirectPageID, SearchTypeID) VALUES (35, 115,	28,	13)
INSERT INTO ActionRoleMapping (ActionID, RoleID, RedirectPageID, SearchTypeID) VALUES (35, 115,	28,	19)
INSERT INTO ActionRoleMapping (ActionID, RoleID, RedirectPageID, SearchTypeID) VALUES (36, 115,	28,	11)
--INSERT INTO ActionRoleMapping (ActionID, RoleID, RedirectPageID, SearchTypeID) VALUES (36, 115,	28,	11)
--INSERT INTO ActionRoleMapping (ActionID, RoleID, RedirectPageID, SearchTypeID) VALUES (36, 115,	28,	13)
INSERT INTO ActionRoleMapping (ActionID, RoleID, RedirectPageID, SearchTypeID) VALUES (36, 115,	28,	19)
INSERT INTO ActionRoleMapping (ActionID, RoleID, RedirectPageID, SearchTypeID) VALUES (37, 111,	118,12)
INSERT INTO ActionRoleMapping (ActionID, RoleID, RedirectPageID, SearchTypeID) VALUES (37, 112,	118,12)
INSERT INTO ActionRoleMapping (ActionID, RoleID, RedirectPageID, SearchTypeID) VALUES (37, 115,	118,12)
INSERT INTO ActionRoleMapping (ActionID, RoleID, RedirectPageID, SearchTypeID) VALUES (38, 115,	55,	4)
INSERT INTO ActionRoleMapping (ActionID, RoleID, RedirectPageID, SearchTypeID) VALUES (39, 115,	28,	11)
--INSERT INTO ActionRoleMapping (ActionID, RoleID, RedirectPageID, SearchTypeID) VALUES (39, 115,	28,	11)
--INSERT INTO ActionRoleMapping (ActionID, RoleID, RedirectPageID, SearchTypeID) VALUES (39, 115,	28,	13)
INSERT INTO ActionRoleMapping (ActionID, RoleID, RedirectPageID, SearchTypeID) VALUES (39, 115,	28,	19)
INSERT INTO ActionRoleMapping (ActionID, RoleID, RedirectPageID, SearchTypeID) VALUES (40, 115,	28,	11)
INSERT INTO ActionRoleMapping (ActionID, RoleID, RedirectPageID, SearchTypeID) VALUES (40, 115,	28,	19)
INSERT INTO ActionRoleMapping (ActionID, RoleID, RedirectPageID, SearchTypeID) VALUES (41, 116,	47,	10)
INSERT INTO ActionRoleMapping (ActionID, RoleID, RedirectPageID, SearchTypeID) VALUES (42, 111,	55,	4)
INSERT INTO ActionRoleMapping (ActionID, RoleID, RedirectPageID, SearchTypeID) VALUES (42, 115,	55,	11)
INSERT INTO ActionRoleMapping (ActionID, RoleID, RedirectPageID, SearchTypeID) VALUES (42, 113,	55,	4)
INSERT INTO ActionRoleMapping (ActionID, RoleID, RedirectPageID, SearchTypeID) VALUES (42, 113,	55,	11)
--INSERT INTO ActionRoleMapping (ActionID, RoleID, RedirectPageID, SearchTypeID) VALUES (42, 115,	28,	13)
INSERT INTO ActionRoleMapping (ActionID, RoleID, RedirectPageID, SearchTypeID) VALUES (42, 115,	55,	19)
INSERT INTO ActionRoleMapping (ActionID, RoleID, RedirectPageID, SearchTypeID) VALUES (43, 116,	121, 5)
INSERT INTO ActionRoleMapping (ActionID, RoleID, RedirectPageID, SearchTypeID) VALUES (45, 116,	116, 15)
INSERT INTO ActionRoleMapping (ActionID, RoleID, RedirectPageID, SearchTypeID) VALUES (48, 116,	98, 14)
INSERT INTO ActionRoleMapping (ActionID, RoleID, RedirectPageID, SearchTypeID) VALUES (48, 116,	99, 15)
INSERT INTO ActionRoleMapping (ActionID, RoleID, RedirectPageID, SearchTypeID) VALUES (48, 116,	100, 18)
INSERT INTO ActionRoleMapping (ActionID, RoleID, RedirectPageID, SearchTypeID) VALUES (48, 116,	101, 16)
INSERT INTO ActionRoleMapping (ActionID, RoleID, RedirectPageID, SearchTypeID) VALUES (48, 116,	105, 17)
INSERT INTO ActionRoleMapping (ActionID, RoleID, RedirectPageID, SearchTypeID) VALUES (48, 122,	98, 14)
INSERT INTO ActionRoleMapping (ActionID, RoleID, RedirectPageID, SearchTypeID) VALUES (48, 122,	99, 15)
INSERT INTO ActionRoleMapping (ActionID, RoleID, RedirectPageID, SearchTypeID) VALUES (48, 122,	100, 18)
INSERT INTO ActionRoleMapping (ActionID, RoleID, RedirectPageID, SearchTypeID) VALUES (48, 122,	101, 16)
INSERT INTO ActionRoleMapping (ActionID, RoleID, RedirectPageID, SearchTypeID) VALUES (48, 122,	105, 17)
INSERT INTO ActionRoleMapping (ActionID, RoleID, RedirectPageID, SearchTypeID) VALUES (49, 115,	53,	5)
INSERT INTO ActionRoleMapping (ActionID, RoleID, RedirectPageID, SearchTypeID) VALUES (50, 111,	7, 10)
INSERT INTO ActionRoleMapping (ActionID, RoleID, RedirectPageID, SearchTypeID) VALUES (51, 115, 18, 10)
INSERT INTO ActionRoleMapping (ActionID, RoleID, RedirectPageID, SearchTypeID) VALUES (51, 113, 18,	10)
INSERT INTO ActionRoleMapping (ActionID, RoleID, RedirectPageID, SearchTypeID) VALUES (51, 115, 18, 12)
INSERT INTO ActionRoleMapping (ActionID, RoleID, RedirectPageID, SearchTypeID) VALUES (11, 112,	6, 12)
INSERT INTO ActionRoleMapping (ActionID, RoleID, RedirectPageID, SearchTypeID) VALUES (52, 115,	148,10)

--INSERT INTO ActionRoleMapping (ActionID, RoleID, RedirectPageID, SearchTypeID) VALUES (52, 115, 148, 10)
Insert into ActionRoleMapping (ActionID,RoleID,RedirectPageID,SearchTypeID) Values (53,111,224,19)
Insert into ActionRoleMapping (ActionID,RoleID,RedirectPageID,SearchTypeID) Values (32,111,38,19)
INSERT INTO ActionRoleMapping(ActionID,RoleID,RedirectPageID,SearchTypeID)VALUES (11,115,6,10)
INSERT INTO ActionRoleMapping(ActionID,RoleID,RedirectPageID,SearchTypeID)VALUES (11,115,6,12)
INSERT INTO ActionRoleMapping(ActionID,RoleID,RedirectPageID,SearchTypeID)VALUES (11,115,6,19)

INSERT INTO ActionRoleMapping(ActionID,RoleID,RedirectPageID,SearchTypeID)VALUES (14,112,58,19)

INSERT INTO ActionRoleMapping(ActionID,RoleID,RedirectPageID,SearchTypeID)VALUES (58,115,246,11)

INSERT INTO ActionRoleMapping (ActionID, RoleID, RedirectPageID, SearchTypeID) VALUES (64, 115,	255,	10)
INSERT INTO ActionRoleMapping (ActionID, RoleID, RedirectPageID, SearchTypeID) VALUES (66, 115,	255,	12)
INSERT INTO ActionRoleMapping(ActionID,RoleID,RedirectPageID,SearchTypeID)VALUES (62,115,253,19)

INSERT INTO ActionRoleMapping(ActionID,RoleID,RedirectPageID,SearchTypeID)VALUES (65,111,245,19)

INSERT INTO ActionRoleMapping (ActionID, RoleID, RedirectPageID, SearchTypeID) VALUES (34, 115,	28,	13)
INSERT INTO ActionRoleMapping (ActionID, RoleID, RedirectPageID, SearchTypeID) VALUES (42, 115,	55,	13)
INSERT INTO ActionRoleMapping (ActionID, RoleID, RedirectPageID, SearchTypeID) VALUES (22, 115,	118,13)
INSERT INTO ActionRoleMapping (ActionID, RoleID, RedirectPageID, SearchTypeID) VALUES (22, 116,	118,12)

INSERT INTO ActionRoleMapping (ActionID, RoleID, RedirectPageID, SearchTypeID) VALUES (71, 116,	278,	12)
INSERT INTO ActionRoleMapping (ActionID, RoleID, RedirectPageID, SearchTypeID) VALUES (71, 115,	278,	12)
INSERT INTO ActionRoleMapping (ActionID, RoleID, RedirectPageID, SearchTypeID) VALUES (72, 116,	279,	12)
INSERT INTO ActionRoleMapping (ActionID, RoleID, RedirectPageID, SearchTypeID) VALUES (72, 115,	279,	12)

INSERT INTO ActionRoleMapping (ActionID, RoleID, RedirectPageID, SearchTypeID) VALUES (73, 115,	280,13)
INSERT INTO ActionRoleMapping (ActionID, RoleID, RedirectPageID, SearchTypeID) VALUES (74, 115,	281,13)

INSERT INTO ActionRoleMapping (ActionID, RoleID, RedirectPageID, SearchTypeID) VALUES (75, 116,	56,5)

INSERT INTO ActionRoleMapping (ActionID, RoleID, RedirectPageID, SearchTypeID) VALUES (81, 115,	297,12)

INSERT INTO ActionRoleMapping (ActionID, RoleID, RedirectPageID, SearchTypeID) VALUES (84, 115,	346,	19)

GO

DELETE FROM PageActionMapping WHERE OwnerOrgID = 12

INSERT INTO PageActionMapping (PageActionID, OwnerOrgID, SharedOrgID) VALUES (1, 12, 12)
INSERT INTO PageActionMapping (PageActionID, OwnerOrgID, SharedOrgID) VALUES (2, 12, 12)
INSERT INTO PageActionMapping (PageActionID, OwnerOrgID, SharedOrgID) VALUES (3, 12, 12)
INSERT INTO PageActionMapping (PageActionID, OwnerOrgID, SharedOrgID) VALUES (4, 12, 12)
INSERT INTO PageActionMapping (PageActionID, OwnerOrgID, SharedOrgID) VALUES (5, 12, 12)
INSERT INTO PageActionMapping (PageActionID, OwnerOrgID, SharedOrgID) VALUES (6, 12, 12)
INSERT INTO PageActionMapping (PageActionID, OwnerOrgID, SharedOrgID) VALUES (7, 12, 12)
INSERT INTO PageActionMapping (PageActionID, OwnerOrgID, SharedOrgID) VALUES (8, 12, 12)
INSERT INTO PageActionMapping (PageActionID, OwnerOrgID, SharedOrgID) VALUES (9, 12, 12)
INSERT INTO PageActionMapping (PageActionID, OwnerOrgID, SharedOrgID) VALUES (10, 12, 12)
INSERT INTO PageActionMapping (PageActionID, OwnerOrgID, SharedOrgID) VALUES (11, 12, 12)
INSERT INTO PageActionMapping (PageActionID, OwnerOrgID, SharedOrgID) VALUES (12, 12, 12)
INSERT INTO PageActionMapping (PageActionID, OwnerOrgID, SharedOrgID) VALUES (13, 12, 12)
INSERT INTO PageActionMapping (PageActionID, OwnerOrgID, SharedOrgID) VALUES (14, 12, 12)
INSERT INTO PageActionMapping (PageActionID, OwnerOrgID, SharedOrgID) VALUES (15, 12, 12)
INSERT INTO PageActionMapping (PageActionID, OwnerOrgID, SharedOrgID) VALUES (16, 12, 12)
INSERT INTO PageActionMapping (PageActionID, OwnerOrgID, SharedOrgID) VALUES (17, 12, 12)
INSERT INTO PageActionMapping (PageActionID, OwnerOrgID, SharedOrgID) VALUES (18, 12, 12)
INSERT INTO PageActionMapping (PageActionID, OwnerOrgID, SharedOrgID) VALUES (19, 12, 12)
INSERT INTO PageActionMapping (PageActionID, OwnerOrgID, SharedOrgID) VALUES (20, 12, 12)
INSERT INTO PageActionMapping (PageActionID, OwnerOrgID, SharedOrgID) VALUES (21, 12, 12)
INSERT INTO PageActionMapping (PageActionID, OwnerOrgID, SharedOrgID) VALUES (22, 12, 12)
INSERT INTO PageActionMapping (PageActionID, OwnerOrgID, SharedOrgID) VALUES (23, 12, 12)
INSERT INTO PageActionMapping (PageActionID, OwnerOrgID, SharedOrgID) VALUES (24, 12, 12)
INSERT INTO PageActionMapping (PageActionID, OwnerOrgID, SharedOrgID) VALUES (25, 12, 12)
INSERT INTO PageActionMapping (PageActionID, OwnerOrgID, SharedOrgID) VALUES (26, 12, 12)
INSERT INTO PageActionMapping (PageActionID, OwnerOrgID, SharedOrgID) VALUES (27, 12, 12)
INSERT INTO PageActionMapping (PageActionID, OwnerOrgID, SharedOrgID) VALUES (28, 12, 12)
INSERT INTO PageActionMapping (PageActionID, OwnerOrgID, SharedOrgID) VALUES (29, 12, 12)
INSERT INTO PageActionMapping (PageActionID, OwnerOrgID, SharedOrgID) VALUES (30, 12, 12)
INSERT INTO PageActionMapping (PageActionID, OwnerOrgID, SharedOrgID) VALUES (31, 12, 12)
INSERT INTO PageActionMapping (PageActionID, OwnerOrgID, SharedOrgID) VALUES (32, 12, 12)
INSERT INTO PageActionMapping (PageActionID, OwnerOrgID, SharedOrgID) VALUES (33, 12, 12)
INSERT INTO PageActionMapping (PageActionID, OwnerOrgID, SharedOrgID) VALUES (34, 12, 12)
INSERT INTO PageActionMapping (PageActionID, OwnerOrgID, SharedOrgID) VALUES (35, 12, 12)
INSERT INTO PageActionMapping (PageActionID, OwnerOrgID, SharedOrgID) VALUES (36, 12, 12)
INSERT INTO PageActionMapping (PageActionID, OwnerOrgID, SharedOrgID) VALUES (37, 12, 12)
INSERT INTO PageActionMapping (PageActionID, OwnerOrgID, SharedOrgID) VALUES (38, 12, 12)
INSERT INTO PageActionMapping (PageActionID, OwnerOrgID, SharedOrgID) VALUES (39, 12, 12)
INSERT INTO PageActionMapping (PageActionID, OwnerOrgID, SharedOrgID) VALUES (40, 12, 12)
INSERT INTO PageActionMapping (PageActionID, OwnerOrgID, SharedOrgID) VALUES (41, 12, 12)
INSERT INTO PageActionMapping (PageActionID, OwnerOrgID, SharedOrgID) VALUES (42, 12, 12)
INSERT INTO PageActionMapping (PageActionID, OwnerOrgID, SharedOrgID) VALUES (43, 12, 12)
INSERT INTO PageActionMapping (PageActionID, OwnerOrgID, SharedOrgID) VALUES (44, 12, 12)
INSERT INTO PageActionMapping (PageActionID, OwnerOrgID, SharedOrgID) VALUES (45, 12, 12)
INSERT INTO PageActionMapping (PageActionID, OwnerOrgID, SharedOrgID) VALUES (46, 12, 12)
INSERT INTO PageActionMapping (PageActionID, OwnerOrgID, SharedOrgID) VALUES (47, 12, 12)
INSERT INTO PageActionMapping (PageActionID, OwnerOrgID, SharedOrgID) VALUES (48, 12, 12)
INSERT INTO PageActionMapping (PageActionID, OwnerOrgID, SharedOrgID) VALUES (49, 12, 12)
INSERT INTO PageActionMapping (PageActionID, OwnerOrgID, SharedOrgID) VALUES (50, 12, 12)
INSERT INTO PageActionMapping (PageActionID, OwnerOrgID, SharedOrgID) VALUES (51, 12, 12)
INSERT INTO PageActionMapping (PageActionID, OwnerOrgID, SharedOrgID) VALUES (52, 12, 12)
INSERT INTO PageActionMapping (PageActionID, OwnerOrgID, SharedOrgID) VALUES (53, 12, 12)
INSERT INTO PageActionMapping (PageActionID, OwnerOrgID, SharedOrgID) VALUES (54, 12, 12)
INSERT INTO PageActionMapping (PageActionID, OwnerOrgID, SharedOrgID) VALUES (55, 12, 12)
INSERT INTO PageActionMapping (PageActionID, OwnerOrgID, SharedOrgID) VALUES (56, 12, 12)
INSERT INTO PageActionMapping (PageActionID, OwnerOrgID, SharedOrgID) VALUES (57, 12, 12)
INSERT INTO PageActionMapping (PageActionID, OwnerOrgID, SharedOrgID) VALUES (58, 12, 12)
INSERT INTO PageActionMapping (PageActionID, OwnerOrgID, SharedOrgID) VALUES (59, 12, 12)
INSERT INTO PageActionMapping (PageActionID, OwnerOrgID, SharedOrgID) VALUES (60, 12, 12)
INSERT INTO PageActionMapping (PageActionID, OwnerOrgID, SharedOrgID) VALUES (61, 12, 12)
INSERT INTO PageActionMapping (PageActionID, OwnerOrgID, SharedOrgID) VALUES (62, 12, 12)
INSERT INTO PageActionMapping (PageActionID, OwnerOrgID, SharedOrgID) VALUES (63, 12, 12)
INSERT INTO PageActionMapping (PageActionID,OwnerOrgID,SharedOrgID) VALUES (64,12,12)

GO

DELETE ReferralActionOption WHERE RoleID IN(105)
Insert into ReferralActionOption(ActionID,ActionName,RoleID,Type,OnSelectChange,PageID)  Values(6,'Make Visit Entry',105,'In','Picked',2)
Insert into ReferralActionOption(ActionID,ActionName,RoleID,Type,OnSelectChange,PageID)  Values(7,'Reject Referral',105,'In','Reject',227)
Insert into ReferralActionOption(ActionID,ActionName,RoleID,Type,OnSelectChange)  Values(8,'Cancel Referral',105,'Out','Cancel')
Insert into ReferralActionOption(ActionID,ActionName,RoleID,Type)  Values(9,'Print Referral',105,'Out')
Insert into ReferralActionOption(ActionID,ActionName,RoleID,Type)  Values(10,'Edit Referral',105,'Out')
Insert into ReferralActionOption(ActionID,ActionName,RoleID,Type,PageID)  Values(17,'Book Slots',105,'Out',120)
GO

DELETE FROM InvInstrumentMaster WHERE OrgID = 12
INSERT INTO InvInstrumentMaster (InstrumentID,InstrumentName,OrgID) VALUES (1,'Randox Imola, UK',12)
INSERT INTO InvInstrumentMaster (InstrumentID,InstrumentName,OrgID) VALUES (2,'Immulite, UK',12)
INSERT INTO InvInstrumentMaster (InstrumentID,InstrumentName,OrgID) VALUES (3,'Centaur CP, USA',12)
GO

DELETE FROM InvKitMaster WHERE OrgID = 12
INSERT INTO InvKitMaster (KitID,KitName,OrgID) VALUES (1,'Diasys, Germany',12)
INSERT INTO InvKitMaster (KitID,KitName,OrgID) VALUES (2,'Randox, UK',12)
INSERT INTO InvKitMaster (KitID,KitName,OrgID) VALUES (3,'Ensure Biotech' , 12)
INSERT INTO InvKitMaster (KitID,KitName,OrgID) VALUES (4,'Roche, USA',12)
INSERT INTO InvKitMaster (KitID,KitName,OrgID) VALUES (5,'EURO IMMUN, Germany',12)
INSERT INTO InvKitMaster (KitID,KitName,OrgID) VALUES (6,'DiaMed Ag, Switzerland (For Rapid Test)',12)
INSERT INTO InvKitMaster (KitID,KitName,OrgID) VALUES (7,'Diagnostic Products Corporation, UK',12)
INSERT INTO InvKitMaster (KitID,KitName,OrgID) VALUES (8,'Plasmatec UK',12)
INSERT INTO InvKitMaster (KitID,KitName,OrgID) VALUES (9,'Tulip Diagnostics',12)
INSERT INTO InvKitMaster (KitID,KitName,OrgID) VALUES (10,'Immunocomb Israel',12)
INSERT INTO InvKitMaster (KitID,KitName,OrgID) VALUES (11,'Stago Diagnostica, France',12)
INSERT INTO InvKitMaster (KitID,KitName,OrgID) VALUES (12,'Biomerieux, Netherland',12)
INSERT INTO InvKitMaster (KitID,KitName,OrgID) VALUES (13,'Alfa Scientific Designs Inc, USA',12)
INSERT INTO InvKitMaster (KitID,KitName,OrgID) VALUES (14,'Omega Diagnostics, UK',12)
INSERT INTO InvKitMaster (KitID,KitName,OrgID) VALUES (15,'SIEMENS Medical Solutions Diagnostics, USA',12)
INSERT INTO InvKitMaster (KitID,KitName,OrgID) VALUES (16,'Known Pooled Cells; Bovine Serum Albumin 22%; AntiHuman Globulin; AntiIgG; C3d Polyspecific Mediclone, India',12)
INSERT INTO InvKitMaster (KitID,KitName,OrgID) VALUES (17,'AIDA GMBH, Germany',12)
INSERT INTO InvKitMaster (KitID,KitName,OrgID) VALUES (18,'Wantai, ROC',12)
INSERT INTO InvKitMaster (KitID,KitName,OrgID) VALUES (19,'Genedia, Korea',12)
INSERT INTO InvKitMaster (KitID,KitName,OrgID) VALUES (20,'Orgenics, Israel',12)
INSERT INTO InvKitMaster (KitID,KitName,OrgID) VALUES (21,'Grenier, Germany',12)
INSERT INTO InvKitMaster (KitID,KitName,OrgID) VALUES (22,'Aeskueilsa, Germany',12)
INSERT INTO InvKitMaster (KitID,KitName,OrgID) VALUES (23,'Orgentec, Germany',12)
INSERT INTO InvKitMaster (KitID,KitName,OrgID) VALUES (24,'AESKU DIAGNOSTICS, Germany',12)
INSERT INTO InvKitMaster (KitID,KitName,OrgID) VALUES (25,'BIOSERV, Germany',12)
INSERT INTO InvKitMaster (KitID,KitName,OrgID) VALUES (26,'United Biotech Inc, USA',12)
INSERT INTO InvKitMaster (KitID,KitName,OrgID) VALUES (27,'Panbio, Australia',12)
INSERT INTO InvKitMaster (KitID,KitName,OrgID) VALUES (28,'Gamma, Belgium',12)
INSERT INTO InvKitMaster (KitID,KitName,OrgID) VALUES (29,'Tulip, India',12)
INSERT INTO InvKitMaster (KitID,KitName,OrgID) VALUES (30,'Diagnova ELISCAN HIV Advance',12)
INSERT INTO InvKitMaster (KitID,KitName,OrgID) VALUES (31,'Gene Labs, USA 2.2 Version*',12)
INSERT INTO InvKitMaster (KitID,KitName,OrgID) VALUES (32,'Equipar, Italy',12)
GO

DELETE FROM InvestigationMethod WHERE OrgID = 12
INSERT INTO InvestigationMethod (MethodID,MethodName,OrgID) VALUES (1,'Immunoturbidometric Assay',12)
INSERT INTO InvestigationMethod (MethodID,MethodName,OrgID) VALUES (2,'Hexokinase',12)
INSERT INTO InvestigationMethod (MethodID,MethodName,OrgID) VALUES (3,'Antigen Antibody Agglutination Test',12)
INSERT INTO InvestigationMethod (MethodID,MethodName,OrgID) VALUES (4,'Reflectometry',12)
INSERT INTO InvestigationMethod (MethodID,MethodName,OrgID) VALUES (5,'Chemiluminescence Immuno Assay',12)
INSERT INTO InvestigationMethod (MethodID,MethodName,OrgID) VALUES (6,'Antigen Antibody  Reaction with  Latex Agglutination',12)
INSERT INTO InvestigationMethod (MethodID,MethodName,OrgID) VALUES (7,'Micro & Macro Aggulutination(MAT)',12)
INSERT INTO InvestigationMethod (MethodID,MethodName,OrgID) VALUES (8,'ELISA',12)
INSERT INTO InvestigationMethod (MethodID,MethodName,OrgID) VALUES (9,'Both Forward and Reverse Technique',12)
INSERT INTO InvestigationMethod (MethodID,MethodName,OrgID) VALUES (10,'Agglutination of Latex particles coated with purified Anti RF',12)
INSERT INTO InvestigationMethod (MethodID,MethodName,OrgID) VALUES (11,'Human Gamma Globulins causes Agglutination',12)
INSERT INTO InvestigationMethod (MethodID,MethodName,OrgID) VALUES (12,'When come in contact with Rh Eunatoid factor',12)
INSERT INTO InvestigationMethod (MethodID,MethodName,OrgID) VALUES (13,'Immunochromatogrphic detection of F Protein of Respiratory Syncytial Virus',12)
INSERT INTO InvestigationMethod (MethodID,MethodName,OrgID) VALUES (14,'Immunochromatography',12)
INSERT INTO InvestigationMethod (MethodID,MethodName,OrgID) VALUES (15,'Western Blot Assay',12)
INSERT INTO InvestigationMethod (MethodID,MethodName,OrgID) VALUES (16,'Immunoflourescence Assay ',12)
INSERT INTO InvestigationMethod (MethodID,MethodName,OrgID) VALUES (17,'4th Generation Ag+AB ELISA',12)
INSERT INTO InvestigationMethod (MethodID,MethodName,OrgID) VALUES (18,'Atomic Absorption Spectro Photometry',12)
INSERT INTO InvestigationMethod (MethodID,MethodName,OrgID) VALUES (19,'Tube Agglutination',12)
INSERT INTO InvestigationMethod (MethodID,MethodName,OrgID) VALUES (20,'Latex Agglutination',12)
INSERT INTO InvestigationMethod (MethodID,MethodName,OrgID) VALUES (21,'Heam Agglutination Technique',12)
INSERT INTO InvestigationMethod (MethodID,MethodName,OrgID) VALUES (22,'U/l',12)
INSERT INTO InvestigationMethod (MethodID,MethodName,OrgID) VALUES (23,'RPR Flocculation Technique',12)
INSERT INTO InvestigationMethod (MethodID,MethodName,OrgID) VALUES (24,'Tube Method with Serial Dilution',12)
INSERT INTO InvestigationMethod (MethodID,MethodName,OrgID) VALUES (25,'Saline Tube Technique in AHG Medium',12)
INSERT INTO InvestigationMethod (MethodID,MethodName,OrgID) VALUES (26,'Saline Tube Technique in Saline Mediium',12)
INSERT INTO InvestigationMethod (MethodID,MethodName,OrgID) VALUES (27,'Saline Tube Technique in Albumin Medium ',12)
INSERT INTO InvestigationMethod (MethodID,MethodName,OrgID) VALUES (28,'Saline Tube Technique in AHG Medium',12)

GO

DELETE FROM InvResultTemplate WHERE OrgID = 12

insert into InvResultTemplate(resultid,resultname,resultvalues,resulttemplatetype,orgid)values(1,'CHRONIC NON-SPECIFIC CERVICITIS','<Value><Microscopy>SECTIONS SHOW STRUCTURE OF CERVIX LINED BY SQUAMOUS EPITHELIUM. SUBEPITHELIAL LAYER SHOWS ENDOCERVICAL GLANDS AND INFLAMMATORY CELLS. </Microscopy><Impression>PICTURE IS SUGGESTIVE OF CHRONIC NON-SPECIFIC CERVICITIS.</Impression></Value>','Biopsy',12)
insert into InvResultTemplate(resultid,resultname,resultvalues,resulttemplatetype,orgid)values(2,'CHRONIC CERVICITIS','<Value><Microscopy>SECTIONS SHOW STRUCTURE OF CERVIX LINED BY SQUAMOUS EPITHELIUM. SUBEPITHELIAL LAYER SHOWS INFLAMMATORY CELLS. </Microscopy><Impression>PICTURE IS SUGGESTIVE OF CHRONIC CERVICITIS.</Impression></Value>','Biopsy',12)
insert into InvResultTemplate(resultid,resultname,resultvalues,resulttemplatetype,orgid)values(3,'CHRONIC CERVICITIS WITH EROSION(S)','<Value><Microscopy>SECTIONS SHOW STRUCTURE OF CERVIX LINED BY SQUAMOUS EPITHELIUM REPLACED IN SOME AREAS BY ENDOCERVICAL COLUMNAR EPITHELIUM. SUBEPITHELIAL LAYER SHOWS ENDOCERVICAL GLANDS AND INFLAMMATORY CELLS.</Microscopy><Impression>PICTURE IS SUGGESTIVE OF CHRONIC CERVICITIS WITH EROSION.</Impression></Value>','Biopsy',12)
insert into InvResultTemplate(resultid,resultname,resultvalues,resulttemplatetype,orgid)values(4,'CHRONIC CERVICITIS WITH EROSION(C)','<Value><Microscopy>SECTIONS SHOW STRUCTURE OF CERVIX LINED BY ENDOCERVICAL COLUMNAR EPITHELIUM. SUBEPITHELIAL LAYER SHOWS ENDOCERVICAL GLANDS AND INFLAMMATORY CELLS.</Microscopy><Impression>PICTURE IS SUGGESTIVE OF CHRONIC CERVICITIS WITH EROSION.</Impression></Value>','Biopsy',12)
insert into InvResultTemplate(resultid,resultname,resultvalues,resulttemplatetype,orgid)values(5,'CHRONIC CERVICITIS WITH EROSION AND EPIDERMIDALISATION','<Value><Microscopy>SECTIONS SHOW STRUCTURE OF CERVIX LINED BY ENDOCERVICAL COLUMNAR EPITHELIUM. SUBEPITHELIAL LAYER SHOWS ENDOCERVICAL GLANDS AND INFLAMMATORY CELLS.</Microscopy><Impression>PICTURE IS SUGGESTIVE OF CHRONIC CERVICITIS WITH EROSION.</Impression></Value>','Biopsy',12)
insert into InvResultTemplate(resultid,resultname,resultvalues,resulttemplatetype,orgid)values(6,'MODERATELY DIFFERENTIATED SQUAMOUS CELL CARCINOMA','<Value><Microscopy>SECTIONS SHOW SHEETS OF POLYGONAL CELLS WITH HYPERCHROMATIC NUCLEI INFILTRATING INTO DEEPER LAYERS.</Microscopy><Impression>PICTURE IS SUGGESTIVE OF MODERATELY DIFFERENTIATED SQUAMOUS CELL CARCINOMA.</Impression></Value>','Biopsy',12)
insert into InvResultTemplate(resultid,resultname,resultvalues,resulttemplatetype,orgid)values(7,'PROLIFERATIVE PHASE','<Value><Microscopy>ENDOMETRIAL GLANDS ARE LINED BY COLUMNAR EPITHELIUM IN PROLIFERATIVE PHASE. STROMA IS COMPACT.</Microscopy><Impression>PROLIFERATIVE PHASE.</Impression></Value>','Biopsy',12)
insert into InvResultTemplate(resultid,resultname,resultvalues,resulttemplatetype,orgid)values(8,'MID-SECRETORY PHASE','<Value><Microscopy>ENDOMETRIAL GLANDS ARE LINED BY CUBOIDAL EPITHELIUM IN MID-SECRETORY PHASE. STROMA IS EDEMATOUS. NO EVIDENCE OF TUBERCULOSIS IN THE SECTIONS STUDIED.</Microscopy><Impression>MID-SECRETORY PHASE.</Impression></Value>','Biopsy',12)
insert into InvResultTemplate(resultid,resultname,resultvalues,resulttemplatetype,orgid)values(9,'LATE SECRETORY PHASE','<Value><Microscopy>ENDOMETRIAL GLANDS WITH SAW-TOOTH CONTOUR ARE IN LATE SECRETORY PHASE. STROMA IS EDEMATOUS.</Microscopy><Impression>LATE SECRETORY PHASE.</Impression></Value>','Biopsy',12)
insert into InvResultTemplate(resultid,resultname,resultvalues,resulttemplatetype,orgid)values(10,'PROLIFERATIVE PHASE WITH MILD CYSTOGLANDULAR HYPERPLASIA','<Value><Microscopy>ENDOMETRIAL GLANDS ARE IN PROLIFERATIVE PHASE WITH MILD CYSTOGLANDULAR HYPERPLASIA. STROMA IS COMPACT.</Microscopy><Impression>PROLIFERATIVE PHASE WITH MILD CYSTOGLANDULAR HYPERPLASIA.</Impression></Value>','Biopsy',12)
insert into InvResultTemplate(resultid,resultname,resultvalues,resulttemplatetype,orgid)values(11,'PROLIFERATIVE PHASE WITH CYSTOGLANDULAR HYPERPLASIA','<Value><Microscopy>ENDOMETRIAL GLANDS ARE IN PROLIFERATIVE PHASE WITH CYSTOGLANDULAR HYPERPLASIA. STROMA IS COMPACT.</Microscopy><Impression>PROLIFERATIVE PHASE WITH CYSTOGLANDULAR HYPERPLASIA.</Impression></Value>','Biopsy',12)
insert into InvResultTemplate(resultid,resultname,resultvalues,resulttemplatetype,orgid)values(12,'MR','<Value><InvestigationFindings> The study reveals moderate osteoarthritic changes in both tibiofemoral joints with formation of prominent periarticular      osteophytes, spiking of tibial spines, loss of joint space and multiple subchondral cysts in the tibial condyle and interocndylar region(more marked on right side).      Mild fluid seen in both knee joints.      Small osseous loose body posteriorly on right side.     Mild fluid seen in both knee joints.      Patellofemoral joint also shows degenerative changes with periarticular osteophytes, reduced joint space, irregularity of the articular surface and mild lateral tracking of patella.       The bones around both knee joints are otherwise normal. No obvious bony destruction seen.      There is no hematoma in the muscles.     The intermuscular fat planes and the neurovascular bundle are normal.      </InvestigationFindings><Impression>Moderate osteoarthritic changes in tibiofemoral and Patellofemoral joints bilaterally. Please correlate clinically.</Impression></Value>','Imaging',12)
insert into InvResultTemplate(resultid,resultname,resultvalues,resulttemplatetype,orgid)values(13,'CT Coronary Angiogram (64 slice scanner)','<Value>                   <InvestigationDetails>                   </InvestigationDetails>                  <InvestigationFindings>            Technique:             ECG gated high resolution multislice computed tomography was performed in siemens heart view 64 slice CT.             Coronary calcium scoring was done             CT coronary angiography was performed with intravenous injection of 50cc of non-ionic contrast medium (Omnipaque). Appropriate 3D, MIP, thin MIP and VRT view were obtained from multiple phase reconstructions.            </InvestigationFindings>                  <Impression>          His calcium score is 0.No obvious plaques or stenosis noted in the coronary arteries.         </Impression>        </Value>','Imaging',12)
insert into InvResultTemplate(resultid,resultname,resultvalues,resulttemplatetype,orgid)values(14,'MRI Scan of Brain','<Value>                   <InvestigationDetails>         No abnormal signals are visualized in the cerebral hemispheres.  No evidence of abnormal signal intensity or volume loss in the hippocampii.  The thalami, basal ganglia and internal capsules are normal on both sides.  The ventricles and sulci are normal for the age.  The pituitary gland, infundibulum and hypothalamus are normal for the age.  No evidence of hemorrhage, mass lesion, arteriovenous malformations or demyelination is seen.  The posterior fossa shows normal cerebellum.  The medulla, pons and mid brain shows normal signals in all the sequences.  Both CP angles are clear. The basal cisterns are normal.  Normal flow void is seen in the major dural venous sinuses and arteries.          </InvestigationDetails>                  <InvestigationFindings>            MR Angiogram:  The anterior , middle and posterior cerebral arteries appear normal.  The vertebral and basilar arteries appear normal.   No evidence of stenosis or occlusion noted.  No evidence of aneurysm / arteriovenous malformation.  No evidence of tortuous vessels impinging the lower cranial nerves.           </InvestigationFindings>                  <Impression>  No significant abnormality is seen in the Brain.       </Impression>        </Value>','Imaging',12)
insert into InvResultTemplate(resultid,resultname,resultvalues,resulttemplatetype,orgid)values(15,'CT Scan Neck','<Value>                   <InvestigationDetails>         Spiral axial sections of neck were made from base of skull to the sternoclavicular joint with and without IV contrast.          </InvestigationDetails>                  <InvestigationFindings>            The visualized sections of the nasopharynx, oropharynx and laryngopharynx show normal configuration and densities.  No mass lesion or extrinsic compression of the air columns is noted.  The epiglottis, valleculae and pyriform fossa are normal.  No abnormality is seen in the vocal cords or larynx.  The visualized visceral, retropharyngeal, parapharyngeal, prevertebral and carotid spaces of the neck show normal configuration and densities.  The parotid and submandibular salivary glands appear normal on both sides.  Both carotid arteries and internal jugular veins appear normal.  No significantly enlarged nodes are seen in the neck.  Both lobes and isthmus of the thyroid gland show normal configuration and densities. No focal lesion is noted.  The thyroid cartilage, cricoid cartilage and trachea are normal.  Visualized sections of base of skull and cervical spine appears normal.  No lytic sclerotic lesion is seen.         </InvestigationFindings>                  <Impression>  No significant abnormality is seen in the Neck.      </Impression>        </Value>','Imaging',12)
insert into InvResultTemplate(resultid,resultname,resultvalues,resulttemplatetype,orgid)values(16,'MRI Scan of Brain','<Value>  <InvestigationFindings>   Both cerebral hemispheres show normal grey and white matter signal intensities.   No focal lesion visualized on either side.   The thalami, basal ganglia and internal capsules are normal on both sides. Corpus callosum is normal.   The ventricles and sulci are normal for the age.  The pituitary gland, infundibulum and hypothalamus are normal for the age.  No evidence of hemorrhage, mass lesion, arteriovenous malformations or demyelination is seen.  Both cerebellar hemispheres and vermis appear normal.   The medulla, pons and mid brain shows normal signals in all the sequences.  Both CP angles, VII/VIII nerve complexes are normal.   The basal cisterns are normal.  Normal flow void is seen in the major dural venous sinuses and arteries.  The visualized paranasal sinuses and orbits are normal.   No evidence of Chiari malformation/ basal invagination seen.          </InvestigationFindings>         <Impression>          No significant abnormality detected.</Impression>        </Value>','Imaging',12)
insert into InvResultTemplate(resultid,resultname,resultvalues,resulttemplatetype,orgid)values(17,'CT -Cerebral Angiogram ','<Value>                   <InvestigationDetails>           Volume scan of the Brain was done with I.V. Contrast. MIP and neuro DSA reconstructions done in appropriate planes.           </InvestigationDetails>                  <InvestigationFindings>           The petrous, cavernous and supraclinoid parts of both ICA appear normal.           A1, A2, A3 segments of both ACA appear normal.           M1, M2, M3, M4 segments of both MCA appear normal.           P1, P2, P3, P4 segments of both PCA appear normal.           The anterior and posterior communicating arteries appear normal.          The basilar artery appears normal. SCA and AICA are normally seen.           Both vertebral arteries are normal. PICA is normally seen.           No evidence of stenosis or occlusion is visualized.          No evidence of aneurysm or arteriovenous malformation.         </InvestigationFindings>                  <Impression>          No significant abnormality detected.         </Impression>        </Value>','Imaging',12)

INSERT INTO InvResultTemplate (ResultID, ResultName, ResultValues, ResultTemplateType, OrgID) VALUES (18, 'Referral Letter', 'Dear Sir', 'Letter', 12)
INSERT INTO InvResultTemplate(ResultID,OrgID,ResultName,ResultTemplateType,ResultValues)VALUES (44,12,'Smear','TextReport','Normocytic Normochromic RBCs.<br />  Normal WBC count and morphology.<br />  Normal platelet morphology and distribution.<br />  No parasites seen.')

GO

DELETE FROM LabSummaryReportParameter WHERE OrgID = 12
INSERT INTO LabSummaryReportParameter (ParameterValue,ParameterName,OrgID) VALUES (1,'Client',12)
INSERT INTO LabSummaryReportParameter (ParameterValue,ParameterName,OrgID) VALUES (2,'Doctor',12)
INSERT INTO LabSummaryReportParameter (ParameterValue,ParameterName,OrgID) VALUES (3,'Hospital',12)
--INSERT INTO LabSummaryReportParameter (ParameterValue,ParameterName,OrgID) VALUES (4,'CollectionCentre',12)
--INSERT INTO LabSummaryReportParameter (ParameterValue,ParameterName,OrgID) VALUES (5,'Insurance',12)
--INSERT INTO LabSummaryReportParameter (ParameterValue,ParameterName,OrgID) VALUES (6,'Branch',12)
INSERT INTO LabSummaryReportParameter (ParameterValue,ParameterName,OrgID) VALUES (7,'DEPARTMENT',12)
GO

DELETE FROM InvPrincipleMaster WHERE OrgID = 12
INSERT INTO InvPrincipleMaster (PrincipleID,PrincipleName,OrgID) VALUES (1,'Immunoturbidometric Assay',12)
INSERT INTO InvPrincipleMaster (PrincipleID,PrincipleName,OrgID) VALUES (2,'Hexokinase',12)
INSERT INTO InvPrincipleMaster (PrincipleID,PrincipleName,OrgID) VALUES (3,'Antigen Antibody Agglutination Test',12)
INSERT INTO InvPrincipleMaster (PrincipleID,PrincipleName,OrgID) VALUES (4,'Reflectometry',12)
INSERT INTO InvPrincipleMaster (PrincipleID,PrincipleName,OrgID) VALUES (5,'Chemiluminescence Immuno Assay',12)
GO

DELETE FROM InvPackageMapping WHERE PackageID IN (698, 699)
INSERT INTO InvPackageMapping (PackageID,ID,Type) VALUES (698,602,'GRP')
INSERT INTO InvPackageMapping (PackageID,ID,Type) VALUES (698,4836,'INV')
INSERT INTO InvPackageMapping (PackageID,ID,Type) VALUES (698,1,'CON')

INSERT INTO InvPackageMapping (PackageID,ID,Type) VALUES (699,602,'GRP')
INSERT INTO InvPackageMapping (PackageID,ID,Type) VALUES (699,610,'GRP')
INSERT INTO InvPackageMapping (PackageID,ID,Type) VALUES (699,5,'PRO')
INSERT INTO InvPackageMapping (PackageID,ID,Type) VALUES (699,1,'CON')


GO

DELETE FROM PatDtlsVPActionMapping WHERE OrgID = 12

INSERT INTO PatDtlsVPActionMapping (VisitPurposeID, VPActionID, OrgID) VALUES (1, 1, 12)
INSERT INTO PatDtlsVPActionMapping (VisitPurposeID, VPActionID, OrgID) VALUES (1, 2, 12)
INSERT INTO PatDtlsVPActionMapping (VisitPurposeID, VPActionID, OrgID) VALUES (4, 6, 12)
INSERT INTO PatDtlsVPActionMapping (VisitPurposeID, VPActionID, OrgID) VALUES (4, 7, 12)



GO

DELETE FROM PaymentTypeOrgMapping WHERE OrgID= 12
INSERT INTO PaymentTypeOrgMapping(PaymentTypeID,OrgID,ServiceCharge) VALUES(1,12,0.00)
INSERT INTO PaymentTypeOrgMapping(PaymentTypeID,OrgID,ServiceCharge) VALUES(2,12,0.00)
INSERT INTO PaymentTypeOrgMapping(PaymentTypeID,OrgID,ServiceCharge) VALUES(3,12,0.00)
INSERT INTO PaymentTypeOrgMapping(PaymentTypeID,OrgID,ServiceCharge) VALUES(4,12,0.00)
INSERT INTO PaymentTypeOrgMapping(PaymentTypeID,OrgID,ServiceCharge) VALUES(5,12,0.00)
INSERT INTO PaymentTypeOrgMapping(PaymentTypeID,OrgID,ServiceCharge) VALUES(6,12,0.00)
INSERT INTO PaymentTypeOrgMapping(PaymentTypeID,OrgID,ServiceCharge) VALUES(7,12,0.00)
INSERT INTO PaymentTypeOrgMapping(PaymentTypeID,OrgID,ServiceCharge) VALUES(8,12,0.00)
INSERT INTO PaymentTypeOrgMapping(PaymentTypeID,OrgID,ServiceCharge) VALUES(9,12,0.00)

GO


DELETE FROM TPAMASTER WHERE ORGID= 12
INSERT INTO TPAMaster(TPAID,TPAName,OrgID,ActiveYN)VALUES(1,'StarHealth',12,'Y')
INSERT INTO TPAMaster(TPAID,TPAName,OrgID,ActiveYN)VALUES(2,'ICICI',12,'Y')

Insert into PageMapping(RoleId,PageID,SeqNo) values(120,188,  1)

insert into ReportOrgMapping (ReportID,RoleID,OrgID)values(1,120,12)
insert into ReportOrgMapping (ReportID,RoleID,OrgID)values(2,120,12)
insert into ReportOrgMapping (ReportID,RoleID,OrgID)values(3,120,12)
insert into ReportOrgMapping (ReportID,RoleID,OrgID)values(5,120,12)
insert into ReportOrgMapping (ReportID,RoleID,OrgID)values(6,120,12)
insert into ReportOrgMapping (ReportID,RoleID,OrgID)values(7,120,12)
insert into ReportOrgMapping (ReportID,RoleID,OrgID)values(8,120,12)
insert into ReportOrgMapping (ReportID,RoleID,OrgID)values(9,120,12)
insert into ReportOrgMapping (ReportID,RoleID,OrgID)values(10,120,12)

DELETE FROM FeeTypeOrgMapping WHERE OrgID = 12

INSERT INTO FeeTypeOrgMapping (FeeTypeID, OrgID, VisitType) VALUES (1, 12, 'OP')
INSERT INTO FeeTypeOrgMapping (FeeTypeID, OrgID, VisitType) VALUES (2, 12, 'OP')
INSERT INTO FeeTypeOrgMapping (FeeTypeID, OrgID, VisitType) VALUES (3, 12, 'OP')
--INSERT INTO FeeTypeOrgMapping (FeeTypeID, OrgID, VisitType) VALUES (4, 12, 'OP')
INSERT INTO FeeTypeOrgMapping (FeeTypeID, OrgID, VisitType) VALUES (5, 12, 'OP')
INSERT INTO FeeTypeOrgMapping (FeeTypeID, OrgID, VisitType) VALUES (6, 12, 'OP')

INSERT INTO FeeTypeOrgMapping (FeeTypeID, OrgID, VisitType) VALUES (1, 12, 'IP')
INSERT INTO FeeTypeOrgMapping (FeeTypeID, OrgID, VisitType) VALUES (2, 12, 'IP')
INSERT INTO FeeTypeOrgMapping (FeeTypeID, OrgID, VisitType) VALUES (3, 12, 'IP')
--INSERT INTO FeeTypeOrgMapping (FeeTypeID, OrgID, VisitType) VALUES (4, 12, 'IP')
INSERT INTO FeeTypeOrgMapping (FeeTypeID, OrgID, VisitType) VALUES (5, 12, 'IP')
INSERT INTO FeeTypeOrgMapping (FeeTypeID, OrgID, VisitType) VALUES (6, 12, 'IP')
INSERT INTO FeeTypeOrgMapping (FeeTypeID, OrgID, VisitType) VALUES (14, 12, 'IP')
INSERT INTO FeeTypeOrgMapping (FeeTypeID, OrgID, VisitType) VALUES (15, 12, 'IP')
GO