DELETE RoleMenu where RoleID in (400,401,402,403,404,405,406)
Insert into RoleMenu (MenuID,RoleID)   values(400,400)
Insert into RoleMenu (MenuID,RoleID)   values(401,400)
Insert into RoleMenu (MenuID,RoleID)   values(402,400)
Insert into RoleMenu (MenuID,RoleID)   values(410,400)
Insert into RoleMenu (MenuID,RoleID)   values(411,400)
Insert into RoleMenu (MenuID,RoleID)   values(403,401)
Insert into RoleMenu (MenuID,RoleID)   values(409,401)
Insert into RoleMenu (MenuID,RoleID)   values(415,401)
Insert into RoleMenu (MenuID,RoleID)   values(416,401)
Insert into RoleMenu (MenuID,RoleID)   values(417,401)
Insert into RoleMenu (MenuID,RoleID)   values(406,402)
Insert into RoleMenu (MenuID,RoleID)   values(407,402)
Insert into RoleMenu (MenuID,RoleID)   values(404,402)
Insert into RoleMenu (MenuID,RoleID)   values(412,400)
Insert into RoleMenu (MenuID,RoleID)   values(414,402)
--Test Role Block
Insert into RoleMenu (MenuID,RoleID)   values(400,403)
Insert into RoleMenu (MenuID,RoleID)   values(401,403)
Insert into RoleMenu (MenuID,RoleID)   values(402,403)
Insert into RoleMenu (MenuID,RoleID)   values(410,403)
Insert into RoleMenu (MenuID,RoleID)   values(411,403)
Insert into RoleMenu (MenuID,RoleID)   values(403,404)
Insert into RoleMenu (MenuID,RoleID)   values(409,404)
Insert into RoleMenu (MenuID,RoleID)   values(415,404)
Insert into RoleMenu (MenuID,RoleID)   values(416,404)
Insert into RoleMenu (MenuID,RoleID)   values(417,404)
Insert into RoleMenu (MenuID,RoleID)   values(406,405)
Insert into RoleMenu (MenuID,RoleID)   values(407,405)
Insert into RoleMenu (MenuID,RoleID)   values(404,405)
Insert into RoleMenu (MenuID,RoleID)   values(412,403)
Insert into RoleMenu (MenuID,RoleID)   values(414,405)

Insert into RoleMenu (MenuID,RoleID)   values(413,402)
Insert into RoleMenu (MenuID,RoleID)   values(413,405)

Insert into RoleMenu (MenuID,RoleID)   values(418,401)
Insert into RoleMenu (MenuID,RoleID)   values(418,404)
Insert into RoleMenu (MenuID,RoleID)   values(419,401)
Insert into RoleMenu (MenuID,RoleID)   values(419,404)

--Bose live canges
Insert into RoleMenu (MenuID,RoleID)   values(411,406)
Insert into RoleMenu (MenuID,RoleID)   values(414,406)

Insert into RoleMenu (MenuID,RoleID)   values(415,400)
Insert into RoleMenu (MenuID,RoleID)   values(418,400)
Insert into RoleMenu (MenuID,RoleID)   values(409,400)
-----------------------------------------------------------------------------
DELETE Login where LoginID in (400,401,402,403,404,405,406,407,408,408,409,410,411,412
									,413,414,415,416,417,418,419,420,421,422,423,424
									,425,426,427,428,429,430,431,432,433,434,435,436,437,438,439,440,441)
Insert into Login(loginID,LoginName,Password, IsLocked,OrgID,Status)values(400,'ReceptionBose','Receptionbose','N',15,'A')
Insert into Login(loginID,LoginName,Password, IsLocked,OrgID,Status)values(401,'AdminBose','AdminBose','N',15,'A')
Insert into Login(loginID,LoginName,Password, IsLocked,OrgID,Status)values(402,'boselabs','boselabs','N',15,'A')
--Test Login Block
Insert into Login(loginID,LoginName,Password, IsLocked,OrgID,Status)values(403,'TestReceptionBose','TestReceptionbose','N',15,'A')
Insert into Login(loginID,LoginName,Password, IsLocked,OrgID,Status)values(404,'TestAdminBose','TestAdminBose','N',15,'A')
Insert into Login(loginID,LoginName,Password, IsLocked,OrgID,Status)values(405,'Testboselabs','Testboselabs','N',15,'A')
--Bose live data
Insert into Login(loginID,LoginName,Password, IsLocked,OrgID,Status)values(406,'vasantha406','vasantha','N',15,'A')
Insert into Login(loginID,LoginName,Password, IsLocked,OrgID,Status)values(407,'vaithyakumar407','vaithyakumar','N',15,'A')
Insert into Login(loginID,LoginName,Password, IsLocked,OrgID,Status)values(408,'ramesh408','ramesh','N',15,'A')
Insert into Login(loginID,LoginName,Password, IsLocked,OrgID,Status)values(409,'gurusamy409','gurusamy','N',15,'A')
Insert into Login(loginID,LoginName,Password, IsLocked,OrgID,Status)values(410,'kannapan410','kannapan','N',15,'A')
Insert into Login(loginID,LoginName,Password, IsLocked,OrgID,Status)values(411,'ramalingam411','ramalingam','N',15,'A')
Insert into Login(loginID,LoginName,Password, IsLocked,OrgID,Status)values(412,'kumaran412','kumaran','N',15,'A')
Insert into Login(loginID,LoginName,Password, IsLocked,OrgID,Status)values(413,'rajeshwari413','rajeshwari','N',15,'A')
Insert into Login(loginID,LoginName,Password, IsLocked,OrgID,Status)values(414,'malaisamy414','malaisamy','N',15,'A')
Insert into Login(loginID,LoginName,Password, IsLocked,OrgID,Status)values(415,'rani415','rani','N',15,'A')
Insert into Login(loginID,LoginName,Password, IsLocked,OrgID,Status)values(416,'kohilaselvi416','kohilaselvi','N',15,'A')
Insert into Login(loginID,LoginName,Password, IsLocked,OrgID,Status)values(417,'mangalagowri417','mangalagowri','N',15,'A')

Insert into Login(loginID,LoginName,Password, IsLocked,OrgID,Status)values(418,'suresh418','suresh','N',15,'A')
Insert into Login(loginID,LoginName,Password, IsLocked,OrgID,Status)values(419,'suriya419','suriya','N',15,'A')
Insert into Login(loginID,LoginName,Password, IsLocked,OrgID,Status)values(420,'mohamedbazeer420','mohamedbazeer','N',15,'A')
Insert into Login(loginID,LoginName,Password, IsLocked,OrgID,Status)values(421,'mangayarkarasi421','mangayarkarasi','N',15,'A')
Insert into Login(loginID,LoginName,Password, IsLocked,OrgID,Status)values(422,'akbarali422','akbarali','N',15,'A')
Insert into Login(loginID,LoginName,Password, IsLocked,OrgID,Status)values(423,'shanthilal423','shanthilal','N',15,'A')
Insert into Login(loginID,LoginName,Password, IsLocked,OrgID,Status)values(424,'pandimurugan424','pandimurugan','N',15,'A')
Insert into Login(loginID,LoginName,Password, IsLocked,OrgID,Status)values(425,'kamala425','kamala','N',15,'A')
Insert into Login(loginID,LoginName,Password, IsLocked,OrgID,Status)values(426,'jayakumar426','jayakumar','N',15,'A')
Insert into Login(loginID,LoginName,Password, IsLocked,OrgID,Status)values(427,'pandi427','pandi','N',15,'A')
Insert into Login(loginID,LoginName,Password, IsLocked,OrgID,Status)values(428,'karthick428','karthick','N',15,'A')
Insert into Login(loginID,LoginName,Password, IsLocked,OrgID,Status)values(429,'nagarajan429','nagarajan','N',15,'A')
Insert into Login(loginID,LoginName,Password, IsLocked,OrgID,Status)values(430,'arunraj430','arunraj','N',15,'A')
Insert into Login(loginID,LoginName,Password, IsLocked,OrgID,Status)values(431,'deepika431','deepika','N',15,'A')
Insert into Login(loginID,LoginName,Password, IsLocked,OrgID,Status)values(432,'vimala432','vimala','N',15,'A')
Insert into Login(loginID,LoginName,Password, IsLocked,OrgID,Status)values(433,'murugeswari433','murugeswari','N',15,'A')
Insert into Login(loginID,LoginName,Password, IsLocked,OrgID,Status)values(434,'alagumeena434','alagumeena','N',15,'A')
Insert into Login(loginID,LoginName,Password, IsLocked,OrgID,Status)values(435,'raja435','raja','N',15,'A')
Insert into Login(loginID,LoginName,Password, IsLocked,OrgID,Status)values(436,'vijay436','vijay','N',15,'A')
Insert into Login(loginID,LoginName,Password, IsLocked,OrgID,Status)values(437,'puratchimani437','puratchimani','N',15,'A')
Insert into Login(loginID,LoginName,Password, IsLocked,OrgID,Status)values(438,'arivarasan438','arivarasan','N',15,'A')
Insert into Login(loginID,LoginName,Password, IsLocked,OrgID,Status)values(439,'komagal439','komagal','N',15,'A')
Insert into Login(loginID,LoginName,Password, IsLocked,OrgID,Status)values(440,'sundar440','sundar','N',15,'A')
Insert into Login(loginID,LoginName,Password, IsLocked,OrgID,Status)values(441,'muthuraman441','muthuraman','N',15,'A')



--Boselab live
Insert into Users(FORENAME,SEX,TitleCode,OrgID,LoginID) values('Vasantha','F','1',15,  406)
Insert into Users(FORENAME,SEX,TitleCode,OrgID,LoginID) values('Vaithya Kumar','M','1',15,  407)
Insert into Users(FORENAME,SEX,TitleCode,OrgID,LoginID) values('M.Ramesh','M','1',15,  408)
Insert into Users(FORENAME,SEX,TitleCode,OrgID,LoginID) values('M.Gurusamy','M','1',15,  409)
Insert into Users(FORENAME,SEX,TitleCode,OrgID,LoginID) values('K.Kannappan','M','1',15,  410)
Insert into Users(FORENAME,SEX,TitleCode,OrgID,LoginID) values('A.Ramalingam','M','1',15,  411)
Insert into Users(FORENAME,SEX,TitleCode,OrgID,LoginID) values('N.p.Kumaran','M','1',15,  412)
Insert into Users(FORENAME,SEX,TitleCode,OrgID,LoginID) values('S.Rajeshwari','F','1',15,  413)
Insert into Users(FORENAME,SEX,TitleCode,OrgID,LoginID) values('K.Malaisamy','M','1',15,  414)
Insert into Users(FORENAME,SEX,TitleCode,OrgID,LoginID) values('G.Rani','F','1',15,  415)
Insert into Users(FORENAME,SEX,TitleCode,OrgID,LoginID) values('R.Kohilaselvi','F','1',15,  416)
Insert into Users(FORENAME,SEX,TitleCode,OrgID,LoginID) values('B.Mangalagowri','F','1',15,  417)
Insert into Users(FORENAME,SEX,TitleCode,OrgID,LoginID) values('M.P.Suresh','M','1',15,  418)
Insert into Users(FORENAME,SEX,TitleCode,OrgID,LoginID) values('R.Suriya','F','1',15,  419)
Insert into Users(FORENAME,SEX,TitleCode,OrgID,LoginID) values('M.MohamedBazeer','M','1',15,  420)
Insert into Users(FORENAME,SEX,TitleCode,OrgID,LoginID) values('G.Mangayarkarasi','F','1',15,  421)
Insert into Users(FORENAME,SEX,TitleCode,OrgID,LoginID) values('A.Akbarali','M','1',15,  422)
Insert into Users(FORENAME,SEX,TitleCode,OrgID,LoginID) values('K.Shanthilal','M','1',15,  423)
Insert into Users(FORENAME,SEX,TitleCode,OrgID,LoginID) values('B.Pandimurugan','M','1',15,  424)
Insert into Users(FORENAME,SEX,TitleCode,OrgID,LoginID) values('P.Kamala','F','1',15,  425)
Insert into Users(FORENAME,SEX,TitleCode,OrgID,LoginID) values('K.Jayakumar','M','1',15,  426)
Insert into Users(FORENAME,SEX,TitleCode,OrgID,LoginID) values('M.Pandi','M','1',15,  427)
Insert into Users(FORENAME,SEX,TitleCode,OrgID,LoginID) values('S.Karthick','M','1',15,  428)
Insert into Users(FORENAME,SEX,TitleCode,OrgID,LoginID) values('M.Nagarajan','M','1',15,  429)
Insert into Users(FORENAME,SEX,TitleCode,OrgID,LoginID) values('K.ArunRaj','M','1',15,  430)
Insert into Users(FORENAME,SEX,TitleCode,OrgID,LoginID) values('P.S.Deepika','F','1',15,  431)
Insert into Users(FORENAME,SEX,TitleCode,OrgID,LoginID) values('N.Vimala','F','1',15,  432)
Insert into Users(FORENAME,SEX,TitleCode,OrgID,LoginID) values('T.Murugeswari','F','1',15,  433)
Insert into Users(FORENAME,SEX,TitleCode,OrgID,LoginID) values('R.AlaguMeena','F','1',15,  434)
Insert into Users(FORENAME,SEX,TitleCode,OrgID,LoginID) values('S.Raja','M','1',15,  435)
Insert into Users(FORENAME,SEX,TitleCode,OrgID,LoginID) values('D.Vijay','M','1',15,  436)
Insert into Users(FORENAME,SEX,TitleCode,OrgID,LoginID) values('Dr.S.Puratchimani','M','1',15,  437)
Insert into Users(FORENAME,SEX,TitleCode,OrgID,LoginID) values('Dr.S.P.Arivarasan','M','1',15,  438)
Insert into Users(FORENAME,SEX,TitleCode,OrgID,LoginID) values('Dr.A.Komagal','M','1',15,  439)
Insert into Users(FORENAME,SEX,TitleCode,OrgID,LoginID) values('A.Sundar','M','1',15,  440)
Insert into Users(FORENAME,SEX,TitleCode,OrgID,LoginID) values('E.Muthuraman','M','1',15,  441)

--------------
Insert into Role(RoleID,RoleName,Description,ParentID,OrgID)  Values(406,'LabTechnician','LabTechnician',  0,15)
-----------
DELETE LoginRole where LoginID in (400,401,402,403,404,405,406,407,408,408,409,410,411,412
									,413,414,415,416,417,418,419,420,421,422,423,424
									,425,426,427,428,429,430,431,432,433,434,435,436,437,438,439,440,441)
Insert Into LoginRole(RoleID,LoginID)values(400,400)
Insert Into LoginRole(RoleID,LoginID)values(401,401)
Insert Into LoginRole(RoleID,LoginID)values(402,402)
--Test Login Block
Insert Into LoginRole(RoleID,LoginID)values(403,403)
Insert Into LoginRole(RoleID,LoginID)values(404,404)
Insert Into LoginRole(RoleID,LoginID)values(405,405)
--New after live
Insert Into LoginRole(RoleID,LoginID)values(400,408)
Insert Into LoginRole(RoleID,LoginID)values(400,410)
Insert Into LoginRole(RoleID,LoginID)values(400,415)
Insert Into LoginRole(RoleID,LoginID)values(400,416)
Insert Into LoginRole(RoleID,LoginID)values(400,418)
Insert Into LoginRole(RoleID,LoginID)values(400,419)
Insert Into LoginRole(RoleID,LoginID)values(400,422)
Insert Into LoginRole(RoleID,LoginID)values(400,423)
Insert Into LoginRole(RoleID,LoginID)values(400,424)
Insert Into LoginRole(RoleID,LoginID)values(400,425)
Insert Into LoginRole(RoleID,LoginID)values(400,429)
Insert Into LoginRole(RoleID,LoginID)values(400,434)
Insert Into LoginRole(RoleID,LoginID)values(400,435)
Insert Into LoginRole(RoleID,LoginID)values(400,436)
Insert Into LoginRole(RoleID,LoginID)values(400,440)
Insert Into LoginRole(RoleID,LoginID)values(400,441)
Insert Into LoginRole(RoleID,LoginID)values(400,427)
Insert Into LoginRole(RoleID,LoginID)values(400,430)
--Admin Role
Insert Into LoginRole(RoleID,LoginID)values(401,407)
Insert Into LoginRole(RoleID,LoginID)values(401,414)
Insert Into LoginRole(RoleID,LoginID)values(401,426)
Insert Into LoginRole(RoleID,LoginID)values(401,437)
Insert Into LoginRole(RoleID,LoginID)values(401,438)
Insert Into LoginRole(RoleID,LoginID)values(401,439)
--Lab Tecnician
Insert Into LoginRole(RoleID,LoginID)values(406,406)
Insert Into LoginRole(RoleID,LoginID)values(406,411)
Insert Into LoginRole(RoleID,LoginID)values(406,412)
Insert Into LoginRole(RoleID,LoginID)values(406,413)
Insert Into LoginRole(RoleID,LoginID)values(406,420)
Insert Into LoginRole(RoleID,LoginID)values(406,421)
Insert Into LoginRole(RoleID,LoginID)values(406,431)
Insert Into LoginRole(RoleID,LoginID)values(406,432)
Insert Into LoginRole(RoleID,LoginID)values(406,433)
Insert Into LoginRole(RoleID,LoginID)values(406,417)
Insert Into LoginRole(RoleID,LoginID)values(406,415)
Insert Into LoginRole(RoleID,LoginID)values(406,425)
Insert Into LoginRole(RoleID,LoginID)values(406,430)
Insert Into LoginRole(RoleID,LoginID)values(406,440)
Insert Into LoginRole(RoleID,LoginID)values(406,441)
Insert Into LoginRole(RoleID,LoginID)values(406,409)
Insert Into LoginRole(RoleID,LoginID)values(406,428)