/* Login  */

Insert into Login(loginID,LoginName,Password,  IsLocked,OrgID,Status)values(12,'o2reception','reception','N',2,  'A')
Insert into Login(loginID,LoginName,Password,  IsLocked,OrgID,Status)values(13,'o2nurse1','nurse','N',2,  'A')
Insert into Login(loginID,LoginName,Password,  IsLocked,OrgID,Status)values(14,'o2nurse2','nurse','N',2,  'A')
Insert into Login(loginID,LoginName,Password,  IsLocked,OrgID,Status)values(15,'o2lab','lab','N',2,  'A')
Insert into Login(loginID,LoginName,Password,  IsLocked,OrgID,Status)values(16,'o2sundar','sundar','N',2,  'A')
Insert into Login(loginID,LoginName,Password,  IsLocked,OrgID,Status)values(17,'o2gayathri','gayathri','N',2,  'A')
Insert into Login(loginID,LoginName,Password,  IsLocked,OrgID,Status)values(18,'o2ganesh','ganesh','N',2,  'A')
Insert into Login(loginID,LoginName,Password,  IsLocked,OrgID,Status)values(19,'o2robert','robert','N',2,  'A')
Insert into Login(loginID,LoginName,Password,  IsLocked,OrgID,Status)values(20,'o2admin','admin','N',2,  'A')
Insert into Login(loginID,LoginName,Password,  IsLocked,OrgID,Status)values(21,'o2srlab','srlab','N',2,  'A')
Insert into Login(loginID,LoginName,Password,  IsLocked,OrgID,Status)values(22,'o2dialysis','dialysis','N',2,  'A')
Insert into Login(loginID,LoginName,Password,  IsLocked,OrgID,Status)values(23,'Hematology','Hematology','N',2,  'A')
Insert into Login(loginID,LoginName,Password,  IsLocked,OrgID,Status)values(24,'ClinicalPathology','ClinicalPathology','N',2,  'A')
Insert into Login(loginID,LoginName,Password,  IsLocked,OrgID,Status)values(25,'BioChemistry','BioChemistry','N',2,  'A')
Insert into Login(loginID,LoginName,Password,  IsLocked,OrgID,Status)values(26,'MicroBiology','MicroBiology','N',2,  'A')
Insert into Login(loginID,LoginName,Password,  IsLocked,OrgID,Status)values(27,'HistoPathalogy','HistoPathalogy','N',2,  'A')

/* Organization */

Insert into Organization(OrgID,Name,OrganizationTypeID,AddressID,LogoPath)   values(2,'Test Hospital  2',1,  0,'')

/* Users */

Insert into Users(Name,SEX,TitleCode,OrgID,LoginID)  values('Reception1','M','1',2,  12)
Insert into Users(Name,SEX,TitleCode,OrgID,LoginID)  values('Lab','M','1',2,  15)
Insert into Users(Name,SEX,TitleCode,OrgID,LoginID)  values('Admin','M','1',2,  20)
Insert into Users(Name,SEX,TitleCode,OrgID,LoginID)  values('srlab','M','1',2,  21)
Insert into Users(Name,SEX,TitleCode,OrgID,LoginID)  values('Dialysis Tech','M','1',2,  22)
Insert into Users(Name,SEX,TitleCode,OrgID,LoginID)  values('Hematology1','M','1',2,23)
Insert into Users(Name,SEX,TitleCode,OrgID,LoginID)  values('ClinicalPathology1','M','1',2,24)
Insert into Users(Name,SEX,TitleCode,OrgID,LoginID)  values('BioChemistry1','M','1',2,25)
Insert into Users(Name,SEX,TitleCode,OrgID,LoginID)  values('MicroBiology1','M','1',2,26)
Insert into Users(Name,SEX,TitleCode,OrgID,LoginID)  values('HistoPathalogy1','M','1',2,27)


/* Nurse  */

Insert into Nurse(NurseName,SEX,TitleCode,OrgID,LoginID)  values('Nurse1','F','2',2,  13)
Insert into Nurse(NurseName,SEX,TitleCode,OrgID,LoginID)  values('Nurse2','F','2',2,  14)

/* Role */

Insert into Role(RoleID,RoleName,Description,ParentID,OrgID)  Values(9,'Physician','Doctor',  0,2)
Insert into Role(RoleID,RoleName,Description,ParentID,OrgID)  Values(10,'Nurse','Nurse',  0,2)
Insert into Role(RoleID,RoleName,Description,ParentID,OrgID)  Values(11,'LabTech','Lab Technician',  0,2)
Insert into Role(RoleID,RoleName,Description,ParentID,OrgID)  Values(12,'Patient','Patient',  0,2)
Insert into Role(RoleID,RoleName,Description,ParentID,OrgID)  Values(13,'Reception','Receptionist',  0,2)
Insert into Role(RoleID,RoleName,Description,ParentID,OrgID)  Values(14,'Admin','Admin',  0,2)
Insert into Role(RoleID,RoleName,Description,ParentID,OrgID)  Values(15,'SrLabTech','Senior Lab Technician',  0,2)
Insert into Role(RoleID,RoleName,Description,ParentID,OrgID)  Values(16,'DialysisTech','Dislysis Technician',  0,2)
Insert into Role(RoleID,RoleName,Description,ParentID,OrgID)  Values(17,'HematologyLab','Hematology',  0,2)
Insert into Role(RoleID,RoleName,Description,ParentID,OrgID)  Values(18,'BioChemistryLab','BioChemistry',  0,2)
Insert into Role(RoleID,RoleName,Description,ParentID,OrgID)  Values(19,'MicroBiologyLab','MicroBiology',  0,2)
Insert into Role(RoleID,RoleName,Description,ParentID,OrgID)  Values(20,'ClinicalPathologyLab','ClinicalPathology',  0,2)
Insert into Role(RoleID,RoleName,Description,ParentID,OrgID)  Values(21,'HistoPathologyLab','HistoPathology',  0,2)



/* LoginRole  */

Insert Into LoginRole(RoleID,LoginID)values(9,16)
Insert Into LoginRole(RoleID,LoginID)values(9,17)
Insert Into LoginRole(RoleID,LoginID)values(9,18)
Insert Into LoginRole(RoleID,LoginID)values(14,20)
Insert Into LoginRole(RoleID,LoginID)values(15,21)
Insert Into LoginRole(RoleID,LoginID)values(16,22)
Insert Into LoginRole(RoleID,LoginID)values(13,12)
Insert Into LoginRole(RoleID,LoginID)values(11,15)
Insert Into LoginRole(RoleID,LoginID)values(17,23)
Insert Into LoginRole(RoleID,LoginID)values(18,25)
Insert Into LoginRole(RoleID,LoginID)values(19,26)
Insert Into LoginRole(RoleID,LoginID)values(20,24)
Insert Into LoginRole(RoleID,LoginID)values(10,13)
Insert Into LoginRole(RoleID,LoginID)values(10,14)
Insert Into LoginRole(RoleID,LoginID)values(21,27)

/* Role Menu */

Insert into RoleMenu (MenuID,RoleID) values(19,13)
Insert into RoleMenu (MenuID,RoleID) values(20,10)
Insert into RoleMenu (MenuID,RoleID) values(22,13)
Insert into RoleMenu (MenuID,RoleID) values(23,10)
Insert into RoleMenu (MenuID,RoleID) values(24,9)
Insert into RoleMenu (MenuID,RoleID) values(25,13)
Insert into RoleMenu (MenuID,RoleID) values(26,14)
Insert into RoleMenu (MenuID,RoleID) values(27,14)
Insert into RoleMenu (MenuID,RoleID) values(28,14)
Insert into RoleMenu (MenuID,RoleID) values(29,14)
Insert into RoleMenu (MenuID,RoleID) values(28,9)
Insert into RoleMenu (MenuID,RoleID) values(30,11)
Insert into RoleMenu (MenuID,RoleID) values(31,9)
Insert into RoleMenu (MenuID,RoleID) values(31,10)
Insert into RoleMenu (MenuID,RoleID) values(31,11)
Insert into RoleMenu (MenuID,RoleID) values(31,13)
Insert into RoleMenu (MenuID,RoleID) values(31,14)
Insert into RoleMenu (MenuID,RoleID) values(19,9)
Insert into RoleMenu (MenuID,RoleID) values(32,15)
Insert into RoleMenu (MenuID,RoleID) values(31,15)
Insert into RoleMenu (MenuID,RoleID) values(28,15)
Insert into RoleMenu (MenuID,RoleID) values(33,9)
Insert into RoleMenu (MenuID,RoleID) values(34,16)
Insert into RoleMenu (MenuID,RoleID) values(31,16)
Insert into RoleMenu (MenuID,RoleID) values(35,17)
Insert into RoleMenu (MenuID,RoleID) values(31,17)
Insert into RoleMenu (MenuID,RoleID) values(35,18)
Insert into RoleMenu (MenuID,RoleID) values(31,18)
Insert into RoleMenu (MenuID,RoleID) values(35,19)
Insert into RoleMenu (MenuID,RoleID) values(31,19)
Insert into RoleMenu (MenuID,RoleID) values(35,20)
Insert into RoleMenu (MenuID,RoleID) values(31,20)
Insert into RoleMenu (MenuID,RoleID) values(39,9)
Insert into RoleMenu (MenuID,RoleID) values(39,14)
Insert into RoleMenu (MenuID,RoleID) values(39,13)
Insert into RoleMenu (MenuID,RoleID) values(19,16)
Insert into RoleMenu (MenuID,RoleID) values(36,13)

Insert into RoleMenu (MenuID,RoleID) values(36,9)
Insert into RoleMenu (MenuID,RoleID) values(36,10)
Insert into RoleMenu (MenuID,RoleID) values(42,13)
Insert into RoleMenu (MenuID,RoleID) values(44,14)
Insert into RoleMenu (MenuID,RoleID) values(42,14)
Insert into RoleMenu (MenuID,RoleID) values(46,13)

Insert into RoleMenu (MenuID,RoleID) values(35,21)
Insert into RoleMenu (MenuID,RoleID) values(31,21)

Insert into RoleMenu (MenuID,RoleID) values(47,13)
Insert into RoleMenu (MenuID,RoleID) values(49,13)

Insert into RoleMenu (MenuID,RoleID) values(47,10)
Insert into RoleMenu (MenuID,RoleID) values(49,10)

--INSERT INTO RoleMenu (MenuID,RoleID) VALUES(47,14)
INSERT INTO RoleMenu (MenuID,RoleID) VALUES(49,14)
INSERT INTO RoleMenu (MenuID,RoleID) VALUES(52,14)
INSERT INTO RoleMenu (MenuID,RoleID) VALUES(53,14)
INSERT INTO RoleMenu (MenuID,RoleID) VALUES(55,14)
INSERT INTO RoleMenu (MenuID,RoleID) VALUES(58,14)

INSERT INTO RoleMenu (MenuID,RoleID) VALUES(61,14)
INSERT INTO RoleMenu (MenuID,RoleID) VALUES(63,14)
INSERT INTO RoleMenu (MenuID,RoleID) VALUES(47,9)

INSERT INTO RoleMenu (MenuID,RoleID) VALUES(65,14)
INSERT INTO RoleMenu (MenuID,RoleID) VALUES(66,14)
INSERT INTO RoleMenu (MenuID,RoleID) VALUES(66,13)

INSERT INTO RoleMenu (MenuID,RoleID) VALUES(69,13)
INSERT INTO RoleMenu (MenuID,RoleID) VALUES(69,14)
INSERT INTO RoleMenu (MenuID,RoleID) VALUES(69,10)

INSERT INTO RoleMenu (MenuID,RoleID) VALUES(71,14)
/* Menu Master  */
DELETE FROM MenuMaster WHERE OrgId = 2
Insert into MenuMaster(MenuID,DisplayText,Parentid,OrgId,PageID)  values(19,'Patient Search',0,2,10)
Insert into MenuMaster(MenuID,DisplayText,Parentid,OrgId,PageID)  values(20,'Patient Search',0,2,11)
Insert into MenuMaster(MenuID,DisplayText,Parentid,OrgId,PageID)  values(21,'Patient Search',0,2,12)
Insert into MenuMaster(MenuID,DisplayText,Parentid,OrgId,PageID)  values(22,'Patient Registration',0,2,2)
Insert into MenuMaster(MenuID,DisplayText,Parentid,OrgId,PageID)  values(23,'Home',0,2,8)
Insert into MenuMaster(MenuID,DisplayText,Parentid,OrgId,PageID)  values(24,'Home',0,2,9)
Insert into MenuMaster(MenuID,DisplayText,Parentid,OrgId,PageID)  values(25,'Home',0,2,1)
Insert into MenuMaster(MenuID,DisplayText,Parentid,OrgId,PageID)  values(26,'Home',0,2,14)
Insert into MenuMaster(MenuID,DisplayText,Parentid,OrgId,PageID)  values(27,'Reports',0,2,43)
Insert into MenuMaster(MenuID,DisplayText,Parentid,OrgId,PageID)  values(28,'Set Reminders',0,2,16)
Insert into MenuMaster(MenuID,DisplayText,Parentid,OrgId,PageID)  values(29,'Doctor Schedule',0,2,17)
Insert into MenuMaster(MenuID,DisplayText,Parentid,OrgId,PageID)  values(30,'Home',0,2,13)
Insert into MenuMaster(MenuID,DisplayText,Parentid,OrgId,PageID)  values(31,'Change Password',0,2,20)
Insert into MenuMaster(MenuID,DisplayText,Parentid,OrgId,PageID)  values(32,'Home',0,2,25)
Insert into MenuMaster(MenuID,DisplayText,Parentid,OrgId,PageID)  values(33,'Investigation Report',0,2,26)
Insert into MenuMaster(MenuID,DisplayText,Parentid,OrgId,PageID)  values(34,'Home',0,2,27)
Insert into MenuMaster(MenuID,DisplayText,Parentid,OrgId,PageID)  values(35,'Home',0,2,30)
Insert into MenuMaster(MenuID,DisplayText,Parentid,OrgId,PageID)  values(39,'View Schedules',0,2,37)
Insert into MenuMaster(MenuID,DisplayText,Parentid,OrgId,PageID)  values(36,'Today''s Patients',0,2,40)
Insert into MenuMaster(MenuID,DisplayText,Parentid,OrgId,PageID)  values(42,'BillSearch',0,2,226)
Insert into MenuMaster(MenuID,DisplayText,Parentid,OrgId,PageID)  values(44,'Cash Closure',0,2,46)
Insert into MenuMaster(MenuID,DisplayText,Parentid,OrgId,PageID)  values(46,'Cash Closure',0,2,48)

Insert into MenuMaster(MenuID,DisplayText,Parentid,OrgId,PageID)  values(47,'Patient Management',1,2,49)
Insert into MenuMaster(MenuID,DisplayText,Parentid,OrgId,PageID)  values(49,'View Room Details',1,2,54)
Insert into MenuMaster(MenuID,DisplayText,Parentid,OrgId,PageID)  values(52,'Manage Rates',2,2,59)
Insert into MenuMaster(MenuID,DisplayText,Parentid,OrgId,PageID)  values(54,'Add Investigation/Groups',2,2,60)
Insert into MenuMaster(MenuID,DisplayText,Parentid,OrgId,PageID)  values(56,'Reference Range Mgmt',2,2,61)

Insert into MenuMaster(MenuID,DisplayText,Parentid,OrgId,PageID)  values(58,'Create User',2,2,64)

Insert into MenuMaster(MenuID,DisplayText,Parentid,OrgId,PageID)  values(61,'Cash OutFlow',0,2,67)

INSERT INTO MenuMaster(MenuID,DisplayText,Parentid,OrgId,PageID) VALUES (63,'Add Corporate & Client',2,2,72)
INSERT INTO MenuMaster(MenuID,DisplayText,Parentid,OrgId,PageID) VALUES (65,'Dashboard',0,2,77)
INSERT INTO MenuMaster(MenuID,DisplayText,Parentid,OrgId,PageID)  values(66,'Settlement',1,2,78)
INSERT INTO MenuMaster(MenuID,DisplayText,Parentid,OrgId,PageID)  values(69,'Billing',1,2,79)

INSERT INTO MenuMaster(MenuID,DisplayText,Parentid,OrgId,PageID)  values(71,'Plan Vacation',7,2,83)
/* SearchActions  */

--Insert into SearchActions(ActionName,RoleID,PageID,Parentid)  Values('Make Visit Entry',13,  3,0)
--Insert into SearchActions(ActionName,RoleID,PageID,Parentid)  Values('Collect Vitals',10,  6,0)
--Insert into SearchActions(ActionName,RoleID,PageID,Parentid)  Values('Edit Patient Registration Details',13,  2,0)
--Insert into SearchActions(ActionName,RoleID,PageID,Parentid)  Values('View Visit Details',13,  18,0)
--Insert into SearchActions(ActionName,RoleID,PageID,Parentid)  Values('View Patient Case Detail',9,  7,0)
----Insert into SearchActions(ActionName,RoleID,PageID,Parentid)  Values('Visit Details',16,  18,0)
--Insert into SearchActions(ActionName,RoleID,PageID,Parentid)  Values('Due Payment Collect',13,  29,0)
--Insert into SearchActions(ActionName,RoleID,PageID,Parentid)  Values('Dialysis Case Sheet',16,  7,0)

----INSERT INTO SearchActions(ActionName,RoleID,PageID,Parentid) VALUES('Collect Payments',13,50,5)
--INSERT INTO SearchActions(ActionName,RoleID,PageID,Parentid) VALUES('Clear Dues',13,80,5)
--INSERT INTO SearchActions(ActionName,RoleID,PageID,Parentid) VALUES('Make Bill Entry',13,52,5)
--INSERT INTO SearchActions(ActionName,RoleID,PageID,Parentid) VALUES('View Bill',13,53,5)
--INSERT INTO SearchActions(ActionName,RoleID,PageID,Parentid) VALUES('Book / Transfer Room',13,54,1)

--INSERT INTO SearchActions(ActionName,RoleID,PageID,Parentid) VALUES('Final Settlement',14,56,6)
--INSERT INTO SearchActions(ActionName,RoleID,PageID,Parentid) VALUES('Final Settlement',13,56,6)

--INSERT INTO SearchActions(ActionName,RoleID,PageID,Parentid) VALUES('Make Bill Entry',10,52,5)
--INSERT INTO SearchActions(ActionName,RoleID,PageID,Parentid) VALUES('Book / Transfer Room',10,54,1)

--INSERT INTO SearchActions(ActionName,RoleID,PageID,Parentid) VALUES('Edit Admission Patient Details',10,57,1)
--INSERT INTO SearchActions(ActionName,RoleID,PageID,Parentid) VALUES('Drugs Administered',10,58,1)

--INSERT INTO SearchActions(ActionName,RoleID,PageID,Parentid) VALUES('Collect Sample',11,65,1)
--INSERT INTO SearchActions(ActionName,RoleID,PageID,Parentid) VALUES('Perform Investigation',11,66,1)
--INSERT INTO SearchActions(ActionName,RoleID,PageID,Parentid) VALUES('IP Case Record',9,71,1)


--INSERT INTO SearchActions(ActionName,RoleID,PageID,Parentid) VALUES('Collect Advance',13,76,5)
--INSERT INTO SearchActions(ActionName,RoleID,PageID,Parentid) VALUES('Collect Advance',14,76,5)

/* PageMapping  */

Insert into PageMapping(RoleId,PageID,SeqNo) values(13,1,1)
Insert into PageMapping(RoleId,PageID,SeqNo) values(13,2,0)
Insert into PageMapping(RoleId,PageID,SeqNo) values(10,8,1)
Insert into PageMapping(RoleId,PageID,SeqNo) values(9,9,1)
Insert into PageMapping(RoleId,PageID,SeqNo) values(13,10,0)
Insert into PageMapping(RoleId,PageID,SeqNo) values(9,11,0)
Insert into PageMapping(RoleId,PageID,SeqNo) values(10,12,0)
Insert into PageMapping(RoleId,PageID,SeqNo) values(11,13,1)
Insert into PageMapping(RoleId,PageID,SeqNo) values(14,14,1)
Insert into PageMapping(RoleId,PageID,SeqNo) values(14,15,0)
Insert into PageMapping(RoleId,PageID,SeqNo) values(14,16,0)
Insert into PageMapping(RoleId,PageID,SeqNo) values(14,17,0)
Insert into PageMapping(RoleId,PageID,SeqNo) values(9,16,0)
Insert into PageMapping(RoleId,PageID,SeqNo) values(11,13,1)
Insert into PageMapping(RoleId,PageID,SeqNo) values(9,20,0)
Insert into PageMapping(RoleId,PageID,SeqNo) values(10,20,0)
Insert into PageMapping(RoleId,PageID,SeqNo) values(11,20,0)
Insert into PageMapping(RoleId,PageID,SeqNo) values(13,20,0)
Insert into PageMapping(RoleId,PageID,SeqNo) values(14,20,0)
Insert into PageMapping(RoleId,PageID,SeqNo) values(15,25,1)
Insert into PageMapping(RoleId,PageID,SeqNo) values(16,27,1)
Insert into PageMapping(RoleId,PageID,SeqNo) values(17,30,1)
Insert into PageMapping(RoleId,PageID,SeqNo) values(18,30,1)
Insert into PageMapping(RoleId,PageID,SeqNo) values(19,30,1)
Insert into PageMapping(RoleId,PageID,SeqNo) values(20,30,1)
Insert into PageMapping(RoleId,PageID,SeqNo) values(21,30,1)


/* OrgUOMVitalsMapping  */


Insert into OrgUOMVitalsMapping(OrgUOMVitalsID,OrgID,UOMID,VitalsID)   Values(18,2,8,1)
Insert into OrgUOMVitalsMapping(OrgUOMVitalsID,OrgID,UOMID,VitalsID)   Values(19,2,2,2)
Insert into OrgUOMVitalsMapping(OrgUOMVitalsID,OrgID,UOMID,VitalsID)   Values(20,2,2,3)
Insert into OrgUOMVitalsMapping(OrgUOMVitalsID,OrgID,UOMID,VitalsID)   Values(21,2,3,4)
Insert into OrgUOMVitalsMapping(OrgUOMVitalsID,OrgID,UOMID,VitalsID)   Values(22,2,4,5)
Insert into OrgUOMVitalsMapping(OrgUOMVitalsID,OrgID,UOMID,VitalsID)   Values(23,2,5,6)
Insert into OrgUOMVitalsMapping(OrgUOMVitalsID,OrgID,UOMID,VitalsID)   Values(24,2,6,7)
Insert into OrgUOMVitalsMapping(OrgUOMVitalsID,OrgID,UOMID,VitalsID)   Values(25,2,7,8)
Insert into OrgUOMVitalsMapping(OrgUOMVitalsID,OrgID,UOMID,VitalsID)   Values(26,2,8,9)
Insert into OrgUOMVitalsMapping(OrgUOMVitalsID,OrgID,UOMID,VitalsID)   Values(27,2,2,10)
Insert into OrgUOMVitalsMapping(OrgUOMVitalsID,OrgID,UOMID,VitalsID)   Values(28,2,2,11)
Insert into OrgUOMVitalsMapping(OrgUOMVitalsID,OrgID,UOMID,VitalsID)   Values(29,2,2,12)
Insert into OrgUOMVitalsMapping(OrgUOMVitalsID,OrgID,UOMID,VitalsID)   Values(30,2,2,13)
Insert into OrgUOMVitalsMapping(OrgUOMVitalsID,OrgID,UOMID,VitalsID)   Values(31,2,9,14)
Insert into OrgUOMVitalsMapping(OrgUOMVitalsID,OrgID,UOMID,VitalsID)   Values(32,2,9,15)
Insert into OrgUOMVitalsMapping(OrgUOMVitalsID,OrgID,UOMID,VitalsID)   Values(33,2,7,16)
Insert into OrgUOMVitalsMapping(OrgUOMVitalsID,OrgID,UOMID,VitalsID)   Values(34,2,12,17)


/* ProcedureMaster  */

Insert into ProcedureMaster(ProcedureID,Procedurename,ProcedureType,  ProcedureDesc, OrgID, IsAVisitPurpose, CreatedBy,CreatedAt) values(2,  'Dialysis','Treatment','Dialysis',2,  'y',1, 'Sep  2 2009 12:00AM')



/*  PhysicianOrganization  */

Insert into PhysicianOrganization (PhysicianID,OrgID) values(5,2)
Insert into PhysicianOrganization (PhysicianID,OrgID) values(6,2)
Insert into PhysicianOrganization (PhysicianID,OrgID) values(7,2)
Insert into PhysicianOrganization (PhysicianID,OrgID) values(8,2)


/*  PhysicianSpeciality   */

Insert into PhysicianSpeciality(PhysicianID,SpecialityID)   values (5,1)
Insert into PhysicianSpeciality(PhysicianID,SpecialityID)   values (6,2)
Insert into PhysicianSpeciality(PhysicianID,SpecialityID)   values (7,3)
Insert into PhysicianSpeciality(PhysicianID,SpecialityID)   values (8,2)

/*  OrganizationAddress  */

Insert into OrganizationAddress (AddressID,OrgID,AddressType,  Add1,Add2,Add3,PostalCode,CountryID,City,StateID,MobileNumber,LandLineNumber,  Comments,Location) Values(3,2,'A','','','','          ',0,'Chennai',0,'','','','Guindy')
Insert into OrganizationAddress (AddressID,OrgID,AddressType,  Add1,Add2,Add3,PostalCode,CountryID,City,StateID,MobileNumber,LandLineNumber,  Comments,Location) Values(4,2,'B','','','','          ',0,'Chennai',0,'','','','Velachery')


/*  Physician  */

Insert into Physician(PhysicianID,PhysicianName,PhysicianType,Email,Sex,LoginID) values (5,'Sundar','VIS','','M',16)
Insert into Physician(PhysicianID,PhysicianName,PhysicianType,Email,Sex,LoginID) values (6,'Gayathri','VIS','','F',17)
Insert into Physician(PhysicianID,PhysicianName,PhysicianType,Email,Sex,LoginID) values (7,'Ganesh','VIS','','M',18)
Insert into Physician(PhysicianID,PhysicianName,PhysicianType,Email,Sex,LoginID) values (8,'Robert','VIS','','M',19)

/* SCHEDULABLERESOURCE */
INSERT INTO SCHEDULABLERESOURCE(RESOURCEID,RESOURCETYPE,OrgID,SCHEDULETEMPLATEID)   VALUES(5         ,'P',2         ,1         )
INSERT INTO SCHEDULABLERESOURCE(RESOURCEID,RESOURCETYPE,OrgID,SCHEDULETEMPLATEID)   VALUES(6         ,'P',2         ,2         )
INSERT INTO SCHEDULABLERESOURCE(RESOURCEID,RESOURCETYPE,OrgID,SCHEDULETEMPLATEID)   VALUES(7         ,'P',2         ,3         )
INSERT INTO SCHEDULABLERESOURCE(RESOURCEID,RESOURCETYPE,OrgID,SCHEDULETEMPLATEID)   VALUES(8         ,'P',2         ,4         )
GO


/* StandardDeduction  */
Insert into StandardDeduction(StdDedID,OrgID,  StdDedName,StdDedValue,StdDedType)    values(3,2,  'Govt Employees', 100,'V')
Insert into StandardDeduction(StdDedID,OrgID,  StdDedName,StdDedValue,StdDedType)    values(4,2,  'Self Employee', 2,'P')



/*  PhysicianFee  */
Insert into PhysicianFee(PhysicianFeeID,PhysicianID,OrgID,Amount,  IsVariable,IPPercentToHostingOrg,OPPercentToHostingOrg,CreatedBy)   values(6,5,2,  200,'Y',  3,4,6)
Insert into PhysicianFee(PhysicianFeeID,PhysicianID,OrgID,Amount,  IsVariable,IPPercentToHostingOrg,OPPercentToHostingOrg,CreatedBy)   values(7,6,2,  150,'Y',  3,4,6)
Insert into PhysicianFee(PhysicianFeeID,PhysicianID,OrgID,Amount,  IsVariable,IPPercentToHostingOrg,OPPercentToHostingOrg,CreatedBy)   values(8,7,2,  200,'Y',  3,4,6)
Insert into PhysicianFee(PhysicianFeeID,PhysicianID,OrgID,Amount,  IsVariable,IPPercentToHostingOrg,OPPercentToHostingOrg,CreatedBy)   values(9,8,2,  150,'Y',  3,4,6)


/* ProcedureFee  */

Insert into ProcedureFee(ProcedureFeeID,ProcedureID,Amount,ProcedureDesc,IsVariable)   values(2,2,200,'Dialysis',  'Y')


/*  TaskActionMapping  */

Insert into TaskActionMapping(OrgID,VisitPurposeID,  OtherID,TaskActionID)values(2,  7,2,  6)
Insert into TaskActionMapping(OrgID,VisitPurposeID,  OtherID,TaskActionID)values(2,  1,1,  11)
Insert into TaskActionMapping(OrgID,VisitPurposeID,  OtherID,TaskActionID)values(2,  3,0,  19)
Insert into TaskActionMapping(OrgID,VisitPurposeID,  OtherID,TaskActionID)values(2,  1,2,  11)
Insert into TaskActionMapping(OrgID,VisitPurposeID,  OtherID,TaskActionID)values(2,  1,3,  11)
Insert into TaskActionMapping(OrgID,VisitPurposeID,  OtherID,TaskActionID)values(2,  1,4,  11)
Insert into TaskActionMapping(OrgID,VisitPurposeID,  OtherID,TaskActionID)values(2,  1,5,  11)

--Insert into TaskActionMapping(OrgID,VisitPurposeID,  OtherID,TaskActionID)values(2,	 9,0,  21)
Insert into TaskActionMapping(OrgID,VisitPurposeID,OtherID,TaskActionID)  values(2,11,  0,35)

/*  Config  */
Insert into Config(ConfigKey,ConfigValue,ParentID,OrgID)  values('BillLogic','Before',  0,2)
Insert into Config(ConfigKey,ConfigValue,ParentID,OrgID)  values('UploadPath','~/InvestigationFiles/',  0,2)
Insert into Config(ConfigKey,ConfigValue,ParentID,OrgID)  values('INV','Before',  0,2)
Insert into Config(ConfigKey,ConfigValue,ParentID,OrgID)  values('CON','Before',  0,2)
Insert into Config(ConfigKey,ConfigValue,ParentID,OrgID)  values('PRO','After',  0,2)
Insert into Config(ConfigKey,ConfigValue,ParentID,OrgID)  values('ISI','0.4',  0,2)
Insert into Config(ConfigKey,ConfigValue,ParentID,OrgID)  values('ReportServerURL','http://192.168.75.1/Reports',  0,2)
Insert into Config(ConfigKey,ConfigValue,ParentID,OrgID)  values('UseSmartCardForPatient','N',  0,2)
Insert into Config(ConfigKey,ConfigValue,ParentID,OrgID)  values('UseOrgBasedDrugData','N',  0,2)
Insert into Config(ConfigKey,ConfigValue,ParentID,OrgID)  values('IMU','After',  0,2)
Insert into Config(ConfigKey,ConfigValue,ParentID,OrgID)  values('Currency','Rs',  0,2)
Insert into config (ConfigKey,ConfigValue,ParentID,OrgID)values ('NormalFlow','True',0,2)

/* VisitSearchActions  */

--Insert into VisitSearchActions(ActionName,RoleID,PageID,Parentid)  Values('Print Bill',13,  28, 0)
--Insert into VisitSearchActions(ActionName,RoleID,PageID,Parentid)  Values('Print CaseSheet',13,  28, 0)
--Insert into VisitSearchActions(ActionName,RoleID,PageID,Parentid)  Values('Print Consolidate Report',13,  28, 0)
--Insert into VisitSearchActions(ActionName,RoleID,PageID,Parentid)  Values('Print Prescription',13,  28, 0)
--Insert into VisitSearchActions(ActionName,RoleID,PageID,Parentid)  Values('Dialysis Case Sheet',16,  23, 0)
--Insert into VisitSearchActions(ActionName,RoleID,PageID,Parentid)  Values('Print Lab Report',13,  28, 0)

--Insert into VisitSearchActions(ActionName,RoleID,PageID,Parentid)  Values('Order Investigation',13,  38, 0)
--Insert into VisitSearchActions(ActionName,RoleID,PageID,Parentid)  Values('Order services',13,  41, 0)
----Insert into VisitSearchActions(ActionName,RoleID,PageID,Parentid)  Values('Collect Payments',13,  40, 0)
--Insert into VisitSearchActions(ActionName,RoleID,PageID,Parentid)  Values('Edit Diagnosis',9,  44, 0)
--Insert into VisitSearchActions(ActionName,RoleID,PageID,Parentid)  Values('Refund to Patient',14,  47, 0)

--INSERT INTO VisitSearchActions(ActionName,RoleID,PageID,Parentid) VALUES('Collect Advance',13,50,1)
--INSERT INTO VisitSearchActions(ActionName,RoleID,PageID,Parentid) VALUES('Generate Bill',13,51,1)
--INSERT INTO VisitSearchActions(ActionName,RoleID,PageID,Parentid) VALUES('Make Due Chart Entry',13,52,1)
--INSERT INTO VisitSearchActions(ActionName,RoleID,PageID,Parentid) VALUES('View Bill',13,53,1)

/* BillSearchActions */
DELETE FROM BillSearchActions WHERE ROLEID IN(13,14)
Insert into BillSearchActions(ActionName,RoleID,PageID)  Values('Print Bill',13,28)
Insert into BillSearchActions(ActionName,RoleID,PageID)  Values('Order services',13,41)
Insert into BillSearchActions(ActionName,RoleID,PageID)  Values('Refund to Patient',14,47)
GO

/*  InvestigationFee  */

Insert into InvestigationFee(InvestigationID, OrgID, Amount,IsVariable)  values  (1002,2,250,'Y')
Insert into InvestigationFee(InvestigationID, OrgID, Amount,IsVariable)  values  (3002,2,250,'Y')
Insert into InvestigationFee(InvestigationID, OrgID, Amount,IsVariable)  values  (3003,2,250,'Y')
Insert into InvestigationFee(InvestigationID, OrgID, Amount,IsVariable)  values  (3004,2,250,'Y')
Insert into InvestigationFee(InvestigationID, OrgID, Amount,IsVariable)  values  (3005,2,250,'Y')
Insert into InvestigationFee(InvestigationID, OrgID, Amount,IsVariable)  values  (3006,2,250,'Y')
Insert into InvestigationFee(InvestigationID, OrgID, Amount,IsVariable)  values  (3007,2,250,'Y')
Insert into InvestigationFee(InvestigationID, OrgID, Amount,IsVariable)  values  (3008,2,250,'Y')
Insert into InvestigationFee(InvestigationID, OrgID, Amount,IsVariable)  values  (3009,2,250,'Y')
Insert into InvestigationFee(InvestigationID, OrgID, Amount,IsVariable)  values  (3010,2,250,'Y')
Insert into InvestigationFee(InvestigationID, OrgID, Amount,IsVariable)  values  (3011,2,250,'Y')
Insert into InvestigationFee(InvestigationID, OrgID, Amount,IsVariable)  values  (3012,2,250,'Y')
Insert into InvestigationFee(InvestigationID, OrgID, Amount,IsVariable)  values  (3013,2,250,'Y')
Insert into InvestigationFee(InvestigationID, OrgID, Amount,IsVariable)  values  (3014,2,250,'Y')
Insert into InvestigationFee(InvestigationID, OrgID, Amount,IsVariable)  values  (3016,2,250,'Y')
Insert into InvestigationFee(InvestigationID, OrgID, Amount,IsVariable)  values  (3017,2,250,'Y')
Insert into InvestigationFee(InvestigationID, OrgID, Amount,IsVariable)  values  (3018,2,250,'Y')
Insert into InvestigationFee(InvestigationID, OrgID, Amount,IsVariable)  values  (3019,2,250,'Y')
Insert into InvestigationFee(InvestigationID, OrgID, Amount,IsVariable)  values  (3020,2,250,'Y')
Insert into InvestigationFee(InvestigationID, OrgID, Amount,IsVariable)  values  (3021,2,250,'Y')
Insert into InvestigationFee(InvestigationID, OrgID, Amount,IsVariable)  values  (3022,2,250,'Y')
Insert into InvestigationFee(InvestigationID, OrgID, Amount,IsVariable)  values  (3023,2,250,'Y')
Insert into InvestigationFee(InvestigationID, OrgID, Amount,IsVariable)  values  (3024,2,250,'Y')
Insert into InvestigationFee(InvestigationID, OrgID, Amount,IsVariable)  values  (3025,2,250,'Y')
Insert into InvestigationFee(InvestigationID, OrgID, Amount,IsVariable)  values  (3026,2,250,'Y')
Insert into InvestigationFee(InvestigationID, OrgID, Amount,IsVariable)  values  (3027,2,250,'Y')
Insert into InvestigationFee(InvestigationID, OrgID, Amount,IsVariable)  values  (3028,2,250,'Y')
Insert into InvestigationFee(InvestigationID, OrgID, Amount,IsVariable)  values  (3029,2,250,'Y')
Insert into InvestigationFee(InvestigationID, OrgID, Amount,IsVariable)  values  (3030,2,250,'Y')
Insert into InvestigationFee(InvestigationID, OrgID, Amount,IsVariable)  values  (3031,2,250,'Y')
Insert into InvestigationFee(InvestigationID, OrgID, Amount,IsVariable)  values  (3032,2,250,'Y')
Insert into InvestigationFee(InvestigationID, OrgID, Amount,IsVariable)  values  (3033,2,250,'Y')
Insert into InvestigationFee(InvestigationID, OrgID, Amount,IsVariable)  values  (3034,2,250,'Y')
Insert into InvestigationFee(InvestigationID, OrgID, Amount,IsVariable)  values  (3035,2,250,'Y')
Insert into InvestigationFee(InvestigationID, OrgID, Amount,IsVariable)  values  (3036,2,250,'Y')
Insert into InvestigationFee(InvestigationID, OrgID, Amount,IsVariable)  values  (3037,2,250,'Y')
Insert into InvestigationFee(InvestigationID, OrgID, Amount,IsVariable)  values  (3038,2,250,'Y')
Insert into InvestigationFee(InvestigationID, OrgID, Amount,IsVariable)  values  (3039,2,250,'Y')
Insert into InvestigationFee(InvestigationID, OrgID, Amount,IsVariable)  values  (3040,2,250,'Y')
Insert into InvestigationFee(InvestigationID, OrgID, Amount,IsVariable)  values  (3041,2,250,'Y')
Insert into InvestigationFee(InvestigationID, OrgID, Amount,IsVariable)  values  (3042,2,250,'Y')
Insert into InvestigationFee(InvestigationID, OrgID, Amount,IsVariable)  values  (3043,2,250,'Y')
Insert into InvestigationFee(InvestigationID, OrgID, Amount,IsVariable)  values  (3044,2,250,'Y')
Insert into InvestigationFee(InvestigationID, OrgID, Amount,IsVariable)  values  (3045,2,250,'Y')
Insert into InvestigationFee(InvestigationID, OrgID, Amount,IsVariable)  values  (3046,2,250,'Y')
Insert into InvestigationFee(InvestigationID, OrgID, Amount,IsVariable)  values  (3047,2,250,'Y')
Insert into InvestigationFee(InvestigationID, OrgID, Amount,IsVariable)  values  (3048,2,250,'Y')
Insert into InvestigationFee(InvestigationID, OrgID, Amount,IsVariable)  values  (3049,2,250,'Y')
Insert into InvestigationFee(InvestigationID, OrgID, Amount,IsVariable)  values  (3050,2,250,'Y')
Insert into InvestigationFee(InvestigationID, OrgID, Amount,IsVariable)  values  (3051,2,250,'Y')
Insert into InvestigationFee(InvestigationID, OrgID, Amount,IsVariable)  values  (3052,2,250,'Y')
Insert into InvestigationFee(InvestigationID, OrgID, Amount,IsVariable)  values  (3053,2,250,'Y')
Insert into InvestigationFee(InvestigationID, OrgID, Amount,IsVariable)  values  (3054,2,250,'Y')
Insert into InvestigationFee(InvestigationID, OrgID, Amount,IsVariable)  values  (3055,2,250,'Y')
Insert into InvestigationFee(InvestigationID, OrgID, Amount,IsVariable)  values  (3056,2,250,'Y')
Insert into InvestigationFee(InvestigationID, OrgID, Amount,IsVariable)  values  (3057,2,250,'Y')
Insert into InvestigationFee(InvestigationID, OrgID, Amount,IsVariable)  values  (3058,2,250,'Y')
Insert into InvestigationFee(InvestigationID, OrgID, Amount,IsVariable)  values  (3059,2,250,'Y')
Insert into InvestigationFee(InvestigationID, OrgID, Amount,IsVariable)  values  (3060,2,250,'Y')
Insert into InvestigationFee(InvestigationID, OrgID, Amount,IsVariable)  values  (3061,2,250,'Y')
Insert into InvestigationFee(InvestigationID, OrgID, Amount,IsVariable)  values  (3062,2,250,'Y')
Insert into InvestigationFee(InvestigationID, OrgID, Amount,IsVariable)  values  (3063,2,250,'Y')
Insert into InvestigationFee(InvestigationID, OrgID, Amount,IsVariable)  values  (3064,2,250,'Y')
Insert into InvestigationFee(InvestigationID, OrgID, Amount,IsVariable)  values  (3065,2,250,'Y')
Insert into InvestigationFee(InvestigationID, OrgID, Amount,IsVariable)  values  (3066,2,250,'Y')
Insert into InvestigationFee(InvestigationID, OrgID, Amount,IsVariable)  values  (3067,2,250,'Y')
Insert into InvestigationFee(InvestigationID, OrgID, Amount,IsVariable)  values  (3068,2,250,'Y')
Insert into InvestigationFee(InvestigationID, OrgID, Amount,IsVariable)  values  (3069,2,250,'Y')
Insert into InvestigationFee(InvestigationID, OrgID, Amount,IsVariable)  values  (3070,2,250,'Y')
Insert into InvestigationFee(InvestigationID, OrgID, Amount,IsVariable)  values  (3071,2,250,'Y')
Insert into InvestigationFee(InvestigationID, OrgID, Amount,IsVariable)  values  (3072,2,250,'Y')
Insert into InvestigationFee(InvestigationID, OrgID, Amount,IsVariable)  values  (3073,2,250,'Y')
Insert into InvestigationFee(InvestigationID, OrgID, Amount,IsVariable)  values  (3074,2,250,'Y')
Insert into InvestigationFee(InvestigationID, OrgID, Amount,IsVariable)  values  (3075,2,250,'Y')
Insert into InvestigationFee(InvestigationID, OrgID, Amount,IsVariable)  values  (3076,2,250,'Y')
Insert into InvestigationFee(InvestigationID, OrgID, Amount,IsVariable)  values  (3077,2,250,'Y')
Insert into InvestigationFee(InvestigationID, OrgID, Amount,IsVariable)  values  (3078,2,250,'Y')
Insert into InvestigationFee(InvestigationID, OrgID, Amount,IsVariable)  values  (3079,2,250,'Y')
Insert into InvestigationFee(InvestigationID, OrgID, Amount,IsVariable)  values  (3080,2,250,'Y')
Insert into InvestigationFee(InvestigationID, OrgID, Amount,IsVariable)  values  (3081,2,250,'Y')
Insert into InvestigationFee(InvestigationID, OrgID, Amount,IsVariable)  values  (3082,2,250,'Y')
Insert into InvestigationFee(InvestigationID, OrgID, Amount,IsVariable)  values  (3083,2,250,'Y')
Insert into InvestigationFee(InvestigationID, OrgID, Amount,IsVariable)  values  (3084,2,250,'Y')
Insert into InvestigationFee(InvestigationID, OrgID, Amount,IsVariable)  values  (3085,2,250,'Y')
Insert into InvestigationFee(InvestigationID, OrgID, Amount,IsVariable)  values  (3086,2,250,'Y')
Insert into InvestigationFee(InvestigationID, OrgID, Amount,IsVariable)  values  (3087,2,250,'Y')
Insert into InvestigationFee(InvestigationID, OrgID, Amount,IsVariable)  values  (3088,2,250,'Y')
Insert into InvestigationFee(InvestigationID, OrgID, Amount,IsVariable)  values  (3089,2,250,'Y')
Insert into InvestigationFee(InvestigationID, OrgID, Amount,IsVariable)  values  (3090,2,250,'Y')
Insert into InvestigationFee(InvestigationID, OrgID, Amount,IsVariable)  values  (3091,2,250,'Y')
Insert into InvestigationFee(InvestigationID, OrgID, Amount,IsVariable)  values  (3092,2,250,'Y')
Insert into InvestigationFee(InvestigationID, OrgID, Amount,IsVariable)  values  (3093,2,250,'Y')
Insert into InvestigationFee(InvestigationID, OrgID, Amount,IsVariable)  values  (3094,2,250,'Y')
Insert into InvestigationFee(InvestigationID, OrgID, Amount,IsVariable)  values  (3095,2,250,'Y')
Insert into InvestigationFee(InvestigationID, OrgID, Amount,IsVariable)  values  (3096,2,250,'Y')
Insert into InvestigationFee(InvestigationID, OrgID, Amount,IsVariable)  values  (3097,2,250,'Y')
Insert into InvestigationFee(InvestigationID, OrgID, Amount,IsVariable)  values  (3098,2,250,'Y')
Insert into InvestigationFee(InvestigationID, OrgID, Amount,IsVariable)  values  (3099,2,250,'Y')
Insert into InvestigationFee(InvestigationID, OrgID, Amount,IsVariable)  values  (3100,2,250,'Y')
Insert into InvestigationFee(InvestigationID, OrgID, Amount,IsVariable)  values  (3101,2,250,'Y')
Insert into InvestigationFee(InvestigationID, OrgID, Amount,IsVariable)  values  (3102,2,250,'Y')
Insert into InvestigationFee(InvestigationID, OrgID, Amount,IsVariable)  values  (3103,2,250,'Y')
Insert into InvestigationFee(InvestigationID, OrgID, Amount,IsVariable)  values  (3104,2,250,'Y')
Insert into InvestigationFee(InvestigationID, OrgID, Amount,IsVariable)  values  (3105,2,250,'Y')
Insert into InvestigationFee(InvestigationID, OrgID, Amount,IsVariable)  values  (3106,2,250,'Y')
Insert into InvestigationFee(InvestigationID, OrgID, Amount,IsVariable)  values  (3107,2,250,'Y')
Insert into InvestigationFee(InvestigationID, OrgID, Amount,IsVariable)  values  (3108,2,250,'Y')
Insert into InvestigationFee(InvestigationID, OrgID, Amount,IsVariable)  values  (3109,2,250,'Y')
Insert into InvestigationFee(InvestigationID, OrgID, Amount,IsVariable)  values  (3111,2,250,'Y')
Insert into InvestigationFee(InvestigationID, OrgID, Amount,IsVariable)  values  (3112,2,250,'Y')
Insert into InvestigationFee(InvestigationID, OrgID, Amount,IsVariable)  values  (3113,2,250,'Y')
Insert into InvestigationFee(InvestigationID, OrgID, Amount,IsVariable)  values  (3114,2,250,'Y')
Insert into InvestigationFee(InvestigationID, OrgID, Amount,IsVariable)  values  (3115,2,250,'Y')
Insert into InvestigationFee(InvestigationID, OrgID, Amount,IsVariable)  values  (3116,2,250,'Y')
Insert into InvestigationFee(InvestigationID, OrgID, Amount,IsVariable)  values  (3117,2,250,'Y')
Insert into InvestigationFee(InvestigationID, OrgID, Amount,IsVariable)  values  (3118,2,250,'Y')
Insert into InvestigationFee(InvestigationID, OrgID, Amount,IsVariable)  values  (3119,2,250,'Y')
Insert into InvestigationFee(InvestigationID, OrgID, Amount,IsVariable)  values  (3120,2,250,'Y')
Insert into InvestigationFee(InvestigationID, OrgID, Amount,IsVariable)  values  (3121,2,250,'Y')
Insert into InvestigationFee(InvestigationID, OrgID, Amount,IsVariable)  values  (3122,2,250,'Y')
Insert into InvestigationFee(InvestigationID, OrgID, Amount,IsVariable)  values  (3123,2,250,'Y')
Insert into InvestigationFee(InvestigationID, OrgID, Amount,IsVariable)  values  (3124,2,250,'Y')
Insert into InvestigationFee(InvestigationID, OrgID, Amount,IsVariable)  values  (3125,2,250,'Y')
Insert into InvestigationFee(InvestigationID, OrgID, Amount,IsVariable)  values  (3126,2,250,'Y')
Insert into InvestigationFee(InvestigationID, OrgID, Amount,IsVariable)  values  (3127,2,250,'Y')
Insert into InvestigationFee(InvestigationID, OrgID, Amount,IsVariable)  values  (3128,2,250,'Y')
Insert into InvestigationFee(InvestigationID, OrgID, Amount,IsVariable)  values  (3129,2,250,'Y')
Insert into InvestigationFee(InvestigationID, OrgID, Amount,IsVariable)  values  (3130,2,250,'Y')
Insert into InvestigationFee(InvestigationID, OrgID, Amount,IsVariable)  values  (3131,2,250,'Y')
Insert into InvestigationFee(InvestigationID, OrgID, Amount,IsVariable)  values  (3132,2,250,'Y')
Insert into InvestigationFee(InvestigationID, OrgID, Amount,IsVariable)  values  (3133,2,250,'Y')
Insert into InvestigationFee(InvestigationID, OrgID, Amount,IsVariable)  values  (3134,2,250,'Y')
Insert into InvestigationFee(InvestigationID, OrgID, Amount,IsVariable)  values  (3135,2,250,'Y')
Insert into InvestigationFee(InvestigationID, OrgID, Amount,IsVariable)  values  (3136,2,250,'Y')
Insert into InvestigationFee(InvestigationID, OrgID, Amount,IsVariable)  values  (3137,2,250,'Y')
Insert into InvestigationFee(InvestigationID, OrgID, Amount,IsVariable)  values  (1004,2,250,'Y')
Insert into InvestigationFee(InvestigationID, OrgID, Amount,IsVariable)  values  (1005,2,250,'Y')
Insert into InvestigationFee(InvestigationID, OrgID, Amount,IsVariable)  values  (1006,2,250,'Y')
Insert into InvestigationFee(InvestigationID, OrgID, Amount,IsVariable)  values  (1007,2,250,'Y')
Insert into InvestigationFee(InvestigationID, OrgID, Amount,IsVariable)  values  (1008,2,250,'Y')
Insert into InvestigationFee(InvestigationID, OrgID, Amount,IsVariable)  values  (1009,2,250,'Y')
Insert into InvestigationFee(InvestigationID, OrgID, Amount,IsVariable)  values  (1010,2,250,'Y')
Insert into InvestigationFee(InvestigationID, OrgID, Amount,IsVariable)  values  (1011,2,250,'Y')
Insert into InvestigationFee(InvestigationID, OrgID, Amount,IsVariable)  values  (2002,2,250,'Y')
Insert into InvestigationFee(InvestigationID, OrgID, Amount,IsVariable)  values  (2003,2,250,'Y')
Insert into InvestigationFee(InvestigationID, OrgID, Amount,IsVariable)  values  (2004,2,250,'Y')
Insert into InvestigationFee(InvestigationID, OrgID, Amount,IsVariable)  values  (2005,2,250,'Y')
Insert into InvestigationFee(InvestigationID, OrgID, Amount,IsVariable)  values  (2006,2,250,'Y')
Insert into InvestigationFee(InvestigationID, OrgID, Amount,IsVariable)  values  (2007,2,250,'Y')
Insert into InvestigationFee(InvestigationID, OrgID, Amount,IsVariable)  values  (2008,2,250,'Y')
Insert into InvestigationFee(InvestigationID, OrgID, Amount,IsVariable)  values  (2009,2,250,'Y')
Insert into InvestigationFee(InvestigationID, OrgID, Amount,IsVariable)  values  (2010,2,250,'Y')
Insert into InvestigationFee(InvestigationID, OrgID, Amount,IsVariable)  values  (2011,2,250,'Y')
Insert into InvestigationFee(InvestigationID, OrgID, Amount,IsVariable)  values  (2012,2,250,'Y')
Insert into InvestigationFee(InvestigationID, OrgID, Amount,IsVariable)  values  (2013,2,250,'Y')
Insert into InvestigationFee(InvestigationID, OrgID, Amount,IsVariable)  values  (2014,2,250,'Y')
Insert into InvestigationFee(InvestigationID, OrgID, Amount,IsVariable)  values  (2015,2,250,'Y')
Insert into InvestigationFee(InvestigationID, OrgID, Amount,IsVariable)  values  (2016,2,250,'Y')
Insert into InvestigationFee(InvestigationID, OrgID, Amount,IsVariable)  values  (2017,2,250,'Y')
Insert into InvestigationFee(InvestigationID, OrgID, Amount,IsVariable)  values  (2018,2,250,'Y')
Insert into InvestigationFee(InvestigationID, OrgID, Amount,IsVariable)  values  (2019,2,250,'Y')
Insert into InvestigationFee(InvestigationID, OrgID, Amount,IsVariable)  values  (2020,2,250,'Y')
Insert into InvestigationFee(InvestigationID, OrgID, Amount,IsVariable)  values  (2021,2,250,'Y')
Insert into InvestigationFee(InvestigationID, OrgID, Amount,IsVariable)  values  (2022,2,250,'Y')
Insert into InvestigationFee(InvestigationID, OrgID, Amount,IsVariable)  values  (2023,2,250,'Y')
Insert into InvestigationFee(InvestigationID, OrgID, Amount,IsVariable)  values  (2024,2,250,'Y')
Insert into InvestigationFee(InvestigationID, OrgID, Amount,IsVariable)  values  (2025,2,250,'Y')
Insert into InvestigationFee(InvestigationID, OrgID, Amount,IsVariable)  values  (2026,2,250,'Y')
Insert into InvestigationFee(InvestigationID, OrgID, Amount,IsVariable)  values  (2027,2,250,'Y')
Insert into InvestigationFee(InvestigationID, OrgID, Amount,IsVariable)  values  (2028,2,250,'Y')
Insert into InvestigationFee(InvestigationID, OrgID, Amount,IsVariable)  values  (2029,2,250,'Y')
Insert into InvestigationFee(InvestigationID, OrgID, Amount,IsVariable)  values  (2030,2,250,'Y')
Insert into InvestigationFee(InvestigationID, OrgID, Amount,IsVariable)  values  (2031,2,250,'Y')
Insert into InvestigationFee(InvestigationID, OrgID, Amount,IsVariable)  values  (2032,2,250,'Y')
Insert into InvestigationFee(InvestigationID, OrgID, Amount,IsVariable)  values  (2033,2,250,'Y')
Insert into InvestigationFee(InvestigationID, OrgID, Amount,IsVariable)  values  (2034,2,250,'Y')
Insert into InvestigationFee(InvestigationID, OrgID, Amount,IsVariable)  values  (2035,2,250,'Y')
Insert into InvestigationFee(InvestigationID, OrgID, Amount,IsVariable)  values  (2036,2,250,'Y')
Insert into InvestigationFee(InvestigationID, OrgID, Amount,IsVariable)  values  (2037,2,250,'Y')
Insert into InvestigationFee(InvestigationID, OrgID, Amount,IsVariable)  values  (2038,2,250,'Y')
Insert into InvestigationFee(InvestigationID, OrgID, Amount,IsVariable)  values  (2039,2,250,'Y')
Insert into InvestigationFee(InvestigationID, OrgID, Amount,IsVariable)  values  (2040,2,250,'Y')
Insert into InvestigationFee(InvestigationID, OrgID, Amount,IsVariable)  values  (2041,2,250,'Y')
Insert into InvestigationFee(InvestigationID, OrgID, Amount,IsVariable)  values  (2042,2,250,'Y')
Insert into InvestigationFee(InvestigationID, OrgID, Amount,IsVariable)  values  (2043,2,250,'Y')
Insert into InvestigationFee(InvestigationID, OrgID, Amount,IsVariable)  values  (2044,2,250,'Y')
Insert into InvestigationFee(InvestigationID, OrgID, Amount,IsVariable)  values  (2045,2,250,'Y')
Insert into InvestigationFee(InvestigationID, OrgID, Amount,IsVariable)  values  (2046,2,250,'Y')
Insert into InvestigationFee(InvestigationID, OrgID, Amount,IsVariable)  values  (2047,2,250,'Y')
Insert into InvestigationFee(InvestigationID, OrgID, Amount,IsVariable)  values  (2048,2,250,'Y')
Insert into InvestigationFee(InvestigationID, OrgID, Amount,IsVariable)  values  (2049,2,250,'Y')
Insert into InvestigationFee(InvestigationID, OrgID, Amount,IsVariable)  values  (2050,2,250,'Y')
Insert into InvestigationFee(InvestigationID, OrgID, Amount,IsVariable)  values  (2051,2,250,'Y')
Insert into InvestigationFee(InvestigationID, OrgID, Amount,IsVariable)  values  (2052,2,250,'Y')
Insert into InvestigationFee(InvestigationID, OrgID, Amount,IsVariable)  values  (2053,2,250,'Y')
Insert into InvestigationFee(InvestigationID, OrgID, Amount,IsVariable)  values  (2054,2,250,'Y')
Insert into InvestigationFee(InvestigationID, OrgID, Amount,IsVariable)  values  (2055,2,250,'Y')
Insert into InvestigationFee(InvestigationID, OrgID, Amount,IsVariable)  values  (2056,2,250,'Y')
Insert into InvestigationFee(InvestigationID, OrgID, Amount,IsVariable)  values  (2058,2,250,'Y')
Insert into InvestigationFee(InvestigationID, OrgID, Amount,IsVariable)  values  (2057,2,250,'Y')
Insert into InvestigationFee(InvestigationID, OrgID, Amount,IsVariable)  values  (4080,2,250,'Y')
Insert into InvestigationFee(InvestigationID, OrgID, Amount,IsVariable)  values  (4002,2,250,'Y')
Insert into InvestigationFee(InvestigationID, OrgID, Amount,IsVariable)  values  (4003,2,250,'Y')
Insert into InvestigationFee(InvestigationID, OrgID, Amount,IsVariable)  values  (4004,2,250,'Y')
Insert into InvestigationFee(InvestigationID, OrgID, Amount,IsVariable)  values  (4005,2,250,'Y')
Insert into InvestigationFee(InvestigationID, OrgID, Amount,IsVariable)  values  (4006,2,250,'Y')
Insert into InvestigationFee(InvestigationID, OrgID, Amount,IsVariable)  values  (4007,2,250,'Y')
Insert into InvestigationFee(InvestigationID, OrgID, Amount,IsVariable)  values  (4008,2,250,'Y')
Insert into InvestigationFee(InvestigationID, OrgID, Amount,IsVariable)  values  (4009,2,250,'Y')
Insert into InvestigationFee(InvestigationID, OrgID, Amount,IsVariable)  values  (4010,2,250,'Y')
Insert into InvestigationFee(InvestigationID, OrgID, Amount,IsVariable)  values  (4011,2,250,'Y')
Insert into InvestigationFee(InvestigationID, OrgID, Amount,IsVariable)  values  (4012,2,250,'Y')
Insert into InvestigationFee(InvestigationID, OrgID, Amount,IsVariable)  values  (4013,2,250,'Y')
Insert into InvestigationFee(InvestigationID, OrgID, Amount,IsVariable)  values  (4014,2,250,'Y')
Insert into InvestigationFee(InvestigationID, OrgID, Amount,IsVariable)  values  (4015,2,250,'Y')
Insert into InvestigationFee(InvestigationID, OrgID, Amount,IsVariable)  values  (4016,2,250,'Y')
Insert into InvestigationFee(InvestigationID, OrgID, Amount,IsVariable)  values  (4017,2,250,'Y')
Insert into InvestigationFee(InvestigationID, OrgID, Amount,IsVariable)  values  (4018,2,250,'Y')
Insert into InvestigationFee(InvestigationID, OrgID, Amount,IsVariable)  values  (4019,2,250,'Y')
Insert into InvestigationFee(InvestigationID, OrgID, Amount,IsVariable)  values  (4020,2,250,'Y')
Insert into InvestigationFee(InvestigationID, OrgID, Amount,IsVariable)  values  (4021,2,250,'Y')
Insert into InvestigationFee(InvestigationID, OrgID, Amount,IsVariable)  values  (4022,2,250,'Y')
Insert into InvestigationFee(InvestigationID, OrgID, Amount,IsVariable)  values  (4023,2,250,'Y')
Insert into InvestigationFee(InvestigationID, OrgID, Amount,IsVariable)  values  (4024,2,250,'Y')
Insert into InvestigationFee(InvestigationID, OrgID, Amount,IsVariable)  values  (4025,2,250,'Y')
Insert into InvestigationFee(InvestigationID, OrgID, Amount,IsVariable)  values  (4026,2,250,'Y')
Insert into InvestigationFee(InvestigationID, OrgID, Amount,IsVariable)  values  (4027,2,250,'Y')
Insert into InvestigationFee(InvestigationID, OrgID, Amount,IsVariable)  values  (4028,2,250,'Y')
Insert into InvestigationFee(InvestigationID, OrgID, Amount,IsVariable)  values  (4029,2,250,'Y')
Insert into InvestigationFee(InvestigationID, OrgID, Amount,IsVariable)  values  (4030,2,250,'Y')
Insert into InvestigationFee(InvestigationID, OrgID, Amount,IsVariable)  values  (4031,2,250,'Y')
Insert into InvestigationFee(InvestigationID, OrgID, Amount,IsVariable)  values  (4032,2,250,'Y')
Insert into InvestigationFee(InvestigationID, OrgID, Amount,IsVariable)  values  (4033,2,250,'Y')
Insert into InvestigationFee(InvestigationID, OrgID, Amount,IsVariable)  values  (4034,2,250,'Y')
Insert into InvestigationFee(InvestigationID, OrgID, Amount,IsVariable)  values  (4035,2,250,'Y')
Insert into InvestigationFee(InvestigationID, OrgID, Amount,IsVariable)  values  (4036,2,250,'Y')
Insert into InvestigationFee(InvestigationID, OrgID, Amount,IsVariable)  values  (4037,2,250,'Y')
Insert into InvestigationFee(InvestigationID, OrgID, Amount,IsVariable)  values  (4038,2,250,'Y')
Insert into InvestigationFee(InvestigationID, OrgID, Amount,IsVariable)  values  (4039,2,250,'Y')
Insert into InvestigationFee(InvestigationID, OrgID, Amount,IsVariable)  values  (4040,2,250,'Y')
Insert into InvestigationFee(InvestigationID, OrgID, Amount,IsVariable)  values  (4041,2,250,'Y')
Insert into InvestigationFee(InvestigationID, OrgID, Amount,IsVariable)  values  (4042,2,250,'Y')
Insert into InvestigationFee(InvestigationID, OrgID, Amount,IsVariable)  values  (4043,2,250,'Y')
Insert into InvestigationFee(InvestigationID, OrgID, Amount,IsVariable)  values  (4044,2,250,'Y')
Insert into InvestigationFee(InvestigationID, OrgID, Amount,IsVariable)  values  (4045,2,250,'Y')
Insert into InvestigationFee(InvestigationID, OrgID, Amount,IsVariable)  values  (4046,2,250,'Y')
Insert into InvestigationFee(InvestigationID, OrgID, Amount,IsVariable)  values  (4047,2,250,'Y')
Insert into InvestigationFee(InvestigationID, OrgID, Amount,IsVariable)  values  (4048,2,250,'Y')
Insert into InvestigationFee(InvestigationID, OrgID, Amount,IsVariable)  values  (4049,2,250,'Y')
Insert into InvestigationFee(InvestigationID, OrgID, Amount,IsVariable)  values  (4050,2,250,'Y')
Insert into InvestigationFee(InvestigationID, OrgID, Amount,IsVariable)  values  (4051,2,250,'Y')
Insert into InvestigationFee(InvestigationID, OrgID, Amount,IsVariable)  values  (4052,2,250,'Y')
Insert into InvestigationFee(InvestigationID, OrgID, Amount,IsVariable)  values  (4053,2,250,'Y')
Insert into InvestigationFee(InvestigationID, OrgID, Amount,IsVariable)  values  (4054,2,250,'Y')
Insert into InvestigationFee(InvestigationID, OrgID, Amount,IsVariable)  values  (4055,2,250,'Y')
Insert into InvestigationFee(InvestigationID, OrgID, Amount,IsVariable)  values  (4056,2,250,'Y')
Insert into InvestigationFee(InvestigationID, OrgID, Amount,IsVariable)  values  (4057,2,250,'Y')
Insert into InvestigationFee(InvestigationID, OrgID, Amount,IsVariable)  values  (4058,2,250,'Y')
Insert into InvestigationFee(InvestigationID, OrgID, Amount,IsVariable)  values  (4059,2,250,'Y')
Insert into InvestigationFee(InvestigationID, OrgID, Amount,IsVariable)  values  (4060,2,250,'Y')
Insert into InvestigationFee(InvestigationID, OrgID, Amount,IsVariable)  values  (4061,2,250,'Y')
Insert into InvestigationFee(InvestigationID, OrgID, Amount,IsVariable)  values  (4062,2,250,'Y')
Insert into InvestigationFee(InvestigationID, OrgID, Amount,IsVariable)  values  (4063,2,250,'Y')
Insert into InvestigationFee(InvestigationID, OrgID, Amount,IsVariable)  values  (4064,2,250,'Y')
Insert into InvestigationFee(InvestigationID, OrgID, Amount,IsVariable)  values  (4065,2,250,'Y')
Insert into InvestigationFee(InvestigationID, OrgID, Amount,IsVariable)  values  (4066,2,250,'Y')
Insert into InvestigationFee(InvestigationID, OrgID, Amount,IsVariable)  values  (4067,2,250,'Y')
Insert into InvestigationFee(InvestigationID, OrgID, Amount,IsVariable)  values  (4068,2,250,'Y')
Insert into InvestigationFee(InvestigationID, OrgID, Amount,IsVariable)  values  (4069,2,250,'Y')
Insert into InvestigationFee(InvestigationID, OrgID, Amount,IsVariable)  values  (4070,2,250,'Y')
Insert into InvestigationFee(InvestigationID, OrgID, Amount,IsVariable)  values  (4071,2,250,'Y')
Insert into InvestigationFee(InvestigationID, OrgID, Amount,IsVariable)  values  (4072,2,250,'Y')
Insert into InvestigationFee(InvestigationID, OrgID, Amount,IsVariable)  values  (4073,2,250,'Y')
Insert into InvestigationFee(InvestigationID, OrgID, Amount,IsVariable)  values  (4074,2,250,'Y')
Insert into InvestigationFee(InvestigationID, OrgID, Amount,IsVariable)  values  (4075,2,250,'Y')
Insert into InvestigationFee(InvestigationID, OrgID, Amount,IsVariable)  values  (4076,2,250,'Y')
Insert into InvestigationFee(InvestigationID, OrgID, Amount,IsVariable)  values  (4082,2,250,'Y')
Insert into InvestigationFee(InvestigationID, OrgID, Amount,IsVariable)  values  (4083,2,250,'Y')
Insert into InvestigationFee(InvestigationID, OrgID, Amount,IsVariable)  values  (4084,2,250,'Y')
Insert into InvestigationFee(InvestigationID, OrgID, Amount,IsVariable)  values  (4085,2,250,'Y')
Insert into InvestigationFee(InvestigationID, OrgID, Amount,IsVariable)  values  (4086,2,250,'Y')
Insert into InvestigationFee(InvestigationID, OrgID, Amount,IsVariable)  values  (4087,2,250,'Y')
Insert into InvestigationFee(InvestigationID, OrgID, Amount,IsVariable)  values  (4088,2,250,'Y')
Insert into InvestigationFee(InvestigationID, OrgID, Amount,IsVariable)  values  (4089,2,250,'Y')
Insert into InvestigationFee(InvestigationID, OrgID, Amount,IsVariable)  values  (4090,2,250,'Y')
Insert into InvestigationFee(InvestigationID, OrgID, Amount,IsVariable)  values  (4091,2,250,'Y')
Insert into InvestigationFee(InvestigationID, OrgID, Amount,IsVariable)  values  (4092,2,250,'Y')
Insert into InvestigationFee(InvestigationID, OrgID, Amount,IsVariable)  values  (4093,2,250,'Y')
Insert into InvestigationFee(InvestigationID, OrgID, Amount,IsVariable)  values  (4096,2,250,'Y')
Insert into InvestigationFee(InvestigationID, OrgID, Amount,IsVariable)  values  (4097,2,250,'Y')
Insert into InvestigationFee(InvestigationID, OrgID, Amount,IsVariable)  values  (4098,2,250,'Y')
Insert into InvestigationFee(InvestigationID, OrgID, Amount,IsVariable)  values  (4099,2,250,'Y')
Insert into InvestigationFee(InvestigationID, OrgID, Amount,IsVariable)  values  (4100,2,250,'Y')
Insert into InvestigationFee(InvestigationID, OrgID, Amount,IsVariable)  values  (4101,2,250,'Y')
Insert into InvestigationFee(InvestigationID, OrgID, Amount,IsVariable)  values  (4102,2,250,'Y')
Insert into InvestigationFee(InvestigationID, OrgID, Amount,IsVariable)  values  (4103,2,250,'Y')
Insert into InvestigationFee(InvestigationID, OrgID, Amount,IsVariable)  values  (4104,2,250,'Y')
Insert into InvestigationFee(InvestigationID, OrgID, Amount,IsVariable)  values  (4105,2,250,'Y')
Insert into InvestigationFee(InvestigationID, OrgID, Amount,IsVariable)  values  (4106,2,250,'Y')
Insert into InvestigationFee(InvestigationID, OrgID, Amount,IsVariable)  values  (4107,2,250,'Y')
Insert into InvestigationFee(InvestigationID, OrgID, Amount,IsVariable)  values  (4108,2,250,'Y')
Insert into InvestigationFee(InvestigationID, OrgID, Amount,IsVariable)  values  (4109,2,250,'Y')
Insert into InvestigationFee(InvestigationID, OrgID, Amount,IsVariable)  values  (4110,2,250,'Y')
Insert into InvestigationFee(InvestigationID, OrgID, Amount,IsVariable)  values  (4111,2,250,'Y')
Insert into InvestigationFee(InvestigationID, OrgID, Amount,IsVariable)  values  (4112,2,250,'Y')
Insert into InvestigationFee(InvestigationID, OrgID, Amount,IsVariable)  values  (4113,2,250,'Y')
Insert into InvestigationFee(InvestigationID, OrgID, Amount,IsVariable)  values  (4114,2,250,'Y')
Insert into InvestigationFee(InvestigationID, OrgID, Amount,IsVariable)  values  (4115,2,250,'Y')
Insert into InvestigationFee(InvestigationID, OrgID, Amount,IsVariable)  values  (4116,2,250,'Y')
Insert into InvestigationFee(InvestigationID, OrgID, Amount,IsVariable)  values  (4117,2,250,'Y')
Insert into InvestigationFee(InvestigationID, OrgID, Amount,IsVariable)  values  (4118,2,250,'Y')
Insert into InvestigationFee(InvestigationID, OrgID, Amount,IsVariable)  values  (4119,2,250,'Y')
Insert into InvestigationFee(InvestigationID, OrgID, Amount,IsVariable)  values  (4120,2,250,'Y')
Insert into InvestigationFee(InvestigationID, OrgID, Amount,IsVariable)  values  (4121,2,250,'Y')
Insert into InvestigationFee(InvestigationID, OrgID, Amount,IsVariable)  values  (4122,2,250,'Y')
Insert into InvestigationFee(InvestigationID, OrgID, Amount,IsVariable)  values  (4123,2,250,'Y')
Insert into InvestigationFee(InvestigationID, OrgID, Amount,IsVariable)  values  (4124,2,250,'Y')
Insert into InvestigationFee(InvestigationID, OrgID, Amount,IsVariable)  values  (4127,2,250,'Y')
Insert into InvestigationFee(InvestigationID, OrgID, Amount,IsVariable)  values  (4128,2,250,'Y')
Insert into InvestigationFee(InvestigationID, OrgID, Amount,IsVariable)  values  (4129,2,250,'Y')
Insert into InvestigationFee(InvestigationID, OrgID, Amount,IsVariable)  values  (4130,2,250,'Y')
Insert into InvestigationFee(InvestigationID, OrgID, Amount,IsVariable)  values  (4131,2,250,'Y')
Insert into InvestigationFee(InvestigationID, OrgID, Amount,IsVariable)  values  (4132,2,250,'Y')
Insert into InvestigationFee(InvestigationID, OrgID, Amount,IsVariable)  values  (4133,2,250,'Y')
Insert into InvestigationFee(InvestigationID, OrgID, Amount,IsVariable)  values  (4134,2,250,'Y')
Insert into InvestigationFee(InvestigationID, OrgID, Amount,IsVariable)  values  (4135,2,250,'Y')
Insert into InvestigationFee(InvestigationID, OrgID, Amount,IsVariable)  values  (4136,2,250,'Y')
Insert into InvestigationFee(InvestigationID, OrgID, Amount,IsVariable)  values  (4137,2,250,'Y')
Insert into InvestigationFee(InvestigationID, OrgID, Amount,IsVariable)  values  (4138,2,250,'Y')
Insert into InvestigationFee(InvestigationID, OrgID, Amount,IsVariable)  values  (4139,2,250,'Y')
Insert into InvestigationFee(InvestigationID, OrgID, Amount,IsVariable)  values  (4140,2,250,'Y')
Insert into InvestigationFee(InvestigationID, OrgID, Amount,IsVariable)  values  (4141,2,250,'Y')
Insert into InvestigationFee(InvestigationID, OrgID, Amount,IsVariable)  values  (4081,2,250,'Y')


/* OrganizationSpeciality  */

Insert into OrganizationSpeciality(OrgID,SpecialityID,Amount)   values(2,1,  0)
Insert into OrganizationSpeciality(OrgID,SpecialityID,Amount)   values(2,2,  0)
Insert into OrganizationSpeciality(OrgID,SpecialityID,Amount)   values(2,3,  0)
Insert into OrganizationSpeciality(OrgID,SpecialityID,Amount)   values(2,4,  0)
Insert into OrganizationSpeciality(OrgID,SpecialityID,Amount)   values(2,5,  0)
Insert into OrganizationSpeciality(OrgID,SpecialityID,Amount)   values(2,16,  0)


/*  TaskEscalation  */

Insert into TaskEscalation(TaskActionID,EscalateToUserID,EscalateToRoleID,  OrgID,AllowedElaspsedTime) values(6,9,14,2,2)
Insert into TaskEscalation(TaskActionID,EscalateToUserID,EscalateToRoleID,  OrgID,AllowedElaspsedTime) values(7,9,14,2,2)
Insert into TaskEscalation(TaskActionID,EscalateToUserID,EscalateToRoleID,  OrgID,AllowedElaspsedTime) values(8,9,14,2,2)
Insert into TaskEscalation(TaskActionID,EscalateToUserID,EscalateToRoleID,  OrgID,AllowedElaspsedTime) values(9,9,14,2,2)
Insert into TaskEscalation(TaskActionID,EscalateToUserID,EscalateToRoleID,  OrgID,AllowedElaspsedTime) values(10,9,14,2,2)
Insert into TaskEscalation(TaskActionID,EscalateToUserID,EscalateToRoleID,  OrgID,AllowedElaspsedTime) values(11,9,14,2,2)
Insert into TaskEscalation(TaskActionID,EscalateToUserID,EscalateToRoleID,  OrgID,AllowedElaspsedTime) values(13,9,14,2,2)
Insert into TaskEscalation(TaskActionID,EscalateToUserID,EscalateToRoleID,  OrgID,AllowedElaspsedTime) values(14,9,14,2,2)
Insert into TaskEscalation(TaskActionID,EscalateToUserID,EscalateToRoleID,  OrgID,AllowedElaspsedTime) values(15,9,14,2,2)
Insert into TaskEscalation(TaskActionID,EscalateToUserID,EscalateToRoleID,  OrgID,AllowedElaspsedTime) values(16,9,14,2,2)
Insert into TaskEscalation(TaskActionID,EscalateToUserID,EscalateToRoleID,  OrgID,AllowedElaspsedTime) values(17,9,14,2,2)
Insert into TaskEscalation(TaskActionID,EscalateToUserID,EscalateToRoleID,  OrgID,AllowedElaspsedTime) values(18,9,14,2,2)
Insert into TaskEscalation(TaskActionID,EscalateToUserID,EscalateToRoleID,  OrgID,AllowedElaspsedTime) values(19,9,14,2,2)
Insert into TaskEscalation(TaskActionID,EscalateToUserID,EscalateToRoleID,  OrgID,AllowedElaspsedTime) values(20,9,14,2,2)

/*  TaskActionOrgMapping  */

Insert into TaskActionOrgMapping(TaskActionID,RoleID,OrgID)  values(1,10,2)
Insert into TaskActionOrgMapping(TaskActionID,RoleID,OrgID)  values(2,13,2)
Insert into TaskActionOrgMapping(TaskActionID,RoleID,OrgID)  values(3,10,2)
Insert into TaskActionOrgMapping(TaskActionID,RoleID,OrgID)  values(4,10,2)
Insert into TaskActionOrgMapping(TaskActionID,RoleID,OrgID)  values(5,16,2)
Insert into TaskActionOrgMapping(TaskActionID,RoleID,OrgID)  values(6,16,2)
Insert into TaskActionOrgMapping(TaskActionID,RoleID,OrgID)  values(7,16,2)
Insert into TaskActionOrgMapping(TaskActionID,RoleID,OrgID)  values(8,16,2)
Insert into TaskActionOrgMapping(TaskActionID,RoleID,OrgID)  values(9,13,2)
Insert into TaskActionOrgMapping(TaskActionID,RoleID,OrgID)  values(10,11,2)
Insert into TaskActionOrgMapping(TaskActionID,RoleID,OrgID)  values(11,9,2)
Insert into TaskActionOrgMapping(TaskActionID,RoleID,OrgID)  values(12,9,2)
Insert into TaskActionOrgMapping(TaskActionID,RoleID,OrgID)  values(13,13,2)
Insert into TaskActionOrgMapping(TaskActionID,RoleID,OrgID)  values(14,13,2)
Insert into TaskActionOrgMapping(TaskActionID,RoleID,OrgID)  values(15,13,2)
---Insert into TaskActionOrgMapping(TaskActionID,RoleID,OrgID)  values(16,11,2)
Insert into TaskActionOrgMapping(TaskActionID,RoleID,OrgID)  values(17,13,2)
Insert into TaskActionOrgMapping(TaskActionID,RoleID,OrgID)  values(18,13,2)
Insert into TaskActionOrgMapping(TaskActionID,RoleID,OrgID)  values(19,13,2)
Insert into TaskActionOrgMapping(TaskActionID,RoleID,OrgID)  values(20,13,2)
Insert into TaskActionOrgMapping(TaskActionID,RoleID,OrgID)  Values(16,17,  2)
Insert into TaskActionOrgMapping(TaskActionID,RoleID,OrgID)  Values(27,18,  2)
Insert into TaskActionOrgMapping(TaskActionID,RoleID,OrgID)  Values(28,19,  2)
Insert into TaskActionOrgMapping(TaskActionID,RoleID,OrgID)  Values(29,20,  2)
Insert into TaskActionOrgMapping(TaskActionID,RoleID,OrgID)  Values(23,17,  2)
Insert into TaskActionOrgMapping(TaskActionID,RoleID,OrgID)  Values(24,18,  2)
Insert into TaskActionOrgMapping(TaskActionID,RoleID,OrgID)  Values(25,19,  2)
Insert into TaskActionOrgMapping(TaskActionID,RoleID,OrgID)  Values(26,20,  2)
Insert into TaskActionOrgMapping(TaskActionID,RoleID,OrgID)  Values(22,11,  2)

Insert into TaskActionOrgMapping(TaskActionID,RoleID,OrgID)  Values(23,21,  2)
Insert into TaskActionOrgMapping(TaskActionID,RoleID,OrgID)  Values(16,21,  2)

--Insert into TaskActionOrgMapping(TaskActionID,RoleID,OrgID)  Values(21,13,2)
--Insert into TaskActionOrgMapping(TaskActionID,RoleID,OrgID)  Values(21,14,2)
Insert into TaskActionOrgMapping(TaskActionID,RoleID,OrgID)  Values(35,10,  2)

/*   VisitPurposeOrgMapping  */

Insert into VisitPurposeOrgMapping(VisitPurposeID,OrgID)  values(1,2)
Insert into VisitPurposeOrgMapping(VisitPurposeID,OrgID)  values(3,2)
Insert into VisitPurposeOrgMapping(VisitPurposeID,OrgID)  values(7,2)
Insert into VisitPurposeOrgMapping(VisitPurposeID,OrgID)  values(9,2)
Insert into VisitPurposeOrgMapping(VisitPurposeID,OrgID)  values(11,2)


/* invdeptmaster  */

insert into invdeptmaster  (Deptid,deptname,orgid)  values(2,'Hematology',2)

insert into invdeptmaster  (Deptid,deptname,orgid)  values(3,'BioChemistry',2)

insert into invdeptmaster  (Deptid,deptname,orgid)  values(4,'MicroBiology',2)
insert into invdeptmaster  (Deptid,deptname,orgid)  values(5,'Clinical Pathology',2)

insert into invdeptmaster  (Deptid,deptname,orgid)  values(6,'HistoPathology',2)


/*	RoleDeptMap	*/
Insert into RoleDeptMap(RoleID,DeptID)  values(17,2)
Insert into RoleDeptMap(RoleID,DeptID)  values(18,3)
Insert into RoleDeptMap(RoleID,DeptID)  values(19,4)
Insert into RoleDeptMap(RoleID,DeptID)  values(20,5)
Insert into RoleDeptMap(RoleID,DeptID)  values(21,6)


/*	investigationstatus	*/

insert into investigationstatus(orgid,status)  values(2,'Pending')
insert into investigationstatus(orgid,status)  values(2,'Completed')
insert into investigationstatus(orgid,status)  values(2,'Rejected')


/*	InvestigationOrgSampleStatus	*/

INSERT INTO InvestigationOrgSampleStatus (OrgID, SampleStatus, SeqNo) values  (2, 'Paid', 1)
INSERT INTO InvestigationOrgSampleStatus (OrgID, SampleStatus, SeqNo) values  (2, 'SampleCollected', 2)
INSERT INTO InvestigationOrgSampleStatus (OrgID, SampleStatus, SeqNo) values  (2, 'SampleReceived', 3)


/* InvGroupMaster */

--insert  into InvGroupMaster(GroupID,GroupName,Type,parentID,OrgID) values (351,'Renal function test','GRP',NULL,2)
--insert  into InvGroupMaster(GroupID,GroupName,Type,parentID,OrgID) values (352,'Liver function test','GRP',NULL,2)
--insert  into InvGroupMaster(GroupID,GroupName,Type,parentID,OrgID) values (353,'Serum Electrolytes','GRP',NULL,2)
--insert  into InvGroupMaster(GroupID,GroupName,Type,parentID,OrgID) values (354,'ToRCH Panel','GRP',NULL,2)
--insert  into InvGroupMaster(GroupID,GroupName,Type,parentID,OrgID) values (355,'Complete Blood Count','GRP',NULL,2)
--insert  into InvGroupMaster(GroupID,GroupName,Type,parentID,OrgID) values (356,'Coagulation Profile','GRP',NULL,2)
--insert  into InvGroupMaster(GroupID,GroupName,Type,parentID,OrgID) values (357,'Cardiac enzymes','GRP',NULL,2)
--insert  into InvGroupMaster(GroupID,GroupName,Type,parentID,OrgID) values (358,'Differential Leukocyte Count','GRP',5,2)
--insert  into InvGroupMaster(GroupID,GroupName,Type,parentID,OrgID) values (359,'Thyroid function test','GRP',NULL,2)
--insert  into InvGroupMaster(GroupID,GroupName,Type,parentID,OrgID) values (360,'Lipid profile','GRP',NULL,2)
--insert  into InvGroupMaster(GroupID,GroupName,Type,parentID,OrgID) values (361,'Serology','GRP',NULL,2)
--insert  into InvGroupMaster(GroupID,GroupName,Type,parentID,OrgID) values (362,'HIV','GRP',11,2)
--insert  into InvGroupMaster(GroupID,GroupName,Type,parentID,OrgID) values (363,'Hepatitis Virus','GRP',11,2)
--insert  into InvGroupMaster(GroupID,GroupName,Type,parentID,OrgID) values (364,'Tumor Markers','GRP',NULL,2)
--insert  into InvGroupMaster(GroupID,GroupName,Type,parentID,OrgID) values (365,'Urine analysis - Routine','GRP',NULL,2)
--insert  into InvGroupMaster(GroupID,GroupName,Type,parentID,OrgID) values (366,'Urine analysis - Microscopy','GRP',NULL,2)
--insert  into InvGroupMaster(GroupID,GroupName,Type,parentID,OrgID) values (367,'24-h Urine analysis','GRP',NULL,2)
--insert  into InvGroupMaster(GroupID,GroupName,Type,parentID,OrgID) values (368,'Spot Urine analysis','GRP',NULL,2)
--insert  into InvGroupMaster(GroupID,GroupName,Type,parentID,OrgID) values (369,'Stool analysis - Routine','GRP',NULL,2)
--insert  into InvGroupMaster(GroupID,GroupName,Type,parentID,OrgID) values (370,'Semen analysis','GRP',NULL,2)
--insert  into InvGroupMaster(GroupID,GroupName,Type,parentID,OrgID) values (371,'Ascitic fluid analysis ','GRP',8,2)
--insert  into InvGroupMaster(GroupID,GroupName,Type,parentID,OrgID) values (372,'Chemistry','GRP',NULL,2)
--insert  into InvGroupMaster(GroupID,GroupName,Type,parentID,OrgID) values (373,'Macroscopic Semen analysis','GRP',20,2)
--insert  into InvGroupMaster(GroupID,GroupName,Type,parentID,OrgID) values (374,'Microscopic Semen analysis','GRP',20,2)
--insert  into InvGroupMaster(GroupID,GroupName,Type,parentID,OrgID) values (375,'RBC','GRP',5,2)
--insert  into InvGroupMaster(GroupID,GroupName,Type,parentID,OrgID) values (376,'Platelets ','GRP',NULL,2)
--insert  into InvGroupMaster(GroupID,GroupName,Type,parentID,OrgID) values (377,'Motility','GRP',24,2)
--insert  into InvGroupMaster(GroupID,GroupName,Type,parentID,OrgID) values (378,'Peripheral Smear','GRP',NULL,2)



/* InvGroupMapMaster */

INSERT into InvGroupMapMaster(GROUPID,InvestigationID)values(351,3018)
INSERT into InvGroupMapMaster(GROUPID,InvestigationID)values(351,3019)
INSERT into InvGroupMapMaster(GROUPID,InvestigationID)values(352,3032)
INSERT into InvGroupMapMaster(GROUPID,InvestigationID)values(352,3033)
INSERT into InvGroupMapMaster(GROUPID,InvestigationID)values(352,3034)
INSERT into InvGroupMapMaster(GROUPID,InvestigationID)values(352,3040)
INSERT into InvGroupMapMaster(GROUPID,InvestigationID)values(352,3041)
INSERT into InvGroupMapMaster(GROUPID,InvestigationID)values(352,3035)
INSERT into InvGroupMapMaster(GROUPID,InvestigationID)values(352,3037)
INSERT into InvGroupMapMaster(GROUPID,InvestigationID)values(352,3038)
INSERT into InvGroupMapMaster(GROUPID,InvestigationID)values(352,3042)
INSERT into InvGroupMapMaster(GROUPID,InvestigationID)values(352,3043)
INSERT into InvGroupMapMaster(GROUPID,InvestigationID)values(352,3051)
INSERT into InvGroupMapMaster(GROUPID,InvestigationID)values(353,3003)
INSERT into InvGroupMapMaster(GROUPID,InvestigationID)values(353,3004)
INSERT into InvGroupMapMaster(GROUPID,InvestigationID)values(353,3005)
INSERT into InvGroupMapMaster(GROUPID,InvestigationID)values(353,3006)
INSERT into InvGroupMapMaster(GROUPID,InvestigationID)values(353,3007)
INSERT into InvGroupMapMaster(GROUPID,InvestigationID)values(353,3008)
INSERT into InvGroupMapMaster(GROUPID,InvestigationID)values(353,3009)
INSERT into InvGroupMapMaster(GROUPID,InvestigationID)values(354,1004)
INSERT into InvGroupMapMaster(GROUPID,InvestigationID)values(354,1005)
INSERT into InvGroupMapMaster(GROUPID,InvestigationID)values(354,1006)
INSERT into InvGroupMapMaster(GROUPID,InvestigationID)values(354,1007)
INSERT into InvGroupMapMaster(GROUPID,InvestigationID)values(354,1008)
INSERT into InvGroupMapMaster(GROUPID,InvestigationID)values(354,1009)
INSERT into InvGroupMapMaster(GROUPID,InvestigationID)values(354,1010)
INSERT into InvGroupMapMaster(GROUPID,InvestigationID)values(354,1011)
INSERT into InvGroupMapMaster(GROUPID,InvestigationID)values(355,2002)
INSERT into InvGroupMapMaster(GROUPID,InvestigationID)values(355,2014)
INSERT into InvGroupMapMaster(GROUPID,InvestigationID)values(375,2018)
INSERT into InvGroupMapMaster(GROUPID,InvestigationID)values(375,2019)
INSERT into InvGroupMapMaster(GROUPID,InvestigationID)values(355,2012)
--INSERT into InvGroupMapMaster(GROUPID,InvestigationID)values(355,2015)
INSERT into InvGroupMapMaster(GROUPID,InvestigationID)values(355,2003)
INSERT into InvGroupMapMaster(GROUPID,InvestigationID)values(355,2013)
INSERT into InvGroupMapMaster(GROUPID,InvestigationID)values(355,2058)
INSERT into InvGroupMapMaster(GROUPID,InvestigationID)values(358,2005)
INSERT into InvGroupMapMaster(GROUPID,InvestigationID)values(358,2006)
INSERT into InvGroupMapMaster(GROUPID,InvestigationID)values(358,2007)
INSERT into InvGroupMapMaster(GROUPID,InvestigationID)values(358,2008)
INSERT into InvGroupMapMaster(GROUPID,InvestigationID)values(358,2009)
INSERT into InvGroupMapMaster(GROUPID,InvestigationID)values(358,2010)
INSERT into InvGroupMapMaster(GROUPID,InvestigationID)values(355,2033)
INSERT into InvGroupMapMaster(GROUPID,InvestigationID)values(355,2034)
INSERT into InvGroupMapMaster(GROUPID,InvestigationID)values(355,2035)
INSERT into InvGroupMapMaster(GROUPID,InvestigationID)values(356,2043)
INSERT into InvGroupMapMaster(GROUPID,InvestigationID)values(356,2045)
INSERT into InvGroupMapMaster(GROUPID,InvestigationID)values(356,2047)
INSERT into InvGroupMapMaster(GROUPID,InvestigationID)values(356,2054)
INSERT into InvGroupMapMaster(GROUPID,InvestigationID)values(356,2053)
INSERT into InvGroupMapMaster(GROUPID,InvestigationID)values(356,2051)
INSERT into InvGroupMapMaster(GROUPID,InvestigationID)values(357,3046)
INSERT into InvGroupMapMaster(GROUPID,InvestigationID)values(357,3047)
INSERT into InvGroupMapMaster(GROUPID,InvestigationID)values(357,3048)
INSERT into InvGroupMapMaster(GROUPID,InvestigationID)values(357,3049)
INSERT into InvGroupMapMaster(GROUPID,InvestigationID)values(357,3050)
INSERT into InvGroupMapMaster(GROUPID,InvestigationID)values(357,3051)
INSERT into InvGroupMapMaster(GROUPID,InvestigationID)values(359,3079)
INSERT into InvGroupMapMaster(GROUPID,InvestigationID)values(359,3083)
INSERT into InvGroupMapMaster(GROUPID,InvestigationID)values(359,3084)
INSERT into InvGroupMapMaster(GROUPID,InvestigationID)values(359,3081)
INSERT into InvGroupMapMaster(GROUPID,InvestigationID)values(359,3080)
INSERT into InvGroupMapMaster(GROUPID,InvestigationID)values(359,3082)
INSERT into InvGroupMapMaster(GROUPID,InvestigationID)values(360,3053)
INSERT into InvGroupMapMaster(GROUPID,InvestigationID)values(360,3054)
INSERT into InvGroupMapMaster(GROUPID,InvestigationID)values(360,3055)
INSERT into InvGroupMapMaster(GROUPID,InvestigationID)values(360,3056)
INSERT into InvGroupMapMaster(GROUPID,InvestigationID)values(360,3057)
INSERT into InvGroupMapMaster(GROUPID,InvestigationID)values(362,4084)
INSERT into InvGroupMapMaster(GROUPID,InvestigationID)values(362,4085)
INSERT into InvGroupMapMaster(GROUPID,InvestigationID)values(363,4013)
INSERT into InvGroupMapMaster(GROUPID,InvestigationID)values(363,4127)
INSERT into InvGroupMapMaster(GROUPID,InvestigationID)values(363,4129)
INSERT into InvGroupMapMaster(GROUPID,InvestigationID)values(361,4089)
INSERT into InvGroupMapMaster(GROUPID,InvestigationID)values(364,3072)
INSERT into InvGroupMapMaster(GROUPID,InvestigationID)values(364,3073)
INSERT into InvGroupMapMaster(GROUPID,InvestigationID)values(364,3074)
INSERT into InvGroupMapMaster(GROUPID,InvestigationID)values(364,3075)
INSERT into InvGroupMapMaster(GROUPID,InvestigationID)values(364,3124)
INSERT into InvGroupMapMaster(GROUPID,InvestigationID)values(365,4003)
INSERT into InvGroupMapMaster(GROUPID,InvestigationID)values(365,4004)
INSERT into InvGroupMapMaster(GROUPID,InvestigationID)values(365,4005)
INSERT into InvGroupMapMaster(GROUPID,InvestigationID)values(365,4010)
INSERT into InvGroupMapMaster(GROUPID,InvestigationID)values(365,4011)
INSERT into InvGroupMapMaster(GROUPID,InvestigationID)values(365,4014)
INSERT into InvGroupMapMaster(GROUPID,InvestigationID)values(365,4016)
INSERT into InvGroupMapMaster(GROUPID,InvestigationID)values(365,4017)
INSERT into InvGroupMapMaster(GROUPID,InvestigationID)values(365,4018)
INSERT into InvGroupMapMaster(GROUPID,InvestigationID)values(365,4019)
INSERT into InvGroupMapMaster(GROUPID,InvestigationID)values(366,4030)
INSERT into InvGroupMapMaster(GROUPID,InvestigationID)values(366,4031)
INSERT into InvGroupMapMaster(GROUPID,InvestigationID)values(366,4028)
INSERT into InvGroupMapMaster(GROUPID,InvestigationID)values(366,4029)
INSERT into InvGroupMapMaster(GROUPID,InvestigationID)values(366,4027)
INSERT into InvGroupMapMaster(GROUPID,InvestigationID)values(366,4026)
INSERT into InvGroupMapMaster(GROUPID,InvestigationID)values(366,4011)
INSERT into InvGroupMapMaster(GROUPID,InvestigationID)values(367,4037)
INSERT into InvGroupMapMaster(GROUPID,InvestigationID)values(367,4038)
INSERT into InvGroupMapMaster(GROUPID,InvestigationID)values(367,4039)
INSERT into InvGroupMapMaster(GROUPID,InvestigationID)values(367,4040)
INSERT into InvGroupMapMaster(GROUPID,InvestigationID)values(367,4015)
INSERT into InvGroupMapMaster(GROUPID,InvestigationID)values(368,4020)
INSERT into InvGroupMapMaster(GROUPID,InvestigationID)values(368,4021)
INSERT into InvGroupMapMaster(GROUPID,InvestigationID)values(368,4022)
INSERT into InvGroupMapMaster(GROUPID,InvestigationID)values(368,4023)
INSERT into InvGroupMapMaster(GROUPID,InvestigationID)values(369,3128)
INSERT into InvGroupMapMaster(GROUPID,InvestigationID)values(369,3129)
INSERT into InvGroupMapMaster(GROUPID,InvestigationID)values(369,3130)
INSERT into InvGroupMapMaster(GROUPID,InvestigationID)values(369,3132)
INSERT into InvGroupMapMaster(GROUPID,InvestigationID)values(369,3133)
INSERT into InvGroupMapMaster(GROUPID,InvestigationID)values(369,3135)
INSERT into InvGroupMapMaster(GROUPID,InvestigationID)values(369,3134)
INSERT into InvGroupMapMaster(GROUPID,InvestigationID)values(369,3137)
INSERT into InvGroupMapMaster(GROUPID,InvestigationID)values(369,3131)
INSERT into InvGroupMapMaster(GROUPID,InvestigationID)values(371,4046)
INSERT into InvGroupMapMaster(GROUPID,InvestigationID)values(371,4051)
INSERT into InvGroupMapMaster(GROUPID,InvestigationID)values(371,4052)
INSERT into InvGroupMapMaster(GROUPID,InvestigationID)values(371,4053)
INSERT into InvGroupMapMaster(GROUPID,InvestigationID)values(371,4057)
INSERT into InvGroupMapMaster(GROUPID,InvestigationID)values(371,4058)
INSERT into InvGroupMapMaster(GROUPID,InvestigationID)values(371,4060)
INSERT into InvGroupMapMaster(GROUPID,InvestigationID)values(371,4061)
INSERT into InvGroupMapMaster(GROUPID,InvestigationID)values(371,4062)
INSERT into InvGroupMapMaster(GROUPID,InvestigationID)values(371,4063)
INSERT into InvGroupMapMaster(GROUPID,InvestigationID)values(371,4064)
INSERT into InvGroupMapMaster(GROUPID,InvestigationID)values(371,4065)
INSERT into InvGroupMapMaster(GROUPID,InvestigationID)values(373,4104)
INSERT into InvGroupMapMaster(GROUPID,InvestigationID)values(373,4105)
INSERT into InvGroupMapMaster(GROUPID,InvestigationID)values(3723,4106)
INSERT into InvGroupMapMaster(GROUPID,InvestigationID)values(373,4107)
INSERT into InvGroupMapMaster(GROUPID,InvestigationID)values(373,4108)
INSERT into InvGroupMapMaster(GROUPID,InvestigationID)values(377,4112)
INSERT into InvGroupMapMaster(GROUPID,InvestigationID)values(377,4113)
INSERT into InvGroupMapMaster(GROUPID,InvestigationID)values(377,4114)
INSERT into InvGroupMapMaster(GROUPID,InvestigationID)values(377,4115)
INSERT into InvGroupMapMaster(GROUPID,InvestigationID)values(374,NULL)
INSERT into InvGroupMapMaster(GROUPID,InvestigationID)values(375,2020)
INSERT into InvGroupMapMaster(GROUPID,InvestigationID)values(375,2021)
INSERT into InvGroupMapMaster(GROUPID,InvestigationID)values(375,2022)
INSERT into InvGroupMapMaster(GROUPID,InvestigationID)values(355,2005)
INSERT into InvGroupMapMaster(GROUPID,InvestigationID)values(355,2006)
INSERT into InvGroupMapMaster(GROUPID,InvestigationID)values(355,2007)
INSERT into InvGroupMapMaster(GROUPID,InvestigationID)values(355,2008)
INSERT into InvGroupMapMaster(GROUPID,InvestigationID)values(355,2009)
INSERT into InvGroupMapMaster(GROUPID,InvestigationID)values(355,2010)
INSERT into InvGroupMapMaster(GROUPID,InvestigationID)values(355,2032)
INSERT into InvGroupMapMaster(GROUPID,InvestigationID)values(358,2011)
INSERT into InvGroupMapMaster(GROUPID,InvestigationID)values(358,2012)
INSERT into InvGroupMapMaster(GROUPID,InvestigationID)values(378,2018)
INSERT into InvGroupMapMaster(GROUPID,InvestigationID)values(378,2019)
INSERT into InvGroupMapMaster(GROUPID,InvestigationID)values(378,2024)
INSERT into InvGroupMapMaster(GROUPID,InvestigationID)values(378,2025)
INSERT into InvGroupMapMaster(GROUPID,InvestigationID)values(378,2026)
INSERT into InvGroupMapMaster(GROUPID,InvestigationID)values(378,2028)
INSERT into InvGroupMapMaster(GROUPID,InvestigationID)values(378,2029)
INSERT into InvGroupMapMaster(GROUPID,InvestigationID)values(378,2030)
INSERT into InvGroupMapMaster(GROUPID,InvestigationID)values(356,2015)
INSERT into InvGroupMapMaster(GROUPID,InvestigationID)values(356,2048)
INSERT into InvGroupMapMaster(GROUPID,InvestigationID)values(369,3136)
INSERT into InvGroupMapMaster(GROUPID,InvestigationID)values(361,4093)
INSERT into InvGroupMapMaster(GROUPID,InvestigationID)values(361,4092)
INSERT into InvGroupMapMaster(GROUPID,InvestigationID)values(361,4091)
INSERT into InvGroupMapMaster(GROUPID,InvestigationID)values(361,4090)
INSERT into InvGroupMapMaster(GROUPID,InvestigationID)values(361,4088)
INSERT into InvGroupMapMaster(GROUPID,InvestigationID)values(361,4087)
INSERT into InvGroupMapMaster(GROUPID,InvestigationID)values(365,4015)
INSERT into InvGroupMapMaster(GROUPID,InvestigationID)values(365,4021)
INSERT into InvGroupMapMaster(GROUPID,InvestigationID)values(365,4022)
INSERT into InvGroupMapMaster(GROUPID,InvestigationID)values(365,4023)
INSERT into InvGroupMapMaster(GROUPID,InvestigationID)values(365,4024)
INSERT into InvGroupMapMaster(GROUPID,InvestigationID)values(365,4007)
INSERT into InvGroupMapMaster(GROUPID,InvestigationID)values(365,4008)
INSERT into InvGroupMapMaster(GROUPID,InvestigationID)values(365,4150)
INSERT into InvGroupMapMaster(GROUPID,InvestigationID)values(365,4151)
INSERT into InvGroupMapMaster(GROUPID,InvestigationID)values(365,4152)
INSERT into InvGroupMapMaster(GROUPID,InvestigationID)values(365,4153)
INSERT into InvGroupMapMaster(GROUPID,InvestigationID)values(365,4155)
INSERT into InvGroupMapMaster(GROUPID,InvestigationID)values(365,4156)
INSERT into InvGroupMapMaster(GROUPID,InvestigationID)values(365,4154)
INSERT into InvGroupMapMaster(GROUPID,InvestigationID)values(367,4035)
INSERT into InvGroupMapMaster(GROUPID,InvestigationID)values(367,4036)
INSERT into InvGroupMapMaster(GROUPID,InvestigationID)values(367,4041)
INSERT into InvGroupMapMaster(GROUPID,InvestigationID)values(367,4042)
INSERT into InvGroupMapMaster(GROUPID,InvestigationID)values(367,4043)
INSERT into InvGroupMapMaster(GROUPID,InvestigationID)values(367,4044)
INSERT into InvGroupMapMaster(GROUPID,InvestigationID)values(370,4110)
INSERT into InvGroupMapMaster(GROUPID,InvestigationID)values(370,4116)
INSERT into InvGroupMapMaster(GROUPID,InvestigationID)values(370,4118)
INSERT into InvGroupMapMaster(GROUPID,InvestigationID)values(370,4119)
INSERT into InvGroupMapMaster(GROUPID,InvestigationID)values(370,4120)
INSERT into InvGroupMapMaster(GROUPID,InvestigationID)values(379,4720)
INSERT into InvGroupMapMaster(GROUPID,InvestigationID)values(379,4721)
INSERT into InvGroupMapMaster(GROUPID,InvestigationID)values(379,4722)
INSERT into InvGroupMapMaster(GROUPID,InvestigationID)values(379,4723)
INSERT into InvGroupMapMaster(GROUPID,InvestigationID)values(379,4724)
GO

/*	ComplaintGroupOrgMapping	*/
INSERT INTO ComplaintGroupOrgMapping(CompiantInvID,INVGroupID,OrgID) VALUES (1, 351, 2)
INSERT INTO ComplaintGroupOrgMapping(CompiantInvID,INVGroupID,OrgID) VALUES (2, 352, 2)
INSERT INTO ComplaintGroupOrgMapping(CompiantInvID,INVGroupID,OrgID) VALUES (3, 353, 2)
INSERT INTO ComplaintGroupOrgMapping(CompiantInvID,INVGroupID,OrgID) VALUES (4, 354, 2)
INSERT INTO ComplaintGroupOrgMapping(CompiantInvID,INVGroupID,OrgID) VALUES (5, 355, 2)
INSERT INTO ComplaintGroupOrgMapping(CompiantInvID,INVGroupID,OrgID) VALUES (6, 356, 2)
INSERT INTO ComplaintGroupOrgMapping(CompiantInvID,INVGroupID,OrgID) VALUES (9, 357, 2)
INSERT INTO ComplaintGroupOrgMapping(CompiantInvID,INVGroupID,OrgID) VALUES (11, 361, 2)
INSERT INTO ComplaintGroupOrgMapping(CompiantInvID,INVGroupID,OrgID) VALUES (12, 362, 2)
INSERT INTO ComplaintGroupOrgMapping(CompiantInvID,INVGroupID,OrgID) VALUES (15, 365, 2)
INSERT INTO ComplaintGroupOrgMapping(CompiantInvID,INVGroupID,OrgID) VALUES (16, 366, 2)
INSERT INTO ComplaintGroupOrgMapping(CompiantInvID,INVGroupID,OrgID) VALUES (28, 378, 2)
INSERT INTO ComplaintGroupOrgMapping(CompiantInvID,INVGroupID,OrgID) VALUES (29, 379, 2)
GO

/*	InvClientMaster		*/
INSERT INTO InvClientMaster(ClientID,orgid,clientname,clienttypeid,type)VALUES(2501,2,'QH2 Op',1,NULL)
GO

/*	InvOrgGroup		*/

INSERT INTO InvOrgGroup (AttGroupID, OrgGroupID, OrgID) VALUES (1, 351, 2)
INSERT INTO InvOrgGroup (AttGroupID, OrgGroupID, OrgID) VALUES (2, 352, 2)
INSERT INTO InvOrgGroup (AttGroupID, OrgGroupID, OrgID) VALUES (3, 353, 2)
INSERT INTO InvOrgGroup (AttGroupID, OrgGroupID, OrgID) VALUES (4, 354, 2)
INSERT INTO InvOrgGroup (AttGroupID, OrgGroupID, OrgID) VALUES (5, 355, 2)
INSERT INTO InvOrgGroup (AttGroupID, OrgGroupID, OrgID) VALUES (6, 356, 2)
INSERT INTO InvOrgGroup (AttGroupID, OrgGroupID, OrgID) VALUES (7, 357, 2)
INSERT INTO InvOrgGroup (AttGroupID, OrgGroupID, OrgID) VALUES (8, 358, 2)
INSERT INTO InvOrgGroup (AttGroupID, OrgGroupID, OrgID) VALUES (9, 359, 2)
INSERT INTO InvOrgGroup (AttGroupID, OrgGroupID, OrgID) VALUES (10, 360, 2)
INSERT INTO InvOrgGroup (AttGroupID, OrgGroupID, OrgID) VALUES (11, 361, 2)
INSERT INTO InvOrgGroup (AttGroupID, OrgGroupID, OrgID) VALUES (12, 362, 2)
INSERT INTO InvOrgGroup (AttGroupID, OrgGroupID, OrgID) VALUES (13, 363, 2)
INSERT INTO InvOrgGroup (AttGroupID, OrgGroupID, OrgID) VALUES (14, 364, 2)
INSERT INTO InvOrgGroup (AttGroupID, OrgGroupID, OrgID) VALUES (15, 365, 2)
INSERT INTO InvOrgGroup (AttGroupID, OrgGroupID, OrgID) VALUES (16, 366, 2)
INSERT INTO InvOrgGroup (AttGroupID, OrgGroupID, OrgID) VALUES (17, 367, 2)
INSERT INTO InvOrgGroup (AttGroupID, OrgGroupID, OrgID) VALUES (18, 368, 2)
INSERT INTO InvOrgGroup (AttGroupID, OrgGroupID, OrgID) VALUES (19, 369, 2)
INSERT INTO InvOrgGroup (AttGroupID, OrgGroupID, OrgID) VALUES (20, 370, 2)
INSERT INTO InvOrgGroup (AttGroupID, OrgGroupID, OrgID) VALUES (21, 371, 2)
INSERT INTO InvOrgGroup (AttGroupID, OrgGroupID, OrgID) VALUES (22, 372, 2)
INSERT INTO InvOrgGroup (AttGroupID, OrgGroupID, OrgID) VALUES (23, 373, 2)
INSERT INTO InvOrgGroup (AttGroupID, OrgGroupID, OrgID) VALUES (24, 374, 2)
INSERT INTO InvOrgGroup (AttGroupID, OrgGroupID, OrgID) VALUES (25, 375, 2)
INSERT INTO InvOrgGroup (AttGroupID, OrgGroupID, OrgID) VALUES (26, 376, 2)
INSERT INTO InvOrgGroup (AttGroupID, OrgGroupID, OrgID) VALUES (27, 377, 2)
INSERT INTO InvOrgGroup (AttGroupID, OrgGroupID, OrgID) VALUES (28, 378, 2)
INSERT INTO InvOrgGroup (AttGroupID, OrgGroupID, OrgID) VALUES (29, 379, 2)
GO


DELETE FROM ReportOrgMapping WHERE OrgID = 2

insert into ReportOrgMapping (ReportID,RoleID,OrgID)values(1,14,2)
insert into ReportOrgMapping (ReportID,RoleID,OrgID)values(2,14,2)
insert into ReportOrgMapping (ReportID,RoleID,OrgID)values(3,14,2)
--insert into ReportOrgMapping (ReportID,RoleID,OrgID)values(4,14,2)
--insert into ReportOrgMapping (ReportID,RoleID,OrgID)values(5,14,2)
GO

DELETE FROM VitalsPageOptions WHERE OrgId = 2
insert into VitalsPageOptions (ActionID, ActionName, RoleID, PageID, OrgId) Values (2, 'Baseline Screening History (Gynac)', 10, 39, 2)
GO

Delete From IPPaymentsRoleMapping Where Roleid IN (10,13)
Insert into IPPaymentsRoleMapping (IpPaymentsID,Roleid) Values(1,10)
Insert into IPPaymentsRoleMapping (IpPaymentsID,Roleid) Values(2,10)
Insert into IPPaymentsRoleMapping (IpPaymentsID,Roleid) Values(3,10)
Insert into IPPaymentsRoleMapping (IpPaymentsID,Roleid) Values(4,10)
Insert into IPPaymentsRoleMapping (IpPaymentsID,Roleid) Values(9,10)

Insert into IPPaymentsRoleMapping (IpPaymentsID,Roleid) Values(1,13)
Insert into IPPaymentsRoleMapping (IpPaymentsID,Roleid) Values(2,13)
Insert into IPPaymentsRoleMapping (IpPaymentsID,Roleid) Values(3,13)
Insert into IPPaymentsRoleMapping (IpPaymentsID,Roleid) Values(4,13)
Insert into IPPaymentsRoleMapping (IpPaymentsID,Roleid) Values(5,13)
Insert into IPPaymentsRoleMapping (IpPaymentsID,Roleid) Values(6,13)
Insert into IPPaymentsRoleMapping (IpPaymentsID,Roleid) Values(7,13)
Insert into IPPaymentsRoleMapping (IpPaymentsID,Roleid) Values(8,13)

INSERT INTO IPPaymentsRoleMapping (IpPaymentsID,Roleid)VALUES(10,10)
INSERT INTO IPPaymentsRoleMapping (IpPaymentsID,Roleid)VALUES(10,13)

GO


INSERT INTO CashExpenseMaster(HeadName ,OrgID, HeadDesc) VALUES ('Physician',2,'PHY')
INSERT INTO CashExpenseMaster(HeadName ,OrgID, HeadDesc ) VALUES ('Staff Welfare',2,'STW')
INSERT INTO CashExpenseMaster(HeadName ,OrgID, HeadDesc ) VALUES ('Postage',2,'POS')
INSERT INTO CashExpenseMaster(HeadName ,OrgID, HeadDesc ) VALUES ('Hospitality',2,'HOP')
INSERT INTO CashExpenseMaster(HeadName ,OrgID, HeadDesc ) VALUES ('Travelling',2,'TRV')
INSERT INTO CashExpenseMaster(HeadName ,OrgID, HeadDesc ) VALUES ('Printing',2,'PRT')
INSERT INTO CashExpenseMaster(HeadName ,OrgID, HeadDesc ) VALUES ('Others',2,'OTH')
GO

DELETE FROM ActionRoleMapping WHERE RoleID IN (9,10,11,12,13,14,15,16,17,18,19,20,21)

INSERT INTO ActionRoleMapping (ActionID, RoleID, RedirectPageID, SearchTypeID) VALUES (3, 13,	54, 12)
INSERT INTO ActionRoleMapping (ActionID, RoleID, RedirectPageID, SearchTypeID) VALUES (3, 10,	54, 12)
INSERT INTO ActionRoleMapping (ActionID, RoleID, RedirectPageID, SearchTypeID) VALUES (5, 13,	80, 5)
INSERT INTO ActionRoleMapping (ActionID, RoleID, RedirectPageID, SearchTypeID) VALUES (6, 13,	76, 5)
INSERT INTO ActionRoleMapping (ActionID, RoleID, RedirectPageID, SearchTypeID) VALUES (6, 14,	76, 5)
INSERT INTO ActionRoleMapping (ActionID, RoleID, RedirectPageID, SearchTypeID) VALUES (9, 11,	65, 12)
INSERT INTO ActionRoleMapping (ActionID, RoleID, RedirectPageID, SearchTypeID) VALUES (11, 10,	6, 10)
INSERT INTO ActionRoleMapping (ActionID, RoleID, RedirectPageID, SearchTypeID) VALUES (11, 10,	6, 19)
INSERT INTO ActionRoleMapping (ActionID, RoleID, RedirectPageID, SearchTypeID) VALUES (12, 16,	7, 10)
INSERT INTO ActionRoleMapping (ActionID, RoleID, RedirectPageID, SearchTypeID) VALUES (14, 10,	58, 12)
INSERT INTO ActionRoleMapping (ActionID, RoleID, RedirectPageID, SearchTypeID) VALUES (16, 13,	29, 10)
INSERT INTO ActionRoleMapping (ActionID, RoleID, RedirectPageID, SearchTypeID) VALUES (17, 10,	57, 12)
INSERT INTO ActionRoleMapping (ActionID, RoleID, RedirectPageID, SearchTypeID) VALUES (21, 13,	2, 10)
INSERT INTO ActionRoleMapping (ActionID, RoleID, RedirectPageID, SearchTypeID) VALUES (23, 14,  56, 6)
INSERT INTO ActionRoleMapping (ActionID, RoleID, RedirectPageID, SearchTypeID) VALUES (23, 13,	56,	6)
INSERT INTO ActionRoleMapping (ActionID, RoleID, RedirectPageID, SearchTypeID) VALUES (26, 13,	52,	5)
INSERT INTO ActionRoleMapping (ActionID, RoleID, RedirectPageID, SearchTypeID) VALUES (26, 10,	52,	5)
INSERT INTO ActionRoleMapping (ActionID, RoleID, RedirectPageID, SearchTypeID) VALUES (29, 13,	3,	10)
INSERT INTO ActionRoleMapping (ActionID, RoleID, RedirectPageID, SearchTypeID) VALUES (33, 11,	66,	12)
INSERT INTO ActionRoleMapping (ActionID, RoleID, RedirectPageID, SearchTypeID) VALUES (49, 13,	53,	5)
INSERT INTO ActionRoleMapping (ActionID, RoleID, RedirectPageID, SearchTypeID) VALUES (51, 13, 18, 10)
INSERT INTO ActionRoleMapping (ActionID, RoleID, RedirectPageID, SearchTypeID) VALUES (51, 13, 18, 12)
INSERT INTO ActionRoleMapping (ActionID, RoleID, RedirectPageID, SearchTypeID) VALUES (50, 9,	7, 10)
INSERT INTO ActionRoleMapping (ActionID, RoleID, RedirectPageID, SearchTypeID) VALUES (52, 13,	148,10)

GO

DELETE FROM PageActionMapping WHERE OwnerOrgID = 2

INSERT INTO PageActionMapping (PageActionID, OwnerOrgID, SharedOrgID) VALUES (1, 2, 2)
INSERT INTO PageActionMapping (PageActionID, OwnerOrgID, SharedOrgID) VALUES (2, 2, 2)
INSERT INTO PageActionMapping (PageActionID, OwnerOrgID, SharedOrgID) VALUES (3, 2, 2)
INSERT INTO PageActionMapping (PageActionID, OwnerOrgID, SharedOrgID) VALUES (4, 2, 2)
INSERT INTO PageActionMapping (PageActionID, OwnerOrgID, SharedOrgID) VALUES (5, 2, 2)
INSERT INTO PageActionMapping (PageActionID, OwnerOrgID, SharedOrgID) VALUES (6, 2, 2)
INSERT INTO PageActionMapping (PageActionID, OwnerOrgID, SharedOrgID) VALUES (7, 2, 2)
INSERT INTO PageActionMapping (PageActionID, OwnerOrgID, SharedOrgID) VALUES (8, 2, 2)
INSERT INTO PageActionMapping (PageActionID, OwnerOrgID, SharedOrgID) VALUES (9, 2, 2)
INSERT INTO PageActionMapping (PageActionID, OwnerOrgID, SharedOrgID) VALUES (10, 2, 2)
INSERT INTO PageActionMapping (PageActionID, OwnerOrgID, SharedOrgID) VALUES (11, 2, 2)
INSERT INTO PageActionMapping (PageActionID, OwnerOrgID, SharedOrgID) VALUES (12, 2, 2)
INSERT INTO PageActionMapping (PageActionID, OwnerOrgID, SharedOrgID) VALUES (13, 2, 2)
INSERT INTO PageActionMapping (PageActionID, OwnerOrgID, SharedOrgID) VALUES (14, 2, 2)
INSERT INTO PageActionMapping (PageActionID, OwnerOrgID, SharedOrgID) VALUES (15, 2, 2)
INSERT INTO PageActionMapping (PageActionID, OwnerOrgID, SharedOrgID) VALUES (16, 2, 2)
INSERT INTO PageActionMapping (PageActionID, OwnerOrgID, SharedOrgID) VALUES (17, 2, 2)
INSERT INTO PageActionMapping (PageActionID, OwnerOrgID, SharedOrgID) VALUES (18, 2, 2)
INSERT INTO PageActionMapping (PageActionID, OwnerOrgID, SharedOrgID) VALUES (19, 2, 2)
INSERT INTO PageActionMapping (PageActionID, OwnerOrgID, SharedOrgID) VALUES (20, 2, 2)
INSERT INTO PageActionMapping (PageActionID, OwnerOrgID, SharedOrgID) VALUES (21, 2, 2)
INSERT INTO PageActionMapping (PageActionID, OwnerOrgID, SharedOrgID) VALUES (22, 2, 2)
INSERT INTO PageActionMapping (PageActionID, OwnerOrgID, SharedOrgID) VALUES (23, 2, 2)
INSERT INTO PageActionMapping (PageActionID, OwnerOrgID, SharedOrgID) VALUES (24, 2, 2)
INSERT INTO PageActionMapping (PageActionID, OwnerOrgID, SharedOrgID) VALUES (25, 2, 2)
INSERT INTO PageActionMapping (PageActionID, OwnerOrgID, SharedOrgID) VALUES (26, 2, 2)
INSERT INTO PageActionMapping (PageActionID, OwnerOrgID, SharedOrgID) VALUES (27, 2, 2)
INSERT INTO PageActionMapping (PageActionID, OwnerOrgID, SharedOrgID) VALUES (28, 2, 2)
INSERT INTO PageActionMapping (PageActionID, OwnerOrgID, SharedOrgID) VALUES (29, 2, 2)
INSERT INTO PageActionMapping (PageActionID, OwnerOrgID, SharedOrgID) VALUES (30, 2, 2)
INSERT INTO PageActionMapping (PageActionID, OwnerOrgID, SharedOrgID) VALUES (31, 2, 2)
INSERT INTO PageActionMapping (PageActionID, OwnerOrgID, SharedOrgID) VALUES (32, 2, 2)
INSERT INTO PageActionMapping (PageActionID, OwnerOrgID, SharedOrgID) VALUES (33, 2, 2)
INSERT INTO PageActionMapping (PageActionID, OwnerOrgID, SharedOrgID) VALUES (34, 2, 2)
INSERT INTO PageActionMapping (PageActionID, OwnerOrgID, SharedOrgID) VALUES (35, 2, 2)
INSERT INTO PageActionMapping (PageActionID, OwnerOrgID, SharedOrgID) VALUES (36, 2, 2)
INSERT INTO PageActionMapping (PageActionID, OwnerOrgID, SharedOrgID) VALUES (37, 2, 2)
INSERT INTO PageActionMapping (PageActionID, OwnerOrgID, SharedOrgID) VALUES (38, 2, 2)
INSERT INTO PageActionMapping (PageActionID, OwnerOrgID, SharedOrgID) VALUES (39, 2, 2)
INSERT INTO PageActionMapping (PageActionID, OwnerOrgID, SharedOrgID) VALUES (40, 2, 2)
INSERT INTO PageActionMapping (PageActionID, OwnerOrgID, SharedOrgID) VALUES (41, 2, 2)
INSERT INTO PageActionMapping (PageActionID, OwnerOrgID, SharedOrgID) VALUES (42, 2, 2)
INSERT INTO PageActionMapping (PageActionID, OwnerOrgID, SharedOrgID) VALUES (43, 2, 2)
INSERT INTO PageActionMapping (PageActionID, OwnerOrgID, SharedOrgID) VALUES (44, 2, 2)
INSERT INTO PageActionMapping (PageActionID, OwnerOrgID, SharedOrgID) VALUES (45, 2, 2)
INSERT INTO PageActionMapping (PageActionID, OwnerOrgID, SharedOrgID) VALUES (46, 2, 2)
INSERT INTO PageActionMapping (PageActionID, OwnerOrgID, SharedOrgID) VALUES (47, 2, 2)
INSERT INTO PageActionMapping (PageActionID, OwnerOrgID, SharedOrgID) VALUES (48, 2, 2)
INSERT INTO PageActionMapping (PageActionID, OwnerOrgID, SharedOrgID) VALUES (49, 2, 2)
INSERT INTO PageActionMapping (PageActionID, OwnerOrgID, SharedOrgID) VALUES (50, 2, 2)
INSERT INTO PageActionMapping (PageActionID, OwnerOrgID, SharedOrgID) VALUES (51, 2, 2)
INSERT INTO PageActionMapping (PageActionID, OwnerOrgID, SharedOrgID) VALUES (52, 2, 2)
INSERT INTO PageActionMapping (PageActionID, OwnerOrgID, SharedOrgID) VALUES (53, 2, 2)
INSERT INTO PageActionMapping (PageActionID, OwnerOrgID, SharedOrgID) VALUES (54, 2, 2)
INSERT INTO PageActionMapping (PageActionID, OwnerOrgID, SharedOrgID) VALUES (55, 2, 2)
INSERT INTO PageActionMapping (PageActionID, OwnerOrgID, SharedOrgID) VALUES (56, 2, 2)
INSERT INTO PageActionMapping (PageActionID, OwnerOrgID, SharedOrgID) VALUES (57, 2, 2)
INSERT INTO PageActionMapping (PageActionID, OwnerOrgID, SharedOrgID) VALUES (58, 2, 2)
INSERT INTO PageActionMapping (PageActionID, OwnerOrgID, SharedOrgID) VALUES (59, 2, 2)
INSERT INTO PageActionMapping (PageActionID, OwnerOrgID, SharedOrgID) VALUES (60, 2, 2)
INSERT INTO PageActionMapping (PageActionID, OwnerOrgID, SharedOrgID) VALUES (61, 2, 2)
INSERT INTO PageActionMapping (PageActionID, OwnerOrgID, SharedOrgID) VALUES (62, 2, 2)
INSERT INTO PageActionMapping (PageActionID, OwnerOrgID, SharedOrgID) VALUES (63, 2, 2)

GO