/* Pages */
DELETE FROM Pages where PageID in(31,32,33,34,35,36,42,43,46,47,48,49,50,51,52,53,54,55,56,57,58,59,60,61,62,63,64,65)
Insert into Pages (PageID,PageName,PageURL)values  (31,'SampleRegistration','/Reception/PatientSampleRegistration.aspx')
Insert into Pages (PageID,PageName,PageURL)values  (32,'Lab Patient Search','/Reception/LabPatientSearch.aspx')
Insert into Pages (PageID,PageName,PageURL)values  (33,'Bill Search','/Reception/BillSearch.aspx')
Insert into Pages (PageID,PageName,PageURL)values  (34,'Print Bill','/Reception/ViewBill.aspx')
Insert into Pages (PageID,PageName,PageURL)values  (35,'Reports','/Admin/DailyBillReport.aspx')
Insert into Pages (PageID,PageName,PageURL)values  (36,'Summary Reports','/Admin/LabAdminSummaryReports.aspx')
Insert into Pages (PageID,PageName,PageURL)values  (42,'Add/Change Hospital','/Reception/SaveLabRefOrgDetails.aspx')
Insert into Pages (PageID,PageName,PageURL)values  (43,'Collect Sample','/Lab/InvestigationSample.aspx')
Insert into Pages (PageID,PageName,PageURL)values  (46,'Receive Sample','/Lab/DeptSamplesCollection.aspx')
Insert into Pages (PageID,PageName,PageURL)values  (47,'Investigation Capture','/Investigation/InvestigationCapture.aspx')
Insert into Pages (PageID,PageName,PageURL)values  (48,'Samples Report','/Admin/InvestigationSamplesReport.aspx') 
Insert into Pages (PageID,PageName,PageURL)values  (49,'Bill Search','/Admin/BillSearch.aspx')
Insert into Pages (PageID,PageName,PageURL)values  (50,'Print Bill','/Admin/ViewBill.aspx')

Insert into Pages (PageID,PageName,PageURL)values  (51,'Due Search','/Admin/DueSearch.aspx')
Insert into Pages (PageID,PageName,PageURL)values  (52,'Investigation Report','/Investigation/InvReports.aspx')
Insert into Pages (PageID,PageName,PageURL)values  (53,'Due Collection','/Reception/DueCollection.aspx')
Insert into Pages (PageID,PageName,PageURL)values  (54,'SampleRegistration','/Reception/LabPatientRegistration.aspx') 
Insert into Pages (PageID,PageName,PageURL)values  (55,'InvestigationCollectionReport','/Admin/InvestigationCollectionReport.aspx')
Insert into Pages (PageID,PageName,PageURL)values  (56,'Change Priority','/Reception/ChangePriority.aspx')
Insert into Pages (PageID,PageName,PageURL)values  (57,'Update Patient Details','/Reception/UpdatePatientDetails.aspx')
Insert into Pages (PageID,PageName,PageURL)values  (58,'Add/Change Physician','/Reception/SaveLabRefPhysicianDetails.aspx')
Insert into Pages (PageID,PageName,PageURL)values  (59,'Additional Information','/Reception/AdditionalInformation.aspx')
Insert into Pages (PageID,PageName,PageURL)values  (60,'Manage Reference Range','/Admin/InvRefRanges.aspx')
Insert into Pages (PageID,PageName,PageURL)values  (61,'Manage Test Instrument','/Admin/ManageInvInstrument.aspx')
Insert into Pages (PageID,PageName,PageURL)values  (62,'Manage Test Kit','/Admin/ManageInvKit.aspx')
Insert into Pages (PageID,PageName,PageURL)values  (63,'Manage Test Method','/Admin/ManageInvMethod.aspx')
Insert into Pages (PageID,PageName,PageURL)values  (64,'Manage Investigation','/Admin/AddInvGroups.aspx')
Insert into Pages (PageID,PageName,PageURL)values  (65,'Manage Rate','/Admin/RatesUpdation.aspx')
Insert into Pages (PageID,PageName,PageURL)values  (66,'Dispatch Result','/Reception/Dispatch.aspx')

/* Result Publishing Mode */
DELETE FROM PublishingMode WHERE ModeID IN (1,2,3) 
Insert into PublishingMode (ModeID,ModeName)values(1,'Courier')
Insert into PublishingMode (ModeID,ModeName)values(2,'In Person')
Insert into PublishingMode (ModeID,ModeName)values(3,'Door Delivery')
GO
/* VisitPurposeOrgMapping */
DELETE VisitPurposeOrgMapping where VisitPurposeID=3 and OrgID=14
Insert into VisitPurposeOrgMapping(VisitPurposeID,OrgID)  values(3,14)
/* Tasks Mapping */
DELETE TaskActionMapping where OrgID=14 and VisitPurposeID = 3
Insert into TaskActionMapping (OrgID,VisitPurposeID,OtherID,TaskActionID)  values(14,3,  0,22)
/* Task ActionOrg Mapping */
DELETE TaskActionOrgMapping where OrgID=14
Insert into TaskActionOrgMapping(TaskActionID,RoleID,OrgID)  Values(22,145,14)

Insert into TaskActionOrgMapping(TaskActionID,RoleID,OrgID)  Values(16,133,  14)
Insert into TaskActionOrgMapping(TaskActionID,RoleID,OrgID)  Values(27,123,  14)
Insert into TaskActionOrgMapping(TaskActionID,RoleID,OrgID)  Values(28,141,  14)
Insert into TaskActionOrgMapping(TaskActionID,RoleID,OrgID)  Values(29,127,  14)
Insert into TaskActionOrgMapping(TaskActionID,RoleID,OrgID)  Values(23,133,  14)
Insert into TaskActionOrgMapping(TaskActionID,RoleID,OrgID)  Values(24,123,  14)
Insert into TaskActionOrgMapping(TaskActionID,RoleID,OrgID)  Values(25,141,  14)
Insert into TaskActionOrgMapping(TaskActionID,RoleID,OrgID)  Values(26,127,  14)
Insert into TaskActionOrgMapping(TaskActionID,RoleID,OrgID)  Values(30,140,  14)
Insert into TaskActionOrgMapping(TaskActionID,RoleID,OrgID)  Values(31,140,  14)
Insert into TaskActionOrgMapping(TaskActionID,RoleID,OrgID)  Values(27,128,  14)
Insert into TaskActionOrgMapping(TaskActionID,RoleID,OrgID)  Values(26,128,  14)
/* Login  */
DELETE FROM Login where LoginID in(230,231,232,233,234,235,236,237,238,239,240,241,242,243,244,245,246,247,248,249,250,251,252,253,255,261,262,263,264,265,266,267,268,269,270,271,272,273,274,275,276,277,278,279,280,281)
Insert into Login(loginID,LoginName,Password,  IsLocked,OrgID,Status)values(230,'Receptionddc','Receptionddc','N',14,'A')
Insert into Login(loginID,LoginName,Password,  IsLocked,OrgID,Status)values(231,'oviya231','oviya','N',14,'A')
Insert into Login(loginID,LoginName,Password,  IsLocked,OrgID,Status)values(232,'biochemistrysrlab','biochemistry','N',14,'A')
Insert into Login(loginID,LoginName,Password,  IsLocked,OrgID,Status)values(233,'biochemistryjrlab','biochemistry','N',14,'A')
Insert into Login(loginID,LoginName,Password,  IsLocked,OrgID,Status)values(234,'bloodbanksrlab','bloodbank','N',14,'A')
Insert into Login(loginID,LoginName,Password,  IsLocked,OrgID,Status)values(235,'bloodbankjrlab','bloodbank','N',14,'A')
Insert into Login(loginID,LoginName,Password,  IsLocked,OrgID,Status)values(236,'clinicalpathologysrlab','clinicalpathology','N',14,'A')
Insert into Login(loginID,LoginName,Password,  IsLocked,OrgID,Status)values(237,'clinicalpathologyjrlab','clinicalpathology','N',14,'A')
Insert into Login(loginID,LoginName,Password,  IsLocked,OrgID,Status)values(238,'cytogeneticssrlab','cytogenetics','N',14,'A')
Insert into Login(loginID,LoginName,Password,  IsLocked,OrgID,Status)values(239,'cytogeneticsjrlab','cytogenetics','N',14,'A')
Insert into Login(loginID,LoginName,Password,  IsLocked,OrgID,Status)values(240,'generalsrlab','general','N',14,'A')
Insert into Login(loginID,LoginName,Password,  IsLocked,OrgID,Status)values(241,'generaljrlab','general','N',14,'A')
Insert into Login(loginID,LoginName,Password,  IsLocked,OrgID,Status)values(242,'hematologysrlab','hematology','N',14,'A')
Insert into Login(loginID,LoginName,Password,  IsLocked,OrgID,Status)values(243,'hematologyjrlab','hematology','N',14,'A')
Insert into Login(loginID,LoginName,Password,  IsLocked,OrgID,Status)values(244,'histopathologysrlab','histopathology','N',14,'A')
Insert into Login(loginID,LoginName,Password,  IsLocked,OrgID,Status)values(245,'histopathologyjrlab','histopathology','N',14,'A')
Insert into Login(loginID,LoginName,Password,  IsLocked,OrgID,Status)values(246,'imagingsrlab','imaging','N',14,'A')
Insert into Login(loginID,LoginName,Password,  IsLocked,OrgID,Status)values(247,'imagingjrlab','imaging','N',14,'A')
Insert into Login(loginID,LoginName,Password,  IsLocked,OrgID,Status)values(248,'immunologysrlab','immunology','N',14,'A')
Insert into Login(loginID,LoginName,Password,  IsLocked,OrgID,Status)values(249,'immunologyjrlab','immunology','N',14,'A')
Insert into Login(loginID,LoginName,Password,  IsLocked,OrgID,Status)values(250,'microbiologysrlab','microbiology','N',14,'A')
Insert into Login(loginID,LoginName,Password,  IsLocked,OrgID,Status)values(251,'microbiologyjrlab','microbiology','N',14,'A')
Insert into Login(loginID,LoginName,Password,  IsLocked,OrgID,Status)values(252,'molecularbiologysrlab','molecularbiology','N',14,'A')
Insert into Login(loginID,LoginName,Password,  IsLocked,OrgID,Status)values(253,'molecularbiologyjrlab','molecularbiology','N',14,'A')
--Insert into Login(loginID,LoginName,Password,  IsLocked,OrgID,Status)values(255,'ddclabs','ddclabs','N',14,'A')

Insert into Login(loginID,LoginName,Password,  IsLocked,OrgID,Status)values(261,'vennila261','vennila','N',14,'A')
Insert into Login(loginID,LoginName,Password,  IsLocked,OrgID,Status)values(262,'kavitha262','kavitha','N',14,'A')
Insert into Login(loginID,LoginName,Password,  IsLocked,OrgID,Status)values(263,'nandhini263','nandhini','N',14,'A')
Insert into Login(loginID,LoginName,Password,  IsLocked,OrgID,Status)values(264,'suseela264','suseela','N',14,'A')
Insert into Login(loginID,LoginName,Password,  IsLocked,OrgID,Status)values(265,'manjula265','manjula','N',14,'A')
Insert into Login(loginID,LoginName,Password,  IsLocked,OrgID,Status)values(266,'jenifer266','jenifer','N',14,'A')
Insert into Login(loginID,LoginName,Password,  IsLocked,OrgID,Status)values(267,'sudha267','sudha','N',14,'A')
Insert into Login(loginID,LoginName,Password,  IsLocked,OrgID,Status)values(268,'sankar268','sankar','N',14,'A')
Insert into Login(loginID,LoginName,Password,  IsLocked,OrgID,Status)values(269,'sakthi269','sakthi','N',14,'A')
Insert into Login(loginID,LoginName,Password,  IsLocked,OrgID,Status)values(270,'ganesh270','ganesh','N',14,'A')
Insert into Login(loginID,LoginName,Password,  IsLocked,OrgID,Status)values(271,'veeravadivel271','veeravadivel','N',14,'A')


Insert into Login(loginID,LoginName,Password,  IsLocked,OrgID,Status)values(272,'sundaram272','sundaram','N',14,'A')
Insert into Login(loginID,LoginName,Password,  IsLocked,OrgID,Status)values(273,'uma273','uma','N',14,'A')

Insert into Login(loginID,LoginName,Password,  IsLocked,OrgID,Status)values(274,'prblrddc274','napoleon','N',14,'A')
Insert into Login(loginID,LoginName,Password,  IsLocked,OrgID,Status)values(275,'mayaddc275','mayil','N',14,'A')
Insert into Login(loginID,LoginName,Password,  IsLocked,OrgID,Status)values(276,'tanjoreddc276','tanjai','N',14,'A')
Insert into Login(loginID,LoginName,Password,  IsLocked,OrgID,Status)values(277,'krklddc277','newport','N',14,'A')
Insert into Login(loginID,LoginName,Password,  IsLocked,OrgID,Status)values(278,'kbkmddc278','temple','N',14,'A')

Insert into Login(loginID,LoginName,Password,  IsLocked,OrgID,Status)values(279,'dispatchddc279','dispatchddc','N',14,'A')

Insert into Login(loginID,LoginName,Password,  IsLocked,OrgID,Status)values(280,'kumar280','kumar','N',14,'A')
Insert into Login(loginID,LoginName,Password,  IsLocked,OrgID,Status)values(281,'kala281','kala','N',14,'A')
   
Insert into Login(loginID,LoginName,Password,  IsLocked,OrgID,Status)values(282,'karthik282','karthik','N',14,'A')
Insert into Login(loginID,LoginName,Password,  IsLocked,OrgID,Status)values(283,'marimuthu283','marimuthu','N',14,'A')
Insert into Login(loginID,LoginName,Password,  IsLocked,OrgID,Status)values(284,'nisha284','nisha','N',14,'A')






/* Organization */
DELETE FROM Organization where OrgID = 14
Insert into Organization(OrgID,Name,OrganizationTypeID,AddressID)   values(14,'Doctor''s Diagnostic Centre',3,  0)
/* Users */
DELETE FROM Users where LoginID in (230,231,232,233,234,235,236,237,238,239,240,241,242,243,244,245,246,247,248,249,250,251,252,253,255,261,262,263,264,265,
266,267,268,269,270,271,272,273,274,275,276,277,278,279,280)
Insert into Users(FORENAME,SEX,TitleCode,OrgID,LoginID)  values('Reception','M','1',14,  230)
Insert into Users(FORENAME,SEX,TitleCode,OrgID,LoginID)  values('Admin','M','1',14,  231)

Insert into Users(FORENAME,SEX,TitleCode,OrgID,LoginID)  values('Sr.LabTech BioChemistry','M','1',14,  232)
Insert into Users(FORENAME,SEX,TitleCode,OrgID,LoginID)  values('Jr.LabTech BioChemistry','M','1',14,  233)
Insert into Users(FORENAME,SEX,TitleCode,OrgID,LoginID)  values('Sr.LabTech BloodBank','M','1',14,  234)
Insert into Users(FORENAME,SEX,TitleCode,OrgID,LoginID)  values('Jr.LabTech BloodBank','M','1',14,  235)
Insert into Users(FORENAME,SEX,TitleCode,OrgID,LoginID)  values('Sr.LabTech Clinical Pathology','M','1',14,  236)
Insert into Users(FORENAME,SEX,TitleCode,OrgID,LoginID)  values('Jr.LabTech Clinical Pathology','M','1',14,  237)
Insert into Users(FORENAME,SEX,TitleCode,OrgID,LoginID)  values('Sr.LabTech Cytogenetics','M','1',14,  238)
Insert into Users(FORENAME,SEX,TitleCode,OrgID,LoginID)  values('Jr.LabTech Cytogenetics','M','1',14,  239)
Insert into Users(FORENAME,SEX,TitleCode,OrgID,LoginID)  values('Sr.LabTech General','M','1',14,  240)
Insert into Users(FORENAME,SEX,TitleCode,OrgID,LoginID)  values('Jr.LabTech General','M','1',14,  241)
Insert into Users(FORENAME,SEX,TitleCode,OrgID,LoginID)  values('Sr.LabTech Hematology','M','1',14,  242)
Insert into Users(FORENAME,SEX,TitleCode,OrgID,LoginID)  values('Jr.LabTech Hematology','M','1',14,  243)
Insert into Users(FORENAME,SEX,TitleCode,OrgID,LoginID)  values('Sr.LabTech Histopathology','M','1',14,  244)
Insert into Users(FORENAME,SEX,TitleCode,OrgID,LoginID)  values('Jr.LabTech Histopathology','M','1',14,  245)
Insert into Users(FORENAME,SEX,TitleCode,OrgID,LoginID)  values('Sr.LabTech Imaging','M','1',14,  246)
Insert into Users(FORENAME,SEX,TitleCode,OrgID,LoginID)  values('Jr.LabTech Imaging','M','1',14,  247)
Insert into Users(FORENAME,SEX,TitleCode,OrgID,LoginID)  values('Sr.LabTech Immunology','M','1',14,  248)
Insert into Users(FORENAME,SEX,TitleCode,OrgID,LoginID)  values('Jr.LabTech Immunology','M','1',14,  249)
Insert into Users(FORENAME,SEX,TitleCode,OrgID,LoginID)  values('Sr.LabTech Microbiology','M','1',14,  250)
Insert into Users(FORENAME,SEX,TitleCode,OrgID,LoginID)  values('Jr.LabTech Microbiology','M','1',14,  251)
Insert into Users(FORENAME,SEX,TitleCode,OrgID,LoginID)  values('Sr.LabTech MolecularBiology','M','1',14,  252)
Insert into Users(FORENAME,SEX,TitleCode,OrgID,LoginID)  values('Jr.LabTech MolecularBiology','M','1',14,  253)

Insert into Users(FORENAME,SEX,TitleCode,OrgID,LoginID)  values('vennila','F','2',14,  261)
Insert into Users(FORENAME,SEX,TitleCode,OrgID,LoginID)  values('Kavitha','F','2',14,  262)
Insert into Users(FORENAME,SEX,TitleCode,OrgID,LoginID)  values('Nandhini','F','2',14,  263)
Insert into Users(FORENAME,SEX,TitleCode,OrgID,LoginID)  values('Sueela','F','2',14,  264)
Insert into Users(FORENAME,SEX,TitleCode,OrgID,LoginID)  values('Manjula','F','2',14,  265)
Insert into Users(FORENAME,SEX,TitleCode,OrgID,LoginID)  values('Jenifer','F','2',14,  266)
Insert into Users(FORENAME,SEX,TitleCode,OrgID,LoginID)  values('Sudha','F','2',14,  267)
Insert into Users(FORENAME,SEX,TitleCode,OrgID,LoginID)  values('Sankar','M','1',14,  268)
Insert into Users(FORENAME,SEX,TitleCode,OrgID,LoginID)  values('Sakthi','M','1',14,  269)
Insert into Users(FORENAME,SEX,TitleCode,OrgID,LoginID)  values('Ganesh','M','1',14,  270)
Insert into Users(FORENAME,SEX,TitleCode,OrgID,LoginID)  values('Veera Vadivel','M','1',14,  271)
Insert into Users(FORENAME,SEX,TitleCode,OrgID,LoginID)  values('Sundaram','M','1',14,  272)
Insert into Users(FORENAME,SEX,TitleCode,OrgID,LoginID)  values('Uma','F','2',14,  273)
Insert into Users(FORENAME,SEX,TitleCode,OrgID,LoginID)  values('Perambalur Reception','M','1',14,  274)
Insert into Users(FORENAME,SEX,TitleCode,OrgID,LoginID)  values('Mayiladuthurai Reception','M','1',14,  275)
Insert into Users(FORENAME,SEX,TitleCode,OrgID,LoginID)  values('Tanjore Reception','M','1',14,  276)
Insert into Users(FORENAME,SEX,TitleCode,OrgID,LoginID)  values('Karaikal Reception','M','1',14,  277)
Insert into Users(FORENAME,SEX,TitleCode,OrgID,LoginID)  values('Kumbakonam Reception','M','1',14,  278)

Insert into Users(FORENAME,SEX,TitleCode,OrgID,LoginID)  values('Dispatch','M','1',14,  279)

Insert into Users(FORENAME,SEX,TitleCode,OrgID,LoginID)  values('Kumar','M','1',14,  280)
Insert into Users(FORENAME,SEX,TitleCode,OrgID,LoginID)  values('Kala','F','2',14,  281)
Insert into Users(FORENAME,SEX,TitleCode,OrgID,LoginID)  values('Karthik','M','1',14,  282)
Insert into Users(FORENAME,SEX,TitleCode,OrgID,LoginID)  values('Marimuthu','M','1',14,  283)
Insert into Users(FORENAME,SEX,TitleCode,OrgID,LoginID)  values('Nisha','F','2',14,  284)


/* Role */
DELETE FROM Role where RoleID in (121,122,123,124,125,126,127,128,129,130,131,132,133,134,135,136,137,138,139,140,141,142,143,144,145,150,151,152,153)
Insert into Role(RoleID,RoleName,Description,ParentID,OrgID)  Values(121,'Reception','Reception',  0,14)
Insert into Role(RoleID,RoleName,Description,ParentID,OrgID)  Values(122,'Admin','Admin',  0,14)
Insert into Role(RoleID,RoleName,Description,ParentID,OrgID)  Values(123,'BioChemistryLab','Sr.BioChemistry Lab',  0,14)
Insert into Role(RoleID,RoleName,Description,ParentID,OrgID)  Values(124,'BioChemistryLab','Jr.BioChemistry Lab',  0,14)
Insert into Role(RoleID,RoleName,Description,ParentID,OrgID)  Values(125,'BloodBankLab','Sr.BloodBank Lab',  0,14)
Insert into Role(RoleID,RoleName,Description,ParentID,OrgID)  Values(126,'BloodBankLab','Jr.BloodBank Lab',  0,14)
Insert into Role(RoleID,RoleName,Description,ParentID,OrgID)  Values(127,'ClinicalPathologyLab','Sr.ClinicalPathology Lab',  0,14)
Insert into Role(RoleID,RoleName,Description,ParentID,OrgID)  Values(128,'ClinicalPathologyLab','Jr.ClinicalPathology Lab',  0,14)
Insert into Role(RoleID,RoleName,Description,ParentID,OrgID)  Values(129,'CytogeneticsLab','Sr.Cytogenetics Lab',  0,14)
Insert into Role(RoleID,RoleName,Description,ParentID,OrgID)  Values(130,'CytogeneticsLab','Jr.Cytogenetics Lab',  0,14)
Insert into Role(RoleID,RoleName,Description,ParentID,OrgID)  Values(131,'GeneralLab','Sr.General Lab',  0,14)
Insert into Role(RoleID,RoleName,Description,ParentID,OrgID)  Values(132,'GeneralLab','Jr.General Lab',  0,14)
Insert into Role(RoleID,RoleName,Description,ParentID,OrgID)  Values(133,'HematologyLab','Sr.Hematology Lab',  0,14)
Insert into Role(RoleID,RoleName,Description,ParentID,OrgID)  Values(134,'HematologyLab','Jr.Hematology Lab',  0,14)
Insert into Role(RoleID,RoleName,Description,ParentID,OrgID)  Values(135,'HistopathologyLab','Sr.Histopathology Lab',  0,14)
Insert into Role(RoleID,RoleName,Description,ParentID,OrgID)  Values(136,'HistopathologyLab','Jr.Histopathology Lab',  0,14)
Insert into Role(RoleID,RoleName,Description,ParentID,OrgID)  Values(137,'ImagingLab','Sr.Imaging Lab',  0,14)
Insert into Role(RoleID,RoleName,Description,ParentID,OrgID)  Values(138,'ImagingLab','Jr.Imaging Lab',  0,14)
Insert into Role(RoleID,RoleName,Description,ParentID,OrgID)  Values(139,'ImmunologyLab','Sr.Immunology Lab',  0,14)
Insert into Role(RoleID,RoleName,Description,ParentID,OrgID)  Values(140,'ImmunologyLab','Jr.Immunology Lab',  0,14)
Insert into Role(RoleID,RoleName,Description,ParentID,OrgID)  Values(141,'MicroBiologyLab','Sr.Microbiology Lab',  0,14)
Insert into Role(RoleID,RoleName,Description,ParentID,OrgID)  Values(142,'MicroBiologyLab','Jr.Microbiology Lab',  0,14)
Insert into Role(RoleID,RoleName,Description,ParentID,OrgID)  Values(143,'MolecularBiologyLab','Sr.Molecular Biology Lab',  0,14)
Insert into Role(RoleID,RoleName,Description,ParentID,OrgID)  Values(144,'MolecularBiologyLab','Jr.Molecular Biology Lab',  0,14)
--Insert into Role(RoleID,RoleName,Description,ParentID,OrgID)  Values(145,'DDCLab','DDC Lab',  0,14)
Insert into Role(RoleID,RoleName,Description,ParentID,OrgID)  Values(150,'ReceptionSuprevisor','ReceptionSuprevisor',  0,14)
Insert into Role(RoleID,RoleName,Description,ParentID,OrgID)  Values(151,'Accounts','Accounts',  0,14)
Insert into Role(RoleID,RoleName,Description,ParentID,OrgID)  Values(152,'BranchReception','Branch Reception',  0,14)

Insert into Role(RoleID,RoleName,Description,ParentID,OrgID)  Values(153,'Dispatch','Dispatch',  0,14)



/* LoginRole  */
DELETE LoginRole where LoginID in (230,231,232,233,234,235,236,237,238,239,240,241,242,243,244,245,246,247,248,249,250,251,252,253,255,261,262,263,264,265,266,267,268,269,270,271,272,273,274,275,276,277,278,279,280)
Insert Into LoginRole(RoleID,LoginID)values(121,230)
Insert Into LoginRole(RoleID,LoginID)values(122,231)
Insert Into LoginRole(RoleID,LoginID)values(123,232)
Insert Into LoginRole(RoleID,LoginID)values(124,233)
Insert Into LoginRole(RoleID,LoginID)values(125,234)
Insert Into LoginRole(RoleID,LoginID)values(126,235)
Insert Into LoginRole(RoleID,LoginID)values(127,236)
Insert Into LoginRole(RoleID,LoginID)values(128,237)
Insert Into LoginRole(RoleID,LoginID)values(129,238)
Insert Into LoginRole(RoleID,LoginID)values(130,239)
Insert Into LoginRole(RoleID,LoginID)values(131,240)
Insert Into LoginRole(RoleID,LoginID)values(132,241)
Insert Into LoginRole(RoleID,LoginID)values(133,242)
Insert Into LoginRole(RoleID,LoginID)values(134,243)
Insert Into LoginRole(RoleID,LoginID)values(135,244)
Insert Into LoginRole(RoleID,LoginID)values(136,245)
Insert Into LoginRole(RoleID,LoginID)values(137,246)
Insert Into LoginRole(RoleID,LoginID)values(138,247)
Insert Into LoginRole(RoleID,LoginID)values(139,248)
Insert Into LoginRole(RoleID,LoginID)values(140,249)
Insert Into LoginRole(RoleID,LoginID)values(141,250)
Insert Into LoginRole(RoleID,LoginID)values(142,251)
Insert Into LoginRole(RoleID,LoginID)values(143,252)
Insert Into LoginRole(RoleID,LoginID)values(144,253)
--Insert Into LoginRole(RoleID,LoginID)values(145,255)

Insert Into LoginRole(RoleID,LoginID)values(121,261)
Insert Into LoginRole(RoleID,LoginID)values(121,262)
Insert Into LoginRole(RoleID,LoginID)values(121,263)
Insert Into LoginRole(RoleID,LoginID)values(150,264)
Insert Into LoginRole(RoleID,LoginID)values(121,265)
Insert Into LoginRole(RoleID,LoginID)values(121,266)
Insert Into LoginRole(RoleID,LoginID)values(121,267)
Insert Into LoginRole(RoleID,LoginID)values(121,268)
Insert Into LoginRole(RoleID,LoginID)values(121,269)
Insert Into LoginRole(RoleID,LoginID)values(121,270)
Insert Into LoginRole(RoleID,LoginID)values(121,271)


Insert Into LoginRole(RoleID,LoginID)values(151,272)
Insert Into LoginRole(RoleID,LoginID)values(151,273)

Insert Into LoginRole(RoleID,LoginID)values(152,274)
Insert Into LoginRole(RoleID,LoginID)values(152,275)
Insert Into LoginRole(RoleID,LoginID)values(152,276)
Insert Into LoginRole(RoleID,LoginID)values(152,277)
Insert Into LoginRole(RoleID,LoginID)values(152,278)

Insert Into LoginRole(RoleID,LoginID)values(153,279)
Insert Into LoginRole(RoleID,LoginID)values(151,280)
Insert Into LoginRole(RoleID,LoginID)values(153,281)

Insert Into LoginRole(RoleID,LoginID)values(121,282)
Insert Into LoginRole(RoleID,LoginID)values(151,283)
Insert Into LoginRole(RoleID,LoginID)values(153,284)

/* Role Menu */
DELETE RoleMenu where RoleID in (121,122,123,124,125,126,127,128,129,130,131,132,133,134,135,136,137,138,139,140,141,142,143,144,145,150,151,152,153)
Insert into RoleMenu (MenuID,RoleID)   values(333,121)
Insert into RoleMenu (MenuID,RoleID)   values(334,121)
Insert into RoleMenu (MenuID,RoleID)   values(335,121)
Insert into RoleMenu (MenuID,RoleID)   values(336,122)
Insert into RoleMenu (MenuID,RoleID)   values(336,121)
Insert into RoleMenu (MenuID,RoleID)   values(337,123)
Insert into RoleMenu (MenuID,RoleID)   values(338,123)
Insert into RoleMenu (MenuID,RoleID)   values(337,124)
Insert into RoleMenu (MenuID,RoleID)   values(338,124)
Insert into RoleMenu (MenuID,RoleID)   values(337,125)
Insert into RoleMenu (MenuID,RoleID)   values(338,125)
Insert into RoleMenu (MenuID,RoleID)   values(337,126)
Insert into RoleMenu (MenuID,RoleID)   values(338,126)
Insert into RoleMenu (MenuID,RoleID)   values(337,127)
Insert into RoleMenu (MenuID,RoleID)   values(338,127)
Insert into RoleMenu (MenuID,RoleID)   values(337,128)
Insert into RoleMenu (MenuID,RoleID)   values(338,128)
Insert into RoleMenu (MenuID,RoleID)   values(337,129)
Insert into RoleMenu (MenuID,RoleID)   values(338,129)
Insert into RoleMenu (MenuID,RoleID)   values(337,130)
Insert into RoleMenu (MenuID,RoleID)   values(338,130)
Insert into RoleMenu (MenuID,RoleID)   values(337,131)
Insert into RoleMenu (MenuID,RoleID)   values(338,131)
Insert into RoleMenu (MenuID,RoleID)   values(337,132)
Insert into RoleMenu (MenuID,RoleID)   values(338,132)
Insert into RoleMenu (MenuID,RoleID)   values(337,133)
Insert into RoleMenu (MenuID,RoleID)   values(338,133)
Insert into RoleMenu (MenuID,RoleID)   values(337,134)
Insert into RoleMenu (MenuID,RoleID)   values(338,134)
Insert into RoleMenu (MenuID,RoleID)   values(337,135)
Insert into RoleMenu (MenuID,RoleID)   values(338,135)
Insert into RoleMenu (MenuID,RoleID)   values(337,136)
Insert into RoleMenu (MenuID,RoleID)   values(338,136)
Insert into RoleMenu (MenuID,RoleID)   values(337,137)
Insert into RoleMenu (MenuID,RoleID)   values(338,137)
Insert into RoleMenu (MenuID,RoleID)   values(337,138)
Insert into RoleMenu (MenuID,RoleID)   values(338,138)
Insert into RoleMenu (MenuID,RoleID)   values(337,139)
Insert into RoleMenu (MenuID,RoleID)   values(338,139)
Insert into RoleMenu (MenuID,RoleID)   values(337,140)
Insert into RoleMenu (MenuID,RoleID)   values(338,140)
Insert into RoleMenu (MenuID,RoleID)   values(337,141)
Insert into RoleMenu (MenuID,RoleID)   values(338,141)
Insert into RoleMenu (MenuID,RoleID)   values(337,142)
Insert into RoleMenu (MenuID,RoleID)   values(338,142)
Insert into RoleMenu (MenuID,RoleID)   values(337,143)
Insert into RoleMenu (MenuID,RoleID)   values(338,143)
Insert into RoleMenu (MenuID,RoleID)   values(337,144)
Insert into RoleMenu (MenuID,RoleID)   values(338,144)

Insert into RoleMenu (MenuID,RoleID)   values(339,145)
Insert into RoleMenu (MenuID,RoleID)   values(340,145)
Insert into RoleMenu (MenuID,RoleID)   values(341,145)
Insert into RoleMenu (MenuID,RoleID)   values(342,122)
Insert into RoleMenu (MenuID,RoleID)   values(343,121)
Insert into RoleMenu (MenuID,RoleID)   values(344,121)

Insert into RoleMenu (MenuID,RoleID)   values(343,150)
Insert into RoleMenu (MenuID,RoleID)   values(344,150)

Insert into RoleMenu (MenuID,RoleID)   values(333,150)
Insert into RoleMenu (MenuID,RoleID)   values(334,150)
Insert into RoleMenu (MenuID,RoleID)   values(335,150)
Insert into RoleMenu (MenuID,RoleID)   values(336,151)
Insert into RoleMenu (MenuID,RoleID)   values(342,151)
--Insert into RoleMenu (MenuID,RoleID)   values(347,151)accounts sample report menu
Insert into RoleMenu (MenuID,RoleID)   values(348,151)

Insert into RoleMenu (MenuID,RoleID)   values(333,152)
Insert into RoleMenu (MenuID,RoleID)   values(334,152)
Insert into RoleMenu (MenuID,RoleID)   values(335,152)
Insert into RoleMenu (MenuID,RoleID)   values(343,152)
Insert into RoleMenu (MenuID,RoleID)   values(344,152)
Insert into RoleMenu (MenuID,RoleID)   values(347,122)

Insert into RoleMenu (MenuID,RoleID)   values(346,134)
Insert into RoleMenu (MenuID,RoleID)   values(348,122)

---receive sample for sr,jr labs
Insert into RoleMenu (MenuID,RoleID)   values(345,123)
Insert into RoleMenu (MenuID,RoleID)   values(345,124)
Insert into RoleMenu (MenuID,RoleID)   values(345,125)
Insert into RoleMenu (MenuID,RoleID)   values(345,126)
Insert into RoleMenu (MenuID,RoleID)   values(345,127)
Insert into RoleMenu (MenuID,RoleID)   values(345,128)
Insert into RoleMenu (MenuID,RoleID)   values(345,129)
Insert into RoleMenu (MenuID,RoleID)   values(345,130)
Insert into RoleMenu (MenuID,RoleID)   values(345,131)
Insert into RoleMenu (MenuID,RoleID)   values(345,132)
Insert into RoleMenu (MenuID,RoleID)   values(345,133)
Insert into RoleMenu (MenuID,RoleID)   values(345,134)
Insert into RoleMenu (MenuID,RoleID)   values(345,135)
Insert into RoleMenu (MenuID,RoleID)   values(345,136)
Insert into RoleMenu (MenuID,RoleID)   values(345,137)
Insert into RoleMenu (MenuID,RoleID)   values(345,138)
Insert into RoleMenu (MenuID,RoleID)   values(345,139)
Insert into RoleMenu (MenuID,RoleID)   values(345,140)
Insert into RoleMenu (MenuID,RoleID)   values(345,141)
Insert into RoleMenu (MenuID,RoleID)   values(345,142)
Insert into RoleMenu (MenuID,RoleID)   values(345,143)
Insert into RoleMenu (MenuID,RoleID)   values(345,144)


Insert into RoleMenu (MenuID,RoleID)   values(349,122)
Insert into RoleMenu (MenuID,RoleID)   values(349,151)

--change password
Insert into RoleMenu (MenuID,RoleID)   values(337,121)
Insert into RoleMenu (MenuID,RoleID)   values(337,122)
Insert into RoleMenu (MenuID,RoleID)   values(337,150)
Insert into RoleMenu (MenuID,RoleID)   values(337,151)
Insert into RoleMenu (MenuID,RoleID)   values(337,152)

--Investigation Collection Report
Insert into RoleMenu (MenuID,RoleID)   values(350,122)
Insert into RoleMenu (MenuID,RoleID)   values(350,151)

Insert into RoleMenu (MenuID,RoleID)   values(341,153)
Insert into RoleMenu (MenuID,RoleID)   values(342,153)
Insert into RoleMenu (MenuID,RoleID)   values(347,153)
Insert into RoleMenu (MenuID,RoleID)   values(348,153)

Insert into RoleMenu (MenuID,RoleID)   values(343,122)
Insert into RoleMenu (MenuID,RoleID)   values(351,122)
Insert into RoleMenu (MenuID,RoleID)   values(351,121)

Insert into RoleMenu (MenuID,RoleID)   values(352,121)
Insert into RoleMenu (MenuID,RoleID)   values(352,122)
Insert into RoleMenu (MenuID,RoleID)   values(353,122)
---Investigation Report
Insert into RoleMenu (MenuID,RoleID)   values(352,123)
Insert into RoleMenu (MenuID,RoleID)   values(352,124)
Insert into RoleMenu (MenuID,RoleID)   values(352,125)
Insert into RoleMenu (MenuID,RoleID)   values(352,126)
Insert into RoleMenu (MenuID,RoleID)   values(352,127)
Insert into RoleMenu (MenuID,RoleID)   values(352,128)
Insert into RoleMenu (MenuID,RoleID)   values(352,129)
Insert into RoleMenu (MenuID,RoleID)   values(352,130)
Insert into RoleMenu (MenuID,RoleID)   values(352,131)
Insert into RoleMenu (MenuID,RoleID)   values(352,132)
Insert into RoleMenu (MenuID,RoleID)   values(352,133)
Insert into RoleMenu (MenuID,RoleID)   values(352,134)
Insert into RoleMenu (MenuID,RoleID)   values(352,135)
Insert into RoleMenu (MenuID,RoleID)   values(352,136)
Insert into RoleMenu (MenuID,RoleID)   values(352,137)
Insert into RoleMenu (MenuID,RoleID)   values(352,138)
Insert into RoleMenu (MenuID,RoleID)   values(352,139)
Insert into RoleMenu (MenuID,RoleID)   values(352,140)
Insert into RoleMenu (MenuID,RoleID)   values(352,141)
Insert into RoleMenu (MenuID,RoleID)   values(352,142)
Insert into RoleMenu (MenuID,RoleID)   values(352,143)
Insert into RoleMenu (MenuID,RoleID)   values(352,144)
--Investigation Capture
Insert into RoleMenu (MenuID,RoleID)   values(346,123)
Insert into RoleMenu (MenuID,RoleID)   values(346,124)
Insert into RoleMenu (MenuID,RoleID)   values(346,125)
Insert into RoleMenu (MenuID,RoleID)   values(346,126)
Insert into RoleMenu (MenuID,RoleID)   values(346,127)
Insert into RoleMenu (MenuID,RoleID)   values(346,128)
Insert into RoleMenu (MenuID,RoleID)   values(346,129)
Insert into RoleMenu (MenuID,RoleID)   values(346,130)
Insert into RoleMenu (MenuID,RoleID)   values(346,131)
Insert into RoleMenu (MenuID,RoleID)   values(346,132)
Insert into RoleMenu (MenuID,RoleID)   values(346,133)
Insert into RoleMenu (MenuID,RoleID)   values(346,135)
Insert into RoleMenu (MenuID,RoleID)   values(346,136)
Insert into RoleMenu (MenuID,RoleID)   values(346,137)
Insert into RoleMenu (MenuID,RoleID)   values(346,138)
Insert into RoleMenu (MenuID,RoleID)   values(346,139)
Insert into RoleMenu (MenuID,RoleID)   values(346,140)
Insert into RoleMenu (MenuID,RoleID)   values(346,141)
Insert into RoleMenu (MenuID,RoleID)   values(346,142)
Insert into RoleMenu (MenuID,RoleID)   values(346,143)
Insert into RoleMenu (MenuID,RoleID)   values(346,144)

--Insert into RoleMenu (MenuID,RoleID)   values(351,121)

Insert into RoleMenu (MenuID,RoleID)   values(354,122)
Insert into RoleMenu (MenuID,RoleID)   values(355,122)
Insert into RoleMenu (MenuID,RoleID)   values(356,122)
--Insert into RoleMenu (MenuID,RoleID)   values(357,122)
Insert into RoleMenu (MenuID,RoleID)   values(358,122)

Insert into RoleMenu (MenuID,RoleID)   values(359,153)
Insert into RoleMenu (MenuID,RoleID)   values(352,153)
/* invdeptmaster	*/

DELETE invdeptmaster where OrgID=14
insert into invdeptmaster (Deptid,deptname,orgid,display) values(201,'Biochemistry',14,'Y')
insert into invdeptmaster (Deptid,deptname,orgid,display) values(202,'Blood Bank',14,'Y')
insert into invdeptmaster (Deptid,deptname,orgid,display) values(203,'Clinical Pathology',14,'Y')
insert into invdeptmaster (Deptid,deptname,orgid,display) values(204,'Cytogenetics',14,'Y')
insert into invdeptmaster (Deptid,deptname,orgid,display) values(205,'General',14,'N')
insert into invdeptmaster (Deptid,deptname,orgid,display) values(206,'Hematology',14,'Y')
insert into invdeptmaster (Deptid,deptname,orgid,display) values(207,'Histopathology',14,'Y')
insert into invdeptmaster (Deptid,deptname,orgid,display) values(208,'Imaging',14,'Y')
insert into invdeptmaster (Deptid,deptname,orgid,display) values(209,'Immunology',14,'Y')
insert into invdeptmaster (Deptid,deptname,orgid,display) values(210,'Microbiology',14,'Y')
insert into invdeptmaster (Deptid,deptname,orgid,display) values(211,'Molecular Biology',14,'Y')
insert into invdeptmaster (Deptid,deptname,orgid,display) values(212,'CollectionDesk',14,'N')
insert into invdeptmaster (Deptid,deptname,orgid,display) values(213,'Cytology',14,'N')

/*	RoleDeptMap	*/
DELETE RoleDeptMap where RoleID in (121,122,123,124,125,126,127,128,129,130,131,132,133,134,135,136,137,138,139,140,141,142,143,144,145,150,151,152,153)
								   
Insert into RoleDeptMap(RoleID,DeptID)  values(123,201)
Insert into RoleDeptMap(RoleID,DeptID)  values(124,201)
Insert into RoleDeptMap(RoleID,DeptID)  values(125,202)
Insert into RoleDeptMap(RoleID,DeptID)  values(126,202)
Insert into RoleDeptMap(RoleID,DeptID)  values(127,203)
Insert into RoleDeptMap(RoleID,DeptID)  values(128,203)
Insert into RoleDeptMap(RoleID,DeptID)  values(129,204)
Insert into RoleDeptMap(RoleID,DeptID)  values(130,204)
Insert into RoleDeptMap(RoleID,DeptID)  values(131,205)
Insert into RoleDeptMap(RoleID,DeptID)  values(132,205)
Insert into RoleDeptMap(RoleID,DeptID)  values(133,206)
Insert into RoleDeptMap(RoleID,DeptID)  values(134,206)
Insert into RoleDeptMap(RoleID,DeptID)  values(135,207)
Insert into RoleDeptMap(RoleID,DeptID)  values(136,207)
Insert into RoleDeptMap(RoleID,DeptID)  values(137,208)
Insert into RoleDeptMap(RoleID,DeptID)  values(138,208)
Insert into RoleDeptMap(RoleID,DeptID)  values(139,209)
Insert into RoleDeptMap(RoleID,DeptID)  values(140,209)
Insert into RoleDeptMap(RoleID,DeptID)  values(141,210)
Insert into RoleDeptMap(RoleID,DeptID)  values(142,210)
Insert into RoleDeptMap(RoleID,DeptID)  values(143,211)
Insert into RoleDeptMap(RoleID,DeptID)  values(144,211)
Insert into RoleDeptMap(RoleID,DeptID)  values(121,212)



/* Menu Master  */
DELETE MenuMaster where MenuID in (333,334,335,336,337,338,339,340,341,342,343,344,345,346,347,348,349,350,351,352,353,354,355,356,357,358)

Insert into MenuMaster(MenuID,DisplayText,Parentid,OrgId,PageID)values(333,'Sample Registration',0,14,31)
Insert into MenuMaster(MenuID,DisplayText,Parentid,OrgId,PageID)values(334,'Patient Search',0,14,32)
Insert into MenuMaster(MenuID,DisplayText,Parentid,OrgId,PageID)values(335,'Bill Search',0,14,33)
Insert into MenuMaster(MenuID,DisplayText,Parentid,OrgId,PageID)values(336,'Reports',0,14,35)
Insert into MenuMaster(MenuID,DisplayText,Parentid,OrgId,PageID)values(337,'Change Password',0,14,20)
Insert into MenuMaster(MenuID,DisplayText,Parentid,OrgId,PageID)values(338,'Home',0,14,30)
Insert into MenuMaster(MenuID,DisplayText,Parentid,OrgId,PageID)values(339,'Set Reminders',0,2,16)
Insert into MenuMaster(MenuID,DisplayText,Parentid,OrgId,PageID)values(340,'Home',0,2,13)
Insert into MenuMaster(MenuID,DisplayText,Parentid,OrgId,PageID)values(341,'Change Password',0,2,20)
Insert into MenuMaster(MenuID,DisplayText,Parentid,OrgId,PageID)values(342,'Summary Reports',0,14,36)
Insert into MenuMaster(MenuID,DisplayText,Parentid,OrgId,PageID)values(343,'Add/Change Hospital',1,14,42)
Insert into MenuMaster(MenuID,DisplayText,Parentid,OrgId,PageID)values(344,'Collect Sample',0,14,43)
Insert into MenuMaster(MenuID,DisplayText,Parentid,OrgId,PageID)values(345,'Receive Sample',0,14,46)
Insert into MenuMaster(MenuID,DisplayText,Parentid,OrgId,PageID)values(346,'Investigation Capture',0,14,47)
Insert into MenuMaster(MenuID,DisplayText,Parentid,OrgId,PageID)values(347,'Sample Report',0,14,48)
Insert into MenuMaster(MenuID,DisplayText,Parentid,OrgId,PageID)values(348,'Bill Search',0,14,49)
Insert into MenuMaster(MenuID,DisplayText,Parentid,OrgId,PageID)values(349,'Due Search',0,14,51)
Insert into MenuMaster(MenuID,DisplayText,Parentid,OrgId,PageID)values(350,'Collection Report',0,14,55)
Insert into MenuMaster(MenuID,DisplayText,Parentid,OrgId,PageID)values(351,'Add/Change Physician',1,14,58)
Insert into MenuMaster(MenuID,DisplayText,Parentid,OrgId,PageID)values(352,'Investigation Report',0,14,52)
Insert into MenuMaster(MenuID,DisplayText,Parentid,OrgId,PageID)values(353,'Manage Reference Range',1,14,60)
Insert into MenuMaster(MenuID,DisplayText,Parentid,OrgId,PageID)values(354,'Manage Test Instrument',1,14,61)
Insert into MenuMaster(MenuID,DisplayText,Parentid,OrgId,PageID)values(355,'Manage Test Kit',1,14,62)
Insert into MenuMaster(MenuID,DisplayText,Parentid,OrgId,PageID)values(356,'Manage Test Method',1,14,63)
Insert into MenuMaster(MenuID,DisplayText,Parentid,OrgId,PageID)values(357,'Manage Test / Group',1,14,64)
Insert into MenuMaster(MenuID,DisplayText,Parentid,OrgId,PageID)values(358,'Manage Rates',1,14,65)
Insert into MenuMaster(MenuID,DisplayText,Parentid,OrgId,PageID)values(359,'Dispatch Result',0,14,66)

/* SearchActions  */
DELETE SearchActions where RoleID in (121,152,122,151,153)
Insert into SearchActions(ActionName,RoleID,PageID,Type)  Values('Make Investigation Entry',121,  31,'PatientSearch')
Insert into SearchActions(ActionName,RoleID,PageID,Type)  Values('View & Print Bill',121,  34,'BillSearch')
Insert into SearchActions(ActionName,RoleID,PageID,Type) Values('Make Investigation Entry',152, 31,'PatientSearch')
Insert into SearchActions(ActionName,RoleID,PageID,Type) Values('View & Print Bill',152, 34,'BillSearch')
Insert into SearchActions(ActionName,RoleID,PageID,Type)  Values('Due Collection',121,  136,'BillSearch')
Insert into SearchActions(ActionName,RoleID,PageID,Type)  Values('Due Collection',152,  136,'BillSearch')

Insert into SearchActions(ActionName,RoleID,PageID,Type)  Values('Change Priority',121,  139,'BillSearch')
Insert into SearchActions(ActionName,RoleID,PageID,Type)  Values('Change Priority',152,  139,'BillSearch')

Insert into SearchActions(ActionName,RoleID,PageID,Type)  Values('Update Patient Details',121,  140,'PatientSearch')---
Insert into SearchActions(ActionName,RoleID,PageID,Type)  Values('Update Patient Details',152,  140,'PatientSearch')---

--
Insert into SearchActions(ActionName,RoleID,PageID,Type) Values('View & Print Bill',122, 133,'BillSearch')
Insert into SearchActions(ActionName,RoleID,PageID,Type) Values('View & Cancel Bill',122, 133,'BillSearch')
Insert into SearchActions(ActionName,RoleID,PageID,Type) Values('View & Print Bill',151, 133,'BillSearch')
Insert into SearchActions(ActionName,RoleID,PageID,Type) Values('View & Cancel Bill',151, 133,'BillSearch')

Insert into SearchActions(ActionName,RoleID,PageID,Type) Values('View & Print Bill',153, 133,'BillSearch')
Insert into SearchActions(ActionName,RoleID,PageID,Type)  Values('Additional Information',121,  142,'BillSearch')
Insert into SearchActions(ActionName,RoleID,PageID,Type)  Values('Due Collection',151,  136,'BillSearch')
/*	investigationstatus	*/
DELETE FROM investigationstatus WHERE OrgID = 14
insert into investigationstatus(orgid,status)  values(14,'Pending')
insert into investigationstatus(orgid,status)  values(14,'Completed')
insert into investigationstatus(orgid,status)  values(14,'Rejected')
/* PageMapping  */
DELETE PageMapping where RoleID in (121,122,123,124,125,126,127,128,129,130,131,132,133,134,135,136,137,138,139,140,141,142,143,144,145,150,151,152,153)
								   
Insert into PageMapping(RoleId,PageID,SeqNo) values(121,31,1)
Insert into PageMapping(RoleId,PageID,SeqNo) values(122,35,1)
Insert into PageMapping(RoleId,PageID,SeqNo) values(122,36,2)

Insert into PageMapping(RoleId,PageID,SeqNo) values(123,30,1)
Insert into PageMapping(RoleId,PageID,SeqNo) values(124,30,1)
Insert into PageMapping(RoleId,PageID,SeqNo) values(125,30,1)
Insert into PageMapping(RoleId,PageID,SeqNo) values(126,30,1)
Insert into PageMapping(RoleId,PageID,SeqNo) values(127,30,1)
Insert into PageMapping(RoleId,PageID,SeqNo) values(128,30,1)
Insert into PageMapping(RoleId,PageID,SeqNo) values(129,30,1)
Insert into PageMapping(RoleId,PageID,SeqNo) values(130,30,1)
Insert into PageMapping(RoleId,PageID,SeqNo) values(131,30,1)
Insert into PageMapping(RoleId,PageID,SeqNo) values(132,30,1)
Insert into PageMapping(RoleId,PageID,SeqNo) values(133,30,1)
Insert into PageMapping(RoleId,PageID,SeqNo) values(134,30,1)
Insert into PageMapping(RoleId,PageID,SeqNo) values(135,30,1)
Insert into PageMapping(RoleId,PageID,SeqNo) values(136,30,1)
Insert into PageMapping(RoleId,PageID,SeqNo) values(137,30,1)
Insert into PageMapping(RoleId,PageID,SeqNo) values(138,30,1)
Insert into PageMapping(RoleId,PageID,SeqNo) values(139,30,1)
Insert into PageMapping(RoleId,PageID,SeqNo) values(140,30,1)
Insert into PageMapping(RoleId,PageID,SeqNo) values(141,30,1)
Insert into PageMapping(RoleId,PageID,SeqNo) values(142,30,1)
Insert into PageMapping(RoleId,PageID,SeqNo) values(143,30,1)
Insert into PageMapping(RoleId,PageID,SeqNo) values(144,30,1)
Insert into PageMapping(RoleId,PageID,SeqNo) values(145,13,1)
Insert into PageMapping(RoleId,PageID,SeqNo) values(150,31,1)
Insert into PageMapping(RoleId,PageID,SeqNo) values(152,31,1)
Insert into PageMapping(RoleId,PageID,SeqNo) values(151,35,1)
Insert into PageMapping(RoleId,PageID,SeqNo) values(151,36,2)

Insert into PageMapping(RoleId,PageID,SeqNo) values(153,49,1)


/*  OrganizationAddress  */
DELETE OrganizationAddress where AddressID = 24
Insert into OrganizationAddress (AddressID,OrgID,AddressType,  Add1,Add2,Add3,PostalCode,CountryID,City,StateID,MobileNumber,LandLineNumber,  Comments,Location) Values(24,14,'A','C-127,5th Cross','Thillai Nagar','','620018',0,'Tiruchirappalli',0,'93451 00981','2740004','','Trichy')
/* ReferingPhysician */
DELETE ReferingPhysician where OrgID =14

INSERT INTO ReferingPhysician(PhysicianName,Qualification,OrganizationName,Orgid)VALUES('Ramji.K','MBBS, MS','',14)
INSERT INTO ReferingPhysician(PhysicianName,Qualification,OrganizationName,Orgid)VALUES('Parvathy.P','MBBS D.O DNB','',14)
INSERT INTO ReferingPhysician(PhysicianName,Qualification,OrganizationName,Orgid)VALUES('Balachandran.S','MBBS D.Ortho','',14)
INSERT INTO ReferingPhysician(PhysicianName,Qualification,OrganizationName,Orgid)VALUES('Balasubramanian.G','MBBS','',14)
INSERT INTO ReferingPhysician(PhysicianName,Qualification,OrganizationName,Orgid)VALUES('Mythili Krishnamoorthy','MD, DGO','Sri Dhanvanthri Nursing Home',14)
INSERT INTO ReferingPhysician(PhysicianName,Qualification,OrganizationName,Orgid)VALUES('Krishnamoorthy.N','MBBS D.Ortho','',14)
INSERT INTO ReferingPhysician(PhysicianName,Qualification,OrganizationName,Orgid)VALUES('Meena Ramkumar','MBBS, DGO','',14)
INSERT INTO ReferingPhysician(PhysicianName,Qualification,OrganizationName,Orgid)VALUES('Raghavan.N','MD (Paediatrics)','Rengasri Child Care Clinic',14)
INSERT INTO ReferingPhysician(PhysicianName,Qualification,OrganizationName,Orgid)VALUES('Rajesh.K','MS, DLO','Sri Devi Hospital',14)
INSERT INTO ReferingPhysician(PhysicianName,Qualification,OrganizationName,Orgid)VALUES('Punitha Rajesh','MD, DGO','Sri Devi Hospital',14)
INSERT INTO ReferingPhysician(PhysicianName,Qualification,OrganizationName,Orgid)VALUES('Suganthy','BDS','',14)
INSERT INTO ReferingPhysician(PhysicianName,Qualification,OrganizationName,Orgid)VALUES('Ramesh.E','MBBS, DCH','',14)
INSERT INTO ReferingPhysician(PhysicianName,Qualification,OrganizationName,Orgid)VALUES('Bama Ramesh','MD, DGO','',14)
INSERT INTO ReferingPhysician(PhysicianName,Qualification,OrganizationName,Orgid)VALUES('Kalyani.V.R','MBBS, DCH','Sri Dhanvanthri Nursing Home',14)
INSERT INTO ReferingPhysician(PhysicianName,Qualification,OrganizationName,Orgid)VALUES('Murali.k.v','MD','Sri Dhanvanthri Nursing Home',14)
INSERT INTO ReferingPhysician(PhysicianName,Qualification,OrganizationName,Orgid)VALUES('Jayalakshmi .S.R','MBBS, DO','Sri Dhanvanthri Nursing Home',14)
INSERT INTO ReferingPhysician(PhysicianName,Qualification,OrganizationName,Orgid)VALUES('Raja','MBBS','Sri Balaji Hospital',14)
INSERT INTO ReferingPhysician(PhysicianName,Qualification,OrganizationName,Orgid)VALUES('Ramakrishnan.P','MS','Sri Venkateswara Hospitals',14)
INSERT INTO ReferingPhysician(PhysicianName,Qualification,OrganizationName,Orgid)VALUES('Saravanan.K','MD','Sri Balaji Hospital',14)
INSERT INTO ReferingPhysician(PhysicianName,Qualification,OrganizationName,Orgid)VALUES('Gopinath.C','MS','Sri Balaji Hospital',14)
INSERT INTO ReferingPhysician(PhysicianName,Qualification,OrganizationName,Orgid)VALUES('Rajamanoharan.A','MS DLO','Sri Balaji Hospital',14)
INSERT INTO ReferingPhysician(PhysicianName,Qualification,OrganizationName,Orgid)VALUES('Surendra Babu','MBBS,MD','Keerthana Nursing Home',14)
INSERT INTO ReferingPhysician(PhysicianName,Qualification,OrganizationName,Orgid)VALUES('Rajendrane','MBBS DTRD','Rajendrane Nursing Home',14)
INSERT INTO ReferingPhysician(PhysicianName,Qualification,OrganizationName,Orgid)VALUES('Pankajam','MBBS, DGO','',14)
INSERT INTO ReferingPhysician(PhysicianName,Qualification,OrganizationName,Orgid)VALUES('Manoharan.S','MD (Gen. Med.)','',14)
INSERT INTO ReferingPhysician(PhysicianName,Qualification,OrganizationName,Orgid)VALUES('Narayanan.D','MD, MRCP','',14)
INSERT INTO ReferingPhysician(PhysicianName,Qualification,OrganizationName,Orgid)VALUES('Geetharaman','MD, DM(Neuro)','',14)
INSERT INTO ReferingPhysician(PhysicianName,Qualification,OrganizationName,Orgid)VALUES('Sittukalavathy','MDS','Valli Dental Clinic',14)
INSERT INTO ReferingPhysician(PhysicianName,Qualification,OrganizationName,Orgid)VALUES('Krishnamoorthy.G','DH&DM','',14)
INSERT INTO ReferingPhysician(PhysicianName,Qualification,OrganizationName,Orgid)VALUES('Narendran','MDS','Amsa Dental Surgery',14)
INSERT INTO ReferingPhysician(PhysicianName,Qualification,OrganizationName,Orgid)VALUES('Senthilvel','MBBS, D.Diab','',14)
INSERT INTO ReferingPhysician(PhysicianName,Qualification,OrganizationName,Orgid)VALUES('Binu Joseph.I','BDS','Karunya Dental Clinic',14)
INSERT INTO ReferingPhysician(PhysicianName,Qualification,OrganizationName,Orgid)VALUES('Senthamilselvan','BDS','',14)
INSERT INTO ReferingPhysician(PhysicianName,Qualification,OrganizationName,Orgid)VALUES('Govindaraj.P','MBBS, FCCP','Sri Abirami Hospital',14)
INSERT INTO ReferingPhysician(PhysicianName,Qualification,OrganizationName,Orgid)VALUES('Vasudevan.K','MBBS, DCP','Sree Vaishnavi Laboratory',14)
INSERT INTO ReferingPhysician(PhysicianName,Qualification,OrganizationName,Orgid)VALUES('Lalitha Jambunathan','MBBS DGO','Sri Sunder Nursing Home',14)
INSERT INTO ReferingPhysician(PhysicianName,Qualification,OrganizationName,Orgid)VALUES('Jambunathan','B.Sc,MBBS,D,Ac,MS','Sri Sunder Nursing Home',14)
INSERT INTO ReferingPhysician(PhysicianName,Qualification,OrganizationName,Orgid)VALUES('Rafi Ahmed Khan','MBBS','',14)
INSERT INTO ReferingPhysician(PhysicianName,Qualification,OrganizationName,Orgid)VALUES('Thirumurugan','BDS','Perumal Hospital',14)
INSERT INTO ReferingPhysician(PhysicianName,Qualification,OrganizationName,Orgid)VALUES('Sree Jayanth.K.K','MBBS, FCCP','',14)
INSERT INTO ReferingPhysician(PhysicianName,Qualification,OrganizationName,Orgid)VALUES('Lawrence.T.K','BDS','Mary Dental Hospital',14)
INSERT INTO ReferingPhysician(PhysicianName,Qualification,OrganizationName,Orgid)VALUES('Neethi MohanRaj.R','MBBS, DCH','Surya Children Hospital',14)
INSERT INTO ReferingPhysician(PhysicianName,Qualification,OrganizationName,Orgid)VALUES('Perumal.M','','',14)
INSERT INTO ReferingPhysician(PhysicianName,Qualification,OrganizationName,Orgid)VALUES('Babu Anand','MBBS, DLO','',14)
INSERT INTO ReferingPhysician(PhysicianName,Qualification,OrganizationName,Orgid)VALUES('Devadass.D','','',14)
INSERT INTO ReferingPhysician(PhysicianName,Qualification,OrganizationName,Orgid)VALUES('Kavitha','MD DGO','',14)
INSERT INTO ReferingPhysician(PhysicianName,Qualification,OrganizationName,Orgid)VALUES('Rajagopal','','',14)
INSERT INTO ReferingPhysician(PhysicianName,Qualification,OrganizationName,Orgid)VALUES('Leela Devi','MD DGO','',14)
INSERT INTO ReferingPhysician(PhysicianName,Qualification,OrganizationName,Orgid)VALUES('Senguttuvan.S','MS','',14)
INSERT INTO ReferingPhysician(PhysicianName,Qualification,OrganizationName,Orgid)VALUES('Balasubramaniyan','','',14)
INSERT INTO ReferingPhysician(PhysicianName,Qualification,OrganizationName,Orgid)VALUES('Muthu Subramaniyan','','',14)
INSERT INTO ReferingPhysician(PhysicianName,Qualification,OrganizationName,Orgid)VALUES('Umarani','MBBS DGO','',14)
INSERT INTO ReferingPhysician(PhysicianName,Qualification,OrganizationName,Orgid)VALUES('Saravanan.S','MD','',14)
INSERT INTO ReferingPhysician(PhysicianName,Qualification,OrganizationName,Orgid)VALUES('Sethuraman.A','MD','',14)
INSERT INTO ReferingPhysician(PhysicianName,Qualification,OrganizationName,Orgid)VALUES('Dharmaraj.V','MS','',14)
INSERT INTO ReferingPhysician(PhysicianName,Qualification,OrganizationName,Orgid)VALUES('Vinayak Kumar','','',14)
INSERT INTO ReferingPhysician(PhysicianName,Qualification,OrganizationName,Orgid)VALUES('Manimekalai.N','','',14)
INSERT INTO ReferingPhysician(PhysicianName,Qualification,OrganizationName,Orgid)VALUES('Senthil Kumaran.P','MS','',14)
INSERT INTO ReferingPhysician(PhysicianName,Qualification,OrganizationName,Orgid)VALUES('Vijayalakshmi.G','','',14)
INSERT INTO ReferingPhysician(PhysicianName,Qualification,OrganizationName,Orgid)VALUES('Geetha Manoharan','','',14)
INSERT INTO ReferingPhysician(PhysicianName,Qualification,OrganizationName,Orgid)VALUES('Kannammai Manoharan','','',14)
INSERT INTO ReferingPhysician(PhysicianName,Qualification,OrganizationName,Orgid)VALUES('Manoharan.V','','',14)
INSERT INTO ReferingPhysician(PhysicianName,Qualification,OrganizationName,Orgid)VALUES('Shakul Hameed.G','BDS','',14)
INSERT INTO ReferingPhysician(PhysicianName,Qualification,OrganizationName,Orgid)VALUES('Vanmathi.K','','',14)
INSERT INTO ReferingPhysician(PhysicianName,Qualification,OrganizationName,Orgid)VALUES('Sundharesh.K','','',14)
INSERT INTO ReferingPhysician(PhysicianName,Qualification,OrganizationName,Orgid)VALUES('Rajaram.N','MD','',14)
INSERT INTO ReferingPhysician(PhysicianName,Qualification,OrganizationName,Orgid)VALUES('Balaji.E.K','','',14)
INSERT INTO ReferingPhysician(PhysicianName,Qualification,OrganizationName,Orgid)VALUES('Sathyamoorthy.T','','',14)
INSERT INTO ReferingPhysician(PhysicianName,Qualification,OrganizationName,Orgid)VALUES('Krithiga.S','','',14)
INSERT INTO ReferingPhysician(PhysicianName,Qualification,OrganizationName,Orgid)VALUES('Sundaravel.K','MBBS','Alagar Clinic',14)
INSERT INTO ReferingPhysician(PhysicianName,Qualification,OrganizationName,Orgid)VALUES('Mariappan.K','MBBS, DCH','K.B.Clinic',14)
INSERT INTO ReferingPhysician(PhysicianName,Qualification,OrganizationName,Orgid)VALUES('Hari Prakash.K','BDS','Amutha Dental Care',14)
INSERT INTO ReferingPhysician(PhysicianName,Qualification,OrganizationName,Orgid)VALUES('Akthar Hussain.S.K','BDS','City Dental Care',14)
INSERT INTO ReferingPhysician(PhysicianName,Qualification,OrganizationName,Orgid)VALUES('Vasiulla.M','MBBS','Safiulla Hospital',14)
INSERT INTO ReferingPhysician(PhysicianName,Qualification,OrganizationName,Orgid)VALUES('Saroja Sekaran.C','MBBS','Siva Clinic',14)
INSERT INTO ReferingPhysician(PhysicianName,Qualification,OrganizationName,Orgid)VALUES('Haji M.A.Shukkur','MBBS','',14)
INSERT INTO ReferingPhysician(PhysicianName,Qualification,OrganizationName,Orgid)VALUES('Mohamed Imdadulla','MBBS DCH','Dr.Safiulla Hospital',14)
INSERT INTO ReferingPhysician(PhysicianName,Qualification,OrganizationName,Orgid)VALUES('Thajudin.A.R','MBBS DO','',14)
INSERT INTO ReferingPhysician(PhysicianName,Qualification,OrganizationName,Orgid)VALUES('Ramesh Kumar.K.S','','',14)
INSERT INTO ReferingPhysician(PhysicianName,Qualification,OrganizationName,Orgid)VALUES('Kala Ramesh Kumar','','',14)
INSERT INTO ReferingPhysician(PhysicianName,Qualification,OrganizationName,Orgid)VALUES('Amutharani.N','MBBS','',14)
INSERT INTO ReferingPhysician(PhysicianName,Qualification,OrganizationName,Orgid)VALUES('Rajeswari.S','BDS','',14)
INSERT INTO ReferingPhysician(PhysicianName,Qualification,OrganizationName,Orgid)VALUES('Anusuya.M','MBBS','',14)
INSERT INTO ReferingPhysician(PhysicianName,Qualification,OrganizationName,Orgid)VALUES('Theagharajan.S','MBBS FCGP','Shanthi Clinic',14)
INSERT INTO ReferingPhysician(PhysicianName,Qualification,OrganizationName,Orgid)VALUES('Murugan.M','MD','',14)
INSERT INTO ReferingPhysician(PhysicianName,Qualification,OrganizationName,Orgid)VALUES('Jemma Xavier','MBBS','',14)
INSERT INTO ReferingPhysician(PhysicianName,Qualification,OrganizationName,Orgid)VALUES('Johnson.J.P','MD (General Medicine)','Leema Clinic',14)
INSERT INTO ReferingPhysician(PhysicianName,Qualification,OrganizationName,Orgid)VALUES('Seetharaman.S','MD','Rasi Clinic',14)
INSERT INTO ReferingPhysician(PhysicianName,Qualification,OrganizationName,Orgid)VALUES('Thenmozhi.B','MBBS','',14)
INSERT INTO ReferingPhysician(PhysicianName,Qualification,OrganizationName,Orgid)VALUES('Fathima Hussainy','MBBS','',14)
INSERT INTO ReferingPhysician(PhysicianName,Qualification,OrganizationName,Orgid)VALUES('Anandan.B.S','MBBS','Sri Vadivel Clinic',14)
INSERT INTO ReferingPhysician(PhysicianName,Qualification,OrganizationName,Orgid)VALUES('Venkatesan.V.S','MS','Sittara Clinic',14)
INSERT INTO ReferingPhysician(PhysicianName,Qualification,OrganizationName,Orgid)VALUES('Anees Mohamed.M','B.Sc MBBS DRM FCCP FRSH','',14)
INSERT INTO ReferingPhysician(PhysicianName,Qualification,OrganizationName,Orgid)VALUES('Amutha Chokalingam','MBBS, DGO','',14)
INSERT INTO ReferingPhysician(PhysicianName,Qualification,OrganizationName,Orgid)VALUES('Paul.L','MBBS, MS','Pedro Nursing Home',14)
INSERT INTO ReferingPhysician(PhysicianName,Qualification,OrganizationName,Orgid)VALUES('Nirmala Paul','MBBS','',14)
INSERT INTO ReferingPhysician(PhysicianName,Qualification,OrganizationName,Orgid)VALUES('Thamilarasi','MBBS','Karthick medicals',14)
INSERT INTO ReferingPhysician(PhysicianName,Qualification,OrganizationName,Orgid)VALUES('Senthil Kumar.P','MBBS, DLO','Muthu medical center',14)
INSERT INTO ReferingPhysician(PhysicianName,Qualification,OrganizationName,Orgid)VALUES('Karunakaran','MBBS, MS','Lakshimi nursing Home',14)
INSERT INTO ReferingPhysician(PhysicianName,Qualification,OrganizationName,Orgid)VALUES('Sumathi Senkuttuvan','MBBS, DGO','',14)
INSERT INTO ReferingPhysician(PhysicianName,Qualification,OrganizationName,Orgid)VALUES('Shakila Zameer Pasha','MBBS, DGO','Shanawaz Nursing Home',14)
INSERT INTO ReferingPhysician(PhysicianName,Qualification,OrganizationName,Orgid)VALUES('Zameer Pasha','MS, FICS','Shanawaz Nursing Home',14)
INSERT INTO ReferingPhysician(PhysicianName,Qualification,OrganizationName,Orgid)VALUES('Govindharajan.R','MS,DNB MRCS, M.Ch(Uro)','Jeyam Urological Centre',14)
INSERT INTO ReferingPhysician(PhysicianName,Qualification,OrganizationName,Orgid)VALUES('Chandrasekaran.M','','',14)
INSERT INTO ReferingPhysician(PhysicianName,Qualification,OrganizationName,Orgid)VALUES('Janakiraman.T.N','MS. DLO','Royal Pearl Hospital',14)
INSERT INTO ReferingPhysician(PhysicianName,Qualification,OrganizationName,Orgid)VALUES('Subhrahmanyan.A.V','MD, DM','AVS Neuro & ENT Clinic',14)
INSERT INTO ReferingPhysician(PhysicianName,Qualification,OrganizationName,Orgid)VALUES('Giri.P','MD,DNB(Nephro)','Giri Nursing Home',14)
INSERT INTO ReferingPhysician(PhysicianName,Qualification,OrganizationName,Orgid)VALUES('Booma Giri','MD, DMRD','Giri Nursing Home',14)
INSERT INTO ReferingPhysician(PhysicianName,Qualification,OrganizationName,Orgid)VALUES('Chitra','MBBS, DGO','Lalitha Nursing Home',14)
INSERT INTO ReferingPhysician(PhysicianName,Qualification,OrganizationName,Orgid)VALUES('Sathyanarayanan','MBBS, DLO','ENT consultant',14)
INSERT INTO ReferingPhysician(PhysicianName,Qualification,OrganizationName,Orgid)VALUES('Ramani Devi','MD DGO','Janani Nursing Home',14)
INSERT INTO ReferingPhysician(PhysicianName,Qualification,OrganizationName,Orgid)VALUES('Sathish Kumar','MD','Royal Pearl Hospital',14)
INSERT INTO ReferingPhysician(PhysicianName,Qualification,OrganizationName,Orgid)VALUES('Pichumani.K.K','MD','Renga Nursing Home',14)
INSERT INTO ReferingPhysician(PhysicianName,Qualification,OrganizationName,Orgid)VALUES('Mohamed Farook','MS (Ortho), MS (General)','SAM Poly clinic',14)
INSERT INTO ReferingPhysician(PhysicianName,Qualification,OrganizationName,Orgid)VALUES('Nirmala.A.V.K','MD, DGO','SAM Poly clinic',14)
INSERT INTO ReferingPhysician(PhysicianName,Qualification,OrganizationName,Orgid)VALUES('Palaniyappan','MS, DLO','Sethu ENT Research Centre',14)
INSERT INTO ReferingPhysician(PhysicianName,Qualification,OrganizationName,Orgid)VALUES('Prakasam.N','MD','Sri Venkateswara Hospital ',14)
INSERT INTO ReferingPhysician(PhysicianName,Qualification,OrganizationName,Orgid)VALUES('Sripriya Pragasam','MD, DGO','Sri Venkateswara Hospital ',14)
INSERT INTO ReferingPhysician(PhysicianName,Qualification,OrganizationName,Orgid)VALUES('Dhanasekaran','MBBS, D.Ortho','Sri Venkateswara Hospital',14)
INSERT INTO ReferingPhysician(PhysicianName,Qualification,OrganizationName,Orgid)VALUES('Uma Dhanasekaran','BDS','Sri Venkateswara Hospital',14)
INSERT INTO ReferingPhysician(PhysicianName,Qualification,OrganizationName,Orgid)VALUES('Selvarani','MBBS DGO','Vihas Hospital',14)
INSERT INTO ReferingPhysician(PhysicianName,Qualification,OrganizationName,Orgid)VALUES('Mohandass.G','MBBS DA','Vihas Hospital',14)
INSERT INTO ReferingPhysician(PhysicianName,Qualification,OrganizationName,Orgid)VALUES('Ravi','MS(Ortho)','Royal Pearl Hospital',14)
INSERT INTO ReferingPhysician(PhysicianName,Qualification,OrganizationName,Orgid)VALUES('Vidhya Ravi','MBBS, DGO','Royal Pearl Hospital',14)
INSERT INTO ReferingPhysician(PhysicianName,Qualification,OrganizationName,Orgid)VALUES('Gunasekaran','MD','Deepan Nursing Home',14)
INSERT INTO ReferingPhysician(PhysicianName,Qualification,OrganizationName,Orgid)VALUES('Devanathan','MS, MCh','Urology & Infertility Clinic',14)
INSERT INTO ReferingPhysician(PhysicianName,Qualification,OrganizationName,Orgid)VALUES('Palanichami.T','MD, D.Diab','Bharath Medical Centre',14)
INSERT INTO ReferingPhysician(PhysicianName,Qualification,OrganizationName,Orgid)VALUES('Gopalakrishnan.R','MD DNB MRCP','RGK Kidney Clinic',14)
INSERT INTO ReferingPhysician(PhysicianName,Qualification,OrganizationName,Orgid)VALUES('Sasikumar.S','MBBS, DDVL','Rasi Skin Clinic',14)
INSERT INTO ReferingPhysician(PhysicianName,Qualification,OrganizationName,Orgid)VALUES('Rajavel.M','BDS','Vijaya Bharathy Dental Surgery',14)
INSERT INTO ReferingPhysician(PhysicianName,Qualification,OrganizationName,Orgid)VALUES('Rathnam.P.R','MD(Pead) DCH','Trichy Children Clinic',14)
INSERT INTO ReferingPhysician(PhysicianName,Qualification,OrganizationName,Orgid)VALUES('Reginald Samuel','BDS','Suganthy Dental Clinic',14)
INSERT INTO ReferingPhysician(PhysicianName,Qualification,OrganizationName,Orgid)VALUES('Kailash Kumar','MD, DD','Skin specialist',14)
INSERT INTO ReferingPhysician(PhysicianName,Qualification,OrganizationName,Orgid)VALUES('Sayath.R','MBBS, DLO, DNB','Karp clinic',14)
INSERT INTO ReferingPhysician(PhysicianName,Qualification,OrganizationName,Orgid)VALUES('Govindarajan ','MS MCH(Uro)','Jeyam Urological Centre',14)
INSERT INTO ReferingPhysician(PhysicianName,Qualification,OrganizationName,Orgid)VALUES('Sivasankaran.M','MD','Clinic',14)
INSERT INTO ReferingPhysician(PhysicianName,Qualification,OrganizationName,Orgid)VALUES('Kalaiyarasi','BDS','Surya Dental Care',14)
INSERT INTO ReferingPhysician(PhysicianName,Qualification,OrganizationName,Orgid)VALUES('Senthil nayagam.K','BSc, MDS','Senthil Dental Clinic',14)
INSERT INTO ReferingPhysician(PhysicianName,Qualification,OrganizationName,Orgid)VALUES('Karthikeyan.M','MBBS, DD','',14)
INSERT INTO ReferingPhysician(PhysicianName,Qualification,OrganizationName,Orgid)VALUES('Sai Vidhya Sagar','MD, DMRD','Sai Krupa Dental Specialities',14)
INSERT INTO ReferingPhysician(PhysicianName,Qualification,OrganizationName,Orgid)VALUES('Rohaiyah','MD, DGO','Fathima Clinic',14)
INSERT INTO ReferingPhysician(PhysicianName,Qualification,OrganizationName,Orgid)VALUES('Sundararajan.R','MD DM (Neuro)','Trichy Neuro Centre',14)
INSERT INTO ReferingPhysician(PhysicianName,Qualification,OrganizationName,Orgid)VALUES('Srirangan','MBBS,DD','',14)
INSERT INTO ReferingPhysician(PhysicianName,Qualification,OrganizationName,Orgid)VALUES('Surendran.K','MBBS, DLO','',14)
INSERT INTO ReferingPhysician(PhysicianName,Qualification,OrganizationName,Orgid)VALUES('Uma Mohanraj',' MD(Pead) DNB(OG)','R.S Nursing Home',14)
INSERT INTO ReferingPhysician(PhysicianName,Qualification,OrganizationName,Orgid)VALUES('Ananth.L','MDS','',14)
INSERT INTO ReferingPhysician(PhysicianName,Qualification,OrganizationName,Orgid)VALUES('Rajan.T.K','MDS','',14)
INSERT INTO ReferingPhysician(PhysicianName,Qualification,OrganizationName,Orgid)VALUES('Sunderrajan.S','MS Ortho','',14)
INSERT INTO ReferingPhysician(PhysicianName,Qualification,OrganizationName,Orgid)VALUES('Sumathi Ravikumar','MBBS, DGO','Krishna Medical Centre',14)
INSERT INTO ReferingPhysician(PhysicianName,Qualification,OrganizationName,Orgid)VALUES('Venkateswar.R','MBBS, MS','Akila Computer Eye Clinic',14)
INSERT INTO ReferingPhysician(PhysicianName,Qualification,OrganizationName,Orgid)VALUES('Narmatha Srinivasan','MBBS, DD','',14)
INSERT INTO ReferingPhysician(PhysicianName,Qualification,OrganizationName,Orgid)VALUES('Kumar.P','MD DPM FIPS','Vishranthi Mental Health Centre',14)
INSERT INTO ReferingPhysician(PhysicianName,Qualification,OrganizationName,Orgid)VALUES('Mythili.B','MD, DCH','',14)
INSERT INTO ReferingPhysician(PhysicianName,Qualification,OrganizationName,Orgid)VALUES('Pugalenthi.N','MS DO','T.R.P POLY CLINIC',14)
INSERT INTO ReferingPhysician(PhysicianName,Qualification,OrganizationName,Orgid)VALUES('Krishna Murthy Kannan','MS MCh','T.R.P P OLY CLINIC',14)
INSERT INTO ReferingPhysician(PhysicianName,Qualification,OrganizationName,Orgid)VALUES('Shanthi.P','MBBS, DGO','Bharath Medical Centre',14)
INSERT INTO ReferingPhysician(PhysicianName,Qualification,OrganizationName,Orgid)VALUES('Kuppusamy.K','MD, DCh','',14)
INSERT INTO ReferingPhysician(PhysicianName,Qualification,OrganizationName,Orgid)VALUES('Krishna Murthy.A','MS, DLO','PLA Medical Center',14)
INSERT INTO ReferingPhysician(PhysicianName,Qualification,OrganizationName,Orgid)VALUES('Siva Shanmugam.K','MBBS, DD','PLA Medical Center',14)
INSERT INTO ReferingPhysician(PhysicianName,Qualification,OrganizationName,Orgid)VALUES('Chandra Mohan','MS','',14)
INSERT INTO ReferingPhysician(PhysicianName,Qualification,OrganizationName,Orgid)VALUES('Maniya.V','MD, MRCP','Gastro Enterologist',14)
INSERT INTO ReferingPhysician(PhysicianName,Qualification,OrganizationName,Orgid)VALUES('Srinivas.S','MD','Gastro Care Hospital',14)
INSERT INTO ReferingPhysician(PhysicianName,Qualification,OrganizationName,Orgid)VALUES('Kathiravan.K','MS, MCh','Gastro Care Hospital',14)
INSERT INTO ReferingPhysician(PhysicianName,Qualification,OrganizationName,Orgid)VALUES('Ramalinkhan','MBBS','TRP Polyclinic',14)
INSERT INTO ReferingPhysician(PhysicianName,Qualification,OrganizationName,Orgid)VALUES('Kalaiyazhaki','MBBS','TRP Polyclinic',14)
INSERT INTO ReferingPhysician(PhysicianName,Qualification,OrganizationName,Orgid)VALUES('Rajakumari','MBBS, DGO','Rasi Clinic',14)
INSERT INTO ReferingPhysician(PhysicianName,Qualification,OrganizationName,Orgid)VALUES('Balasubramanian.D','MD, DPM','Bharath Medical Centre',14)
INSERT INTO ReferingPhysician(PhysicianName,Qualification,OrganizationName,Orgid)VALUES('Uma Maheswari','BSc BDS','Bharath Medical Centre',14)
INSERT INTO ReferingPhysician(PhysicianName,Qualification,OrganizationName,Orgid)VALUES('Madiazhagan.R','MD(Gen) DM(Onc)','PLA Medical Centre',14)
INSERT INTO ReferingPhysician(PhysicianName,Qualification,OrganizationName,Orgid)VALUES('Rajasekaran.V','MD, DD','TRP Polyclinic',14)
INSERT INTO ReferingPhysician(PhysicianName,Qualification,OrganizationName,Orgid)VALUES('Venugopal.A','MS DLO','Dr.Ananthagiri Nursing Home',14)
INSERT INTO ReferingPhysician(PhysicianName,Qualification,OrganizationName,Orgid)VALUES('Mothi.P.Krupasankar','MBBS, DO','',14)
INSERT INTO ReferingPhysician(PhysicianName,Qualification,OrganizationName,Orgid)VALUES('Gulam Mohideen.M','MS(Ortho)','Bharath Medical Centre',14)
INSERT INTO ReferingPhysician(PhysicianName,Qualification,OrganizationName,Orgid)VALUES('Jagaram.J','MS','Balaji Hospital',14)
INSERT INTO ReferingPhysician(PhysicianName,Qualification,OrganizationName,Orgid)VALUES('Veena Jagaram','MD,DGO','Jagatha Hospital',14)
INSERT INTO ReferingPhysician(PhysicianName,Qualification,OrganizationName,Orgid)VALUES('Jagaram.J','MS Ortho','Jagatha Hospital',14)
INSERT INTO ReferingPhysician(PhysicianName,Qualification,OrganizationName,Orgid)VALUES('Seetharaman.S','MD','Rasi Clinic',14)
INSERT INTO ReferingPhysician(PhysicianName,Qualification,OrganizationName,Orgid)VALUES('Justin.W','MS DLO','Thillak Hospital',14)
INSERT INTO ReferingPhysician(PhysicianName,Qualification,OrganizationName,Orgid)VALUES('Illango.P','MBBS','',14)
INSERT INTO ReferingPhysician(PhysicianName,Qualification,OrganizationName,Orgid)VALUES('Illango.P','MBBS','',14)
INSERT INTO ReferingPhysician(PhysicianName,Qualification,OrganizationName,Orgid)VALUES('Hussain.K.A','MBBS DTC','',14)
INSERT INTO ReferingPhysician(PhysicianName,Qualification,OrganizationName,Orgid)VALUES('Saminathan.D','MD DCH','',14)
INSERT INTO ReferingPhysician(PhysicianName,Qualification,OrganizationName,Orgid)VALUES('Mohammed Ali.S','MBBS FCCP','',14)
INSERT INTO ReferingPhysician(PhysicianName,Qualification,OrganizationName,Orgid)VALUES('Basheer Alikhan.H','MBBS','',14)
INSERT INTO ReferingPhysician(PhysicianName,Qualification,OrganizationName,Orgid)VALUES('Shameem Banu','MBBS','',14)
INSERT INTO ReferingPhysician(PhysicianName,Qualification,OrganizationName,Orgid)VALUES('Pramila Kanagaraj','MBBS DCP','Andal Clinic',14)
INSERT INTO ReferingPhysician(PhysicianName,Qualification,OrganizationName,Orgid)VALUES('Ramesh Babu.K','MBBS','',14)
INSERT INTO ReferingPhysician(PhysicianName,Qualification,OrganizationName,Orgid)VALUES('Esakki Muthu.E','MS','',14)
INSERT INTO ReferingPhysician(PhysicianName,Qualification,OrganizationName,Orgid)VALUES('Chandramohan.T','B.Sc MBBS','',14)
INSERT INTO ReferingPhysician(PhysicianName,Qualification,OrganizationName,Orgid)VALUES('Clement Antony','MBBS DCH','',14)
INSERT INTO ReferingPhysician(PhysicianName,Qualification,OrganizationName,Orgid)VALUES('Devasagayam','MD(Path.)','',14)
INSERT INTO ReferingPhysician(PhysicianName,Qualification,OrganizationName,Orgid)VALUES('Sareena Sreejith','MD DCH','Child Jesus hospita l and Vasan',14)
INSERT INTO ReferingPhysician(PhysicianName,Qualification,OrganizationName,Orgid)VALUES('Meenakshi Sundaram.S','MBBS','',14)
INSERT INTO ReferingPhysician(PhysicianName,Qualification,OrganizationName,Orgid)VALUES('Thresia.(Sr)','DGO','Child Jesus hospital',14)
INSERT INTO ReferingPhysician(PhysicianName,Qualification,OrganizationName,Orgid)VALUES('Sridharan.S','MS M.Ch','Child Jesus hospital',14)
INSERT INTO ReferingPhysician(PhysicianName,Qualification,OrganizationName,Orgid)VALUES('Amali Jeya.K','DGO','Child Jesus hospital',14)
INSERT INTO ReferingPhysician(PhysicianName,Qualification,OrganizationName,Orgid)VALUES('Amuthavalli.R','BDS','Lalitha Tooth Care',14)
INSERT INTO ReferingPhysician(PhysicianName,Qualification,OrganizationName,Orgid)VALUES('Pachaiyappan.S','BDS','Bharani Dental Health Care',14)
INSERT INTO ReferingPhysician(PhysicianName,Qualification,OrganizationName,Orgid)VALUES('Rajprakash.R','BDS','',14)
INSERT INTO ReferingPhysician(PhysicianName,Qualification,OrganizationName,Orgid)VALUES('Swaminathan.M','B.Sc MBBS','Jaundice & General Clinic',14)
INSERT INTO ReferingPhysician(PhysicianName,Qualification,OrganizationName,Orgid)VALUES('Uma Shankar','MBBS','I.S Nursing Home',14)
INSERT INTO ReferingPhysician(PhysicianName,Qualification,OrganizationName,Orgid)VALUES('S Prasad.N','MD DIH','I.S Nursing Home',14)
INSERT INTO ReferingPhysician(PhysicianName,Qualification,OrganizationName,Orgid)VALUES('Malathi','MD DGO','I.S Nursing Home',14)
INSERT INTO ReferingPhysician(PhysicianName,Qualification,OrganizationName,Orgid)VALUES('Xavier ','DMRT','I.S Nursing Home',14)
INSERT INTO ReferingPhysician(PhysicianName,Qualification,OrganizationName,Orgid)VALUES('Parthiban','MS DO','I.S Nursing Home',14)
INSERT INTO ReferingPhysician(PhysicianName,Qualification,OrganizationName,Orgid)VALUES('Shanmugam.G','','',14)
INSERT INTO ReferingPhysician(PhysicianName,Qualification,OrganizationName,Orgid)VALUES('Prabhakaran.P','MS MCH','Hari Hospital',14)
INSERT INTO ReferingPhysician(PhysicianName,Qualification,OrganizationName,Orgid)VALUES('Kasirani.P','MBBS, DGO','Hari Hospital',14)
INSERT INTO ReferingPhysician(PhysicianName,Qualification,OrganizationName,Orgid)VALUES('Sivagnanam.N','MBBS FCCP','Saraswathy Hospital',14)
INSERT INTO ReferingPhysician(PhysicianName,Qualification,OrganizationName,Orgid)VALUES('Shanthini','MS O&G','Kamatchi Hospital',14)
INSERT INTO ReferingPhysician(PhysicianName,Qualification,OrganizationName,Orgid)VALUES('Punniyamurthy','MBBS','Kamatchi Hospital',14)
INSERT INTO ReferingPhysician(PhysicianName,Qualification,OrganizationName,Orgid)VALUES('Gurumoorthy','MBBS','GURU CLINIC',14)
INSERT INTO ReferingPhysician(PhysicianName,Qualification,OrganizationName,Orgid)VALUES('Parkavan Patchamuthu','MBBS LLB','Parkkavan Hospital',14)
INSERT INTO ReferingPhysician(PhysicianName,Qualification,OrganizationName,Orgid)VALUES('Aruna Patchamuthu','MBBS, DGO','Parkkavan Hospital',14)
INSERT INTO ReferingPhysician(PhysicianName,Qualification,OrganizationName,Orgid)VALUES('Minnal','MBBS','Parkkavan Hospital',14)
INSERT INTO ReferingPhysician(PhysicianName,Qualification,OrganizationName,Orgid)VALUES('Gunaseelan.S','MBBS DCCH,DCMN','',14)
INSERT INTO ReferingPhysician(PhysicianName,Qualification,OrganizationName,Orgid)VALUES('Snekalatha.S','BDS','',14)
INSERT INTO ReferingPhysician(PhysicianName,Qualification,OrganizationName,Orgid)VALUES('Ravikumar.R','B.Sc,B.A.M.S','',14)
INSERT INTO ReferingPhysician(PhysicianName,Qualification,OrganizationName,Orgid)VALUES('Jegadeeshwari.R','MBBS','Eshwar Thangam Clinic',14)
INSERT INTO ReferingPhysician(PhysicianName,Qualification,OrganizationName,Orgid)VALUES('Ambujavalli.B','Medical Officer','Ex-Serviceman Polyclinic',14)
INSERT INTO ReferingPhysician(PhysicianName,Qualification,OrganizationName,Orgid)VALUES('Sridhar.M','MBBS','',14)
INSERT INTO ReferingPhysician(PhysicianName,Qualification,OrganizationName,Orgid)VALUES('Dharmaraj.K','MBBS','Chellam Clinic',14)
INSERT INTO ReferingPhysician(PhysicianName,Qualification,OrganizationName,Orgid)VALUES('John Bosco.A','MBBS','Infant Jesus Clinic',14)
INSERT INTO ReferingPhysician(PhysicianName,Qualification,OrganizationName,Orgid)VALUES('Rita Bosco','','Infant Jesus Clinic',14)
INSERT INTO ReferingPhysician(PhysicianName,Qualification,OrganizationName,Orgid)VALUES('Aju Bosco','MBBS','Infant Jesus Clinic',14)
INSERT INTO ReferingPhysician(PhysicianName,Qualification,OrganizationName,Orgid)VALUES('Bosco.Ancy X','','Infant Jesus Clinic',14)
INSERT INTO ReferingPhysician(PhysicianName,Qualification,OrganizationName,Orgid)VALUES('Muthukumar.M','MD (Pead)','D-Lakshmanadas Hospital',14)
INSERT INTO ReferingPhysician(PhysicianName,Qualification,OrganizationName,Orgid)VALUES('Valarmathi','MBBS','D-Lakshmanadas Hospital',14)
INSERT INTO ReferingPhysician(PhysicianName,Qualification,OrganizationName,Orgid)VALUES('Srihari','MS ','D-Lakshmanadas Hospital',14)
INSERT INTO ReferingPhysician(PhysicianName,Qualification,OrganizationName,Orgid)VALUES('Shyamala.R','BDS','',14)
INSERT INTO ReferingPhysician(PhysicianName,Qualification,OrganizationName,Orgid)VALUES('Ravichandran.S','MBBS','',14)
INSERT INTO ReferingPhysician(PhysicianName,Qualification,OrganizationName,Orgid)VALUES('Latha Ravichandran.D','','',14)
INSERT INTO ReferingPhysician(PhysicianName,Qualification,OrganizationName,Orgid)VALUES('Durairaj.R','MBBS','Aswin Hospital',14)
INSERT INTO ReferingPhysician(PhysicianName,Qualification,OrganizationName,Orgid)VALUES('Kaladevi.D','MBBS','Aswin Hospital',14)
INSERT INTO ReferingPhysician(PhysicianName,Qualification,OrganizationName,Orgid)VALUES('Shanthi Krishna','MBBS DLO','Glorious Hospital',14)
INSERT INTO ReferingPhysician(PhysicianName,Qualification,OrganizationName,Orgid)VALUES('Prathiba.S','MBBS','D-Lakshmanadas Hospital',14)
INSERT INTO ReferingPhysician(PhysicianName,Qualification,OrganizationName,Orgid)VALUES('Kandhimathi.M','MBBS DFH','Sri Sivam Clinic',14)
INSERT INTO ReferingPhysician(PhysicianName,Qualification,OrganizationName,Orgid)VALUES('Thiruvasakan.G','MBBS','',14)
INSERT INTO ReferingPhysician(PhysicianName,Qualification,OrganizationName,Orgid)VALUES('Sanjeevi Perumal.T.A','B.Sc, MBBS FCCP','Miruna Clinic',14)
INSERT INTO ReferingPhysician(PhysicianName,Qualification,OrganizationName,Orgid)VALUES('Paneerselvam.S','MD','',14)
INSERT INTO ReferingPhysician(PhysicianName,Qualification,OrganizationName,Orgid)VALUES('Karunakaran.G','MBBS FAGE','Curewell Clinic',14)
INSERT INTO ReferingPhysician(PhysicianName,Qualification,OrganizationName,Orgid)VALUES('Mathavi.S','MBBS DFH','',14)
INSERT INTO ReferingPhysician(PhysicianName,Qualification,OrganizationName,Orgid)VALUES('Geethanjali Subramanian ','BSc MBBS','DTRD',14)
INSERT INTO ReferingPhysician(PhysicianName,Qualification,OrganizationName,Orgid)VALUES('Sivakkumari.S','MBBS','',14)
INSERT INTO ReferingPhysician(PhysicianName,Qualification,OrganizationName,Orgid)VALUES('Karpagam.K','MBBS','',14)
INSERT INTO ReferingPhysician(PhysicianName,Qualification,OrganizationName,Orgid)VALUES('Sakthivel.P','BDS','',14)
INSERT INTO ReferingPhysician(PhysicianName,Qualification,OrganizationName,Orgid)VALUES('Anand','','Thiruverumbur Medical Centre(P) ltd',14)
INSERT INTO ReferingPhysician(PhysicianName,Qualification,OrganizationName,Orgid)VALUES('Suguna.S','','',14)
INSERT INTO ReferingPhysician(PhysicianName,Qualification,OrganizationName,Orgid)VALUES('Surfunnisha Gani.A','MBBS','Shereef Clinic',14)
INSERT INTO ReferingPhysician(PhysicianName,Qualification,OrganizationName,Orgid)VALUES('Ravikumar.K','MBBS FAGE','Kumuran Clinic',14)
INSERT INTO ReferingPhysician(PhysicianName,Qualification,OrganizationName,Orgid)VALUES('Subramanian.V','','BHEL Hospital',14)
INSERT INTO ReferingPhysician(PhysicianName,Qualification,OrganizationName,Orgid)VALUES('Ramamurthy.V','','',14)
INSERT INTO ReferingPhysician(PhysicianName,Qualification,OrganizationName,Orgid)VALUES('Umarani','','',14)
INSERT INTO ReferingPhysician(PhysicianName,Qualification,OrganizationName,Orgid)VALUES('Jeyaprakash.G','MBBS DCH','JP Hospital',14)
INSERT INTO ReferingPhysician(PhysicianName,Qualification,OrganizationName,Orgid)VALUES('Nalini Jeyaprakash','MBBS DGO','JP Hospital',14)
INSERT INTO ReferingPhysician(PhysicianName,Qualification,OrganizationName,Orgid)VALUES('Moorthy.P.V','MBBS','',14)
INSERT INTO ReferingPhysician(PhysicianName,Qualification,OrganizationName,Orgid)VALUES('Vaheedha','','',14)
INSERT INTO ReferingPhysician(PhysicianName,Qualification,OrganizationName,Orgid)VALUES('Marina Clement','MBBS DGO','',14)
INSERT INTO ReferingPhysician(PhysicianName,Qualification,OrganizationName,Orgid)VALUES('Rajendran.A','MBBS DTM','',14)
INSERT INTO ReferingPhysician(PhysicianName,Qualification,OrganizationName,Orgid)VALUES('Sujatha Benedict.N','MBBS DGO','Karunya Hospital',14)
INSERT INTO ReferingPhysician(PhysicianName,Qualification,OrganizationName,Orgid)VALUES('Vijay Srinivasan','','',14)
INSERT INTO ReferingPhysician(PhysicianName,Qualification,OrganizationName,Orgid)VALUES('Latha.M.V.B','MBBS DNB(Opth)','Adithya Eye Care',14)
INSERT INTO ReferingPhysician(PhysicianName,Qualification,OrganizationName,Orgid)VALUES('Vanila','MS DNB (Opth)','Joseph Eye Hospital',14)
INSERT INTO ReferingPhysician(PhysicianName,Qualification,OrganizationName,Orgid)VALUES('Murali','MS','Joseph Eye Hospital',14)
INSERT INTO ReferingPhysician(PhysicianName,Qualification,OrganizationName,Orgid)VALUES('Sharvani','DO','Joseph Eye Hospital',14)
INSERT INTO ReferingPhysician(PhysicianName,Qualification,OrganizationName,Orgid)VALUES('Kamala Surendran','MD DGO','',14)
INSERT INTO ReferingPhysician(PhysicianName,Qualification,OrganizationName,Orgid)VALUES('Xavier Rasiah','MBBS','',14)
INSERT INTO ReferingPhysician(PhysicianName,Qualification,OrganizationName,Orgid)VALUES('Venkatesan.G','MBBS','Sri Sabari Hospital',14)
INSERT INTO ReferingPhysician(PhysicianName,Qualification,OrganizationName,Orgid)VALUES('Helen Rosita.J','MBBS DGO','Annai Hospital',14)
INSERT INTO ReferingPhysician(PhysicianName,Qualification,OrganizationName,Orgid)VALUES('Xavier.F','MA (Psy) MBBS DPM FCCP - Psychiatrist','',14)
INSERT INTO ReferingPhysician(PhysicianName,Qualification,OrganizationName,Orgid)VALUES('Sugumari.P','','',14)
INSERT INTO ReferingPhysician(PhysicianName,Qualification,OrganizationName,Orgid)VALUES('Poongothai','MBBS, C294DGO','Suba Shree nursing Home',14)
INSERT INTO ReferingPhysician(PhysicianName,Qualification,OrganizationName,Orgid)VALUES('Sundar','MBBS DSc','Sundar Clinic',14)
INSERT INTO ReferingPhysician(PhysicianName,Qualification,OrganizationName,Orgid)VALUES('Gurunathan','MD (Ped) DCH','Gopal Hospital',14)
INSERT INTO ReferingPhysician(PhysicianName,Qualification,OrganizationName,Orgid)VALUES('Kamalasivapragasam','MBBS DGO','Sivaram Hospital',14)
INSERT INTO ReferingPhysician(PhysicianName,Qualification,OrganizationName,Orgid)VALUES('Shanthi.T','','',14)
INSERT INTO ReferingPhysician(PhysicianName,Qualification,OrganizationName,Orgid)VALUES('Karthikeyan.K','MS(Ortho)','',14)
INSERT INTO ReferingPhysician(PhysicianName,Qualification,OrganizationName,Orgid)VALUES('Parimala Rani.K','MD DGO','',14)
INSERT INTO ReferingPhysician(PhysicianName,Qualification,OrganizationName,Orgid)VALUES('Renuga.J','MBBS','Renuga Nursing Home',14)
INSERT INTO ReferingPhysician(PhysicianName,Qualification,OrganizationName,Orgid)VALUES('Pushpalatha Sankar Rao','MBBS MD','',14)
INSERT INTO ReferingPhysician(PhysicianName,Qualification,OrganizationName,Orgid)VALUES('Manimegalai','','',14)
INSERT INTO ReferingPhysician(PhysicianName,Qualification,OrganizationName,Orgid)VALUES('Sundaram.G','MD (General Physician)','KMC - Family Hospital',14)
INSERT INTO ReferingPhysician(PhysicianName,Qualification,OrganizationName,Orgid)VALUES('Rosammal.A','MBBS DGO','',14)
INSERT INTO ReferingPhysician(PhysicianName,Qualification,OrganizationName,Orgid)VALUES('Thirunavukkarasu.C','MBBS MD PHD(USA)','',14)
INSERT INTO ReferingPhysician(PhysicianName,Qualification,OrganizationName,Orgid)VALUES('Rajadurai','MBBS DO','',14)
INSERT INTO ReferingPhysician(PhysicianName,Qualification,OrganizationName,Orgid)VALUES('Pushpaleela','MBBS DGO','',14)
INSERT INTO ReferingPhysician(PhysicianName,Qualification,OrganizationName,Orgid)VALUES('Kalaiselvan','','KMC - Family Hospital',14)
INSERT INTO ReferingPhysician(PhysicianName,Qualification,OrganizationName,Orgid)VALUES('Hemamalini.G','','',14)
INSERT INTO ReferingPhysician(PhysicianName,Qualification,OrganizationName,Orgid)VALUES('Senguttuvan.B','','',14)
INSERT INTO ReferingPhysician(PhysicianName,Qualification,OrganizationName,Orgid)VALUES('Senthil.V.J','','',14)
INSERT INTO ReferingPhysician(PhysicianName,Qualification,OrganizationName,Orgid)VALUES('Raman','','',14)
INSERT INTO ReferingPhysician(PhysicianName,Qualification,OrganizationName,Orgid)VALUES('Geetha','','',14)
INSERT INTO ReferingPhysician(PhysicianName,Qualification,OrganizationName,Orgid)VALUES('Sudhakar.G.K.S','','',14)
INSERT INTO ReferingPhysician(PhysicianName,Qualification,OrganizationName,Orgid)VALUES('Devika Sudhakar','','',14)
INSERT INTO ReferingPhysician(PhysicianName,Qualification,OrganizationName,Orgid)VALUES('Anitha .G','','',14)
INSERT INTO ReferingPhysician(PhysicianName,Qualification,OrganizationName,Orgid)VALUES('Syed.R','MBBS DLO DNB','Karp Clinic',14)
INSERT INTO ReferingPhysician(PhysicianName,Qualification,OrganizationName,Orgid)VALUES('Lakshmi Prabha','','Rana Maternity Hopspital',14)
INSERT INTO ReferingPhysician(PhysicianName,Qualification,OrganizationName,Orgid)VALUES('Indira Rengarajan','','',14)
INSERT INTO ReferingPhysician(PhysicianName,Qualification,OrganizationName,Orgid)VALUES('Ganapathy Sundar.K','','Kodi Skin Clinic',14)
INSERT INTO ReferingPhysician(PhysicianName,Qualification,OrganizationName,Orgid)VALUES('Kodi','','Kodi Skin Clinic',14)
INSERT INTO ReferingPhysician(PhysicianName,Qualification,OrganizationName,Orgid)VALUES('Gnanatilakan','','Tilak Hospital',14)
INSERT INTO ReferingPhysician(PhysicianName,Qualification,OrganizationName,Orgid)VALUES('Janaki.S','','',14)
INSERT INTO ReferingPhysician(PhysicianName,Qualification,OrganizationName,Orgid)VALUES('Ashraf.M.S','','Ayesha Hospital',14)
INSERT INTO ReferingPhysician(PhysicianName,Qualification,OrganizationName,Orgid)VALUES('Rameshwari Nallusamy','','',14)
INSERT INTO ReferingPhysician(PhysicianName,Qualification,OrganizationName,Orgid)VALUES('Lakshmi Narayanan','','Child Health Clinic',14)
INSERT INTO ReferingPhysician(PhysicianName,Qualification,OrganizationName,Orgid)VALUES('Soundararajan.A','','',14)
INSERT INTO ReferingPhysician(PhysicianName,Qualification,OrganizationName,Orgid)VALUES('Sivasubramaniyan.D','','Sivasakthi Nursing Home',14)
INSERT INTO ReferingPhysician(PhysicianName,Qualification,OrganizationName,Orgid)VALUES('Sunil Srinivasan','','Vas Hospital',14)
INSERT INTO ReferingPhysician(PhysicianName,Qualification,OrganizationName,Orgid)VALUES('Shanthi','','Vas Hospital',14)
INSERT INTO ReferingPhysician(PhysicianName,Qualification,OrganizationName,Orgid)VALUES('Srinivasan.V','','',14)
INSERT INTO ReferingPhysician(PhysicianName,Qualification,OrganizationName,Orgid)VALUES('Velmurugan.S','','Shri Akila Nursing Home',14)
INSERT INTO ReferingPhysician(PhysicianName,Qualification,OrganizationName,Orgid)VALUES('Senthilkumar.T','','Ramakrishna Nursing Home',14)
INSERT INTO ReferingPhysician(PhysicianName,Qualification,OrganizationName,Orgid)VALUES('Devaki','','Ramakrishna Nursing Home',14)
INSERT INTO ReferingPhysician(PhysicianName,Qualification,OrganizationName,Orgid)VALUES('Senthilkumar.T','','Vivekanantha Nursing home',14)
INSERT INTO ReferingPhysician(PhysicianName,Qualification,OrganizationName,Orgid)VALUES('Devaki','','Vivekanantha Nursing home',14)
INSERT INTO ReferingPhysician(PhysicianName,Qualification,OrganizationName,Orgid)VALUES('Thangamani.M','','Vijaya Hospital',14)
INSERT INTO ReferingPhysician(PhysicianName,Qualification,OrganizationName,Orgid)VALUES('Ponniah','','Ponniah Hospital',14)
INSERT INTO ReferingPhysician(PhysicianName,Qualification,OrganizationName,Orgid)VALUES('Senthamil Selvan.A','BDS','Smile Dental Clinic',14)
INSERT INTO ReferingPhysician(PhysicianName,Qualification,OrganizationName,Orgid)VALUES('Nirmala Sabarathinam','MBBS DGO','',14)
INSERT INTO ReferingPhysician(PhysicianName,Qualification,OrganizationName,Orgid)VALUES('Mariappan.T','MBBS DCH','G.M.Poly Clinic',14)
INSERT INTO ReferingPhysician(PhysicianName,Qualification,OrganizationName,Orgid)VALUES('Palaniyandi.S','MBBS','Subramaniyam Clinic',14)
INSERT INTO ReferingPhysician(PhysicianName,Qualification,OrganizationName,Orgid)VALUES('Chitra','','Subramaniyam Clinic',14)
INSERT INTO ReferingPhysician(PhysicianName,Qualification,OrganizationName,Orgid)VALUES('Jeyam Ramalingam','MBBS DGO','Jeyam Nursing Home',14)
INSERT INTO ReferingPhysician(PhysicianName,Qualification,OrganizationName,Orgid)VALUES('Akila .O.K','BSc MBBS','Clinic',14)
INSERT INTO ReferingPhysician(PhysicianName,Qualification,OrganizationName,Orgid)VALUES('Lakshmi.S','MBBS DCH','',14)
INSERT INTO ReferingPhysician(PhysicianName,Qualification,OrganizationName,Orgid)VALUES('LathaAnbuchezhian','MBBS DGO','Annai Meenatchi Clinic',14)
INSERT INTO ReferingPhysician(PhysicianName,Qualification,OrganizationName,Orgid)VALUES('Anbuchezhian','MBBS DA','Annai Meenatchi Clinic',14)
INSERT INTO ReferingPhysician(PhysicianName,Qualification,OrganizationName,Orgid)VALUES('Maniraj.T','','Dharsini Hospital',14)
INSERT INTO ReferingPhysician(PhysicianName,Qualification,OrganizationName,Orgid)VALUES('Usha Maniraj','','Dharsini Hospital',14)
INSERT INTO ReferingPhysician(PhysicianName,Qualification,OrganizationName,Orgid)VALUES('Dharmarajan.G','MS (Gen), CISG; (Gastro); FIAGES; D.M.I.S; (France)','Vasan Medical Centre',14)
INSERT INTO ReferingPhysician(PhysicianName,Qualification,OrganizationName,Orgid)VALUES('Nizamuddin.S','MBBS D.Phys. Med., D.Ortho','Vasan Medical Centre',14)
INSERT INTO ReferingPhysician(PhysicianName,Qualification,OrganizationName,Orgid)VALUES('Sheik Alavudeen','MD','Vasan Medical Centre',14)
INSERT INTO ReferingPhysician(PhysicianName,Qualification,OrganizationName,Orgid)VALUES('Chellappa.J.D.J','MS FICS','CHELLAPPA NURSING HOME',14)
INSERT INTO ReferingPhysician(PhysicianName,Qualification,OrganizationName,Orgid)VALUES('Rangarajan.T.N','MBBS','',14)
INSERT INTO ReferingPhysician(PhysicianName,Qualification,OrganizationName,Orgid)VALUES('Hariharan.B','','',14)
INSERT INTO ReferingPhysician(PhysicianName,Qualification,OrganizationName,Orgid)VALUES('Gurumurthy ','MBBS','New Aarthy Hospital',14)
INSERT INTO ReferingPhysician(PhysicianName,Qualification,OrganizationName,Orgid)VALUES('Anandan.S','','',14)
INSERT INTO ReferingPhysician(PhysicianName,Qualification,OrganizationName,Orgid)VALUES('Umadevi.D','','',14)
INSERT INTO ReferingPhysician(PhysicianName,Qualification,OrganizationName,Orgid)VALUES('Baskaran .P','MS','',14)
INSERT INTO ReferingPhysician(PhysicianName,Qualification,OrganizationName,Orgid)VALUES('Dominic Rodriquez','MD','Mariam Clinic',14)
INSERT INTO ReferingPhysician(PhysicianName,Qualification,OrganizationName,Orgid)VALUES('Rao.K.N','MS(Ortho)','Mariam Clinic',14)
INSERT INTO ReferingPhysician(PhysicianName,Qualification,OrganizationName,Orgid)VALUES('Mahalingam.N','MS DLO','',14)
INSERT INTO ReferingPhysician(PhysicianName,Qualification,OrganizationName,Orgid)VALUES('Madhivanan.S','MBBS MD','',14)
INSERT INTO ReferingPhysician(PhysicianName,Qualification,OrganizationName,Orgid)VALUES('Uma Balakrishnan','','R.S.Nursing Home',14)
INSERT INTO ReferingPhysician(PhysicianName,Qualification,OrganizationName,Orgid)VALUES('Vijayaragavan.D','MS(Ortho)','Bone And Joint Clinic',14)
INSERT INTO ReferingPhysician(PhysicianName,Qualification,OrganizationName,Orgid)VALUES('Sathiya Albert','MS DO','',14)
INSERT INTO ReferingPhysician(PhysicianName,Qualification,OrganizationName,Orgid)VALUES('Paneerselvam.P','MBBS D.Diab','Paneer Nursing Home',14)
INSERT INTO ReferingPhysician(PhysicianName,Qualification,OrganizationName,Orgid)VALUES('Pankajavalli.T.P','MD DGO','',14)
INSERT INTO ReferingPhysician(PhysicianName,Qualification,OrganizationName,Orgid)VALUES('Ponniah.S','MD','',14)
INSERT INTO ReferingPhysician(PhysicianName,Qualification,OrganizationName,Orgid)VALUES('Ansari.A','','Crescent Hospital',14)
INSERT INTO ReferingPhysician(PhysicianName,Qualification,OrganizationName,Orgid)VALUES('Chandrasekaran.S','','',14)
INSERT INTO ReferingPhysician(PhysicianName,Qualification,OrganizationName,Orgid)VALUES('Mathuram Joseph.C','','Guru Medical Hall',14)
INSERT INTO ReferingPhysician(PhysicianName,Qualification,OrganizationName,Orgid)VALUES('Mathuram Babu Isaac','','Guru Medical Hall',14)
INSERT INTO ReferingPhysician(PhysicianName,Qualification,OrganizationName,Orgid)VALUES('Mumtaj.M','DGO','',14)
INSERT INTO ReferingPhysician(PhysicianName,Qualification,OrganizationName,Orgid)VALUES('Sivakannu.M','','Sivakannu Nursing Home',14)
INSERT INTO ReferingPhysician(PhysicianName,Qualification,OrganizationName,Orgid)VALUES('Velayutham','','',14)
INSERT INTO ReferingPhysician(PhysicianName,Qualification,OrganizationName,Orgid)VALUES('Chenniappan.M','MD DM(Card.)','Ramakrishna Nursing Home',14)
INSERT INTO ReferingPhysician(PhysicianName,Qualification,OrganizationName,Orgid)VALUES('Ramani Devi.T','MD DGO','Ramakrishna Nursing Home',14)
INSERT INTO ReferingPhysician(PhysicianName,Qualification,OrganizationName,Orgid)VALUES('Jebakumar.Kingsley P','MD DCH','',14)
INSERT INTO ReferingPhysician(PhysicianName,Qualification,OrganizationName,Orgid)VALUES('Ranjani Jebakumar','MD DGO','',14)
INSERT INTO ReferingPhysician(PhysicianName,Qualification,OrganizationName,Orgid)VALUES('Prabhu Elango.P.R','MD DCH','',14)
INSERT INTO ReferingPhysician(PhysicianName,Qualification,OrganizationName,Orgid)VALUES('Premavathy Elango','MD DGO','',14)
INSERT INTO ReferingPhysician(PhysicianName,Qualification,OrganizationName,Orgid)VALUES('Ravi Stephan','MBBS DGO','Stephan Nursing Home',14)
INSERT INTO ReferingPhysician(PhysicianName,Qualification,OrganizationName,Orgid)VALUES('Rohini Stephan','MBBS','Stephan Nursing Home',14)
INSERT INTO ReferingPhysician(PhysicianName,Qualification,OrganizationName,Orgid)VALUES('Mohan .R','MS','Shyamala Nursing Home',14)
INSERT INTO ReferingPhysician(PhysicianName,Qualification,OrganizationName,Orgid)VALUES('Kasthuri Mohan','MD DGO','Shyamala Nursing Home',14)
INSERT INTO ReferingPhysician(PhysicianName,Qualification,OrganizationName,Orgid)VALUES('Venkatesan.S','MS DNB','Sushrutha Nursing Home',14)
INSERT INTO ReferingPhysician(PhysicianName,Qualification,OrganizationName,Orgid)VALUES('Mahadevi','','Sushrutha Nursing Home',14)
INSERT INTO ReferingPhysician(PhysicianName,Qualification,OrganizationName,Orgid)VALUES('Madhivanan.P','','Arul Hospital',14)
INSERT INTO ReferingPhysician(PhysicianName,Qualification,OrganizationName,Orgid)VALUES('Thamilselvi','','Arul Hospital',14)
INSERT INTO ReferingPhysician(PhysicianName,Qualification,OrganizationName,Orgid)VALUES('Badrinath.T.P','','',14)
INSERT INTO ReferingPhysician(PhysicianName,Qualification,OrganizationName,Orgid)VALUES('Neethi Mohanraj.R','','',14)
INSERT INTO ReferingPhysician(PhysicianName,Qualification,OrganizationName,Orgid)VALUES('Selvam.R','','',14)
INSERT INTO ReferingPhysician(PhysicianName,Qualification,OrganizationName,Orgid)VALUES('Thaiyalnayaki','','',14)
INSERT INTO ReferingPhysician(PhysicianName,Qualification,OrganizationName,Orgid)VALUES('Johnston Gnanaraj','','',14)
INSERT INTO ReferingPhysician(PhysicianName,Qualification,OrganizationName,Orgid)VALUES('Victoria Johnston','','',14)
INSERT INTO ReferingPhysician(PhysicianName,Qualification,OrganizationName,Orgid)VALUES('Anand Rengasamy','','Sudharsana Hospital',14)
INSERT INTO ReferingPhysician(PhysicianName,Qualification,OrganizationName,Orgid)VALUES('Yogambal.G','','',14)
INSERT INTO ReferingPhysician(PhysicianName,Qualification,OrganizationName,Orgid)VALUES('Sundaram.M','MD','Sundaram Nursing Home',14)
INSERT INTO ReferingPhysician(PhysicianName,Qualification,OrganizationName,Orgid)VALUES('Vivek Sundaram','MD','Sundaram Nursing Home',14)
INSERT INTO ReferingPhysician(PhysicianName,Qualification,OrganizationName,Orgid)VALUES('Shilpa Vivek','','Sundaram Nursing Home',14)
INSERT INTO ReferingPhysician(PhysicianName,Qualification,OrganizationName,Orgid)VALUES('Muralidharan.K.M','','Muthu Nursing Home',14)
INSERT INTO ReferingPhysician(PhysicianName,Qualification,OrganizationName,Orgid)VALUES('Arularasi','','Muthu Nursing Home',14)
INSERT INTO ReferingPhysician(PhysicianName,Qualification,OrganizationName,Orgid)VALUES('David Mathias','MD DA','',14)
INSERT INTO ReferingPhysician(PhysicianName,Qualification,OrganizationName,Orgid)VALUES('Shantha David','MBBS','',14)
INSERT INTO ReferingPhysician(PhysicianName,Qualification,OrganizationName,Orgid)VALUES('Jayachandran','MBBS DTCD','',14)
INSERT INTO ReferingPhysician(PhysicianName,Qualification,OrganizationName,Orgid)VALUES('Suseeladevi','MD DGO','',14)
INSERT INTO ReferingPhysician(PhysicianName,Qualification,OrganizationName,Orgid)VALUES('Vedhamanickam','MD DA','',14)
INSERT INTO ReferingPhysician(PhysicianName,Qualification,OrganizationName,Orgid)VALUES('Rebecca Vedhamanickam','MBBS DA','',14)
INSERT INTO ReferingPhysician(PhysicianName,Qualification,OrganizationName,Orgid)VALUES('Raj Kumar','MD','Rj Hospital',14)
INSERT INTO ReferingPhysician(PhysicianName,Qualification,OrganizationName,Orgid)VALUES('Jothilakshmi','','Rj Hospital',14)
INSERT INTO ReferingPhysician(PhysicianName,Qualification,OrganizationName,Orgid)VALUES('Suba','DLO','',14)
INSERT INTO ReferingPhysician(PhysicianName,Qualification,OrganizationName,Orgid)VALUES('Thirunavukarasu.T.K','MS','Ramakrishna Nursing Home',14)
INSERT INTO ReferingPhysician(PhysicianName,Qualification,OrganizationName,Orgid)VALUES('Ponnammal','MD DGO','Ramakrishna Nursing Home',14)
INSERT INTO ReferingPhysician(PhysicianName,Qualification,OrganizationName,Orgid)VALUES('Namasivayam.K','MBBS','',14)
INSERT INTO ReferingPhysician(PhysicianName,Qualification,OrganizationName,Orgid)VALUES('Gnanaselvan','','',14)
INSERT INTO ReferingPhysician(PhysicianName,Qualification,OrganizationName,Orgid)VALUES('Helan Rosita','','',14)
INSERT INTO ReferingPhysician(PhysicianName,Qualification,OrganizationName,Orgid)VALUES('Sarada.S','MD(Path.)','',14)
INSERT INTO ReferingPhysician(PhysicianName,Qualification,OrganizationName,Orgid)VALUES('Punithavathy Duraisamy','MBBS DGO','',14)
INSERT INTO ReferingPhysician(PhysicianName,Qualification,OrganizationName,Orgid)VALUES('Mahadevan.P.S','MD','Obesity Research Centre',14)


/*		InvGroupMaster		*/

DELETE InvGroupMaster where OrgID=14
insert  into InvGroupMaster(Groupid,GroupName,Type,parentID,OrgID) values (29,'Renal Funtion Test','PKG',NULL,14)
insert  into InvGroupMaster(Groupid,GroupName,Type,parentID,OrgID) values (30,'Hyper Tension Profile ','PKG',NULL,14)
insert  into InvGroupMaster(Groupid,GroupName,Type,parentID,OrgID) values (31,'Diabetic Profile','PKG',NULL,14)
insert  into InvGroupMaster(Groupid,GroupName,Type,parentID,OrgID) values (32,'Bharathi Axa Ltd Category -  1','INS',NULL,14)
insert  into InvGroupMaster(Groupid,GroupName,Type,parentID,OrgID) values (33,'Bharathi Axa Ltd Category - 2','INS',NULL,14)
insert  into InvGroupMaster(Groupid,GroupName,Type,parentID,OrgID) values (34,'Bharathi Axa Ltd Category -  3','INS',NULL,14)
insert  into InvGroupMaster(Groupid,GroupName,Type,parentID,OrgID) values (35,'Bharathi Axa Ltd Category -  4','INS',NULL,14)
insert  into InvGroupMaster(Groupid,GroupName,Type,parentID,OrgID) values (36,'Bharathi Axa Ltd Category -  5','INS',NULL,14)
insert  into InvGroupMaster(Groupid,GroupName,Type,parentID,OrgID) values (37,'Bharathi Axa Ltd Category -  6','INS',NULL,14)
insert  into InvGroupMaster(Groupid,GroupName,Type,parentID,OrgID) values (38,'Bharathi Axa Ltd Category -  7','INS',NULL,14)
insert  into InvGroupMaster(Groupid,GroupName,Type,parentID,OrgID) values (39,'Bharathi Axa Ltd Category -  8','INS',NULL,14)
insert  into InvGroupMaster(Groupid,GroupName,Type,parentID,OrgID) values (40,'TATA AIG 1 ','INS',NULL,14)
insert  into InvGroupMaster(Groupid,GroupName,Type,parentID,OrgID) values (41,'TATA AIG 2 ','INS',NULL,14)
insert  into InvGroupMaster(Groupid,GroupName,Type,parentID,OrgID) values (42,'TATA AIG 3','INS',NULL,14)
insert  into InvGroupMaster(Groupid,GroupName,Type,parentID,OrgID) values (43,'TATA AIG 4','INS',NULL,14)
insert  into InvGroupMaster(Groupid,GroupName,Type,parentID,OrgID) values (44,'TATA AIG 5','INS',NULL,14)
insert  into InvGroupMaster(Groupid,GroupName,Type,parentID,OrgID) values (45,'TATA AIG 6','INS',NULL,14)
insert  into InvGroupMaster(Groupid,GroupName,Type,parentID,OrgID) values (46,'TATA AIG 7','INS',NULL,14)
insert  into InvGroupMaster(Groupid,GroupName,Type,parentID,OrgID) values (47,'TATA AIG 8','INS',NULL,14)
insert  into InvGroupMaster(Groupid,GroupName,Type,parentID,OrgID) values (48,'TATA AIG 9','INS',NULL,14)
insert  into InvGroupMaster(Groupid,GroupName,Type,parentID,OrgID) values (49,'Morgaon Stanley Group Preemployment Checkup','INS',NULL,14)
insert  into InvGroupMaster(Groupid,GroupName,Type,parentID,OrgID) values (50,'Max New York Life -CAT 1','INS',NULL,14)
insert  into InvGroupMaster(Groupid,GroupName,Type,parentID,OrgID) values (51,'Max New York Life -CAT 2','INS',NULL,14)
insert  into InvGroupMaster(Groupid,GroupName,Type,parentID,OrgID) values (52,'Max New York Life -CAT 3','INS',NULL,14)
insert  into InvGroupMaster(Groupid,GroupName,Type,parentID,OrgID) values (53,'Max New York Life -CAT 4','INS',NULL,14)
insert  into InvGroupMaster(Groupid,GroupName,Type,parentID,OrgID) values (54,'Max New York Life -CAT 5','INS',NULL,14)
insert  into InvGroupMaster(Groupid,GroupName,Type,parentID,OrgID) values (55,'Max New York Life -CAT 6','INS',NULL,14)
insert  into InvGroupMaster(Groupid,GroupName,Type,parentID,OrgID) values (56,'Max New York Life -CAT 7','INS',NULL,14)
insert  into InvGroupMaster(Groupid,GroupName,Type,parentID,OrgID) values (57,'SBI Life Insurance  - 1','INS',NULL,14)
insert  into InvGroupMaster(Groupid,GroupName,Type,parentID,OrgID) values (58,'SBI Life Insurance  - 2','INS',NULL,14)
insert  into InvGroupMaster(Groupid,GroupName,Type,parentID,OrgID) values (59,'SBI Life Insurance  - 3','INS',NULL,14)
insert  into InvGroupMaster(Groupid,GroupName,Type,parentID,OrgID) values (60,'SBI Life Insurance  - 4','INS',NULL,14)
insert  into InvGroupMaster(Groupid,GroupName,Type,parentID,OrgID) values (61,'SBI Life Insurance  - 5','INS',NULL,14)
insert  into InvGroupMaster(Groupid,GroupName,Type,parentID,OrgID) values (62,'SBI Life Insurance  - 6','INS',NULL,14)
insert  into InvGroupMaster(Groupid,GroupName,Type,parentID,OrgID) values (63,'SBI Life Insurance  - 7','INS',NULL,14)
insert  into InvGroupMaster(Groupid,GroupName,Type,parentID,OrgID) values (64,'SBI Life Insurance  - 8','INS',NULL,14)
insert  into InvGroupMaster(Groupid,GroupName,Type,parentID,OrgID) values (65,'SBI Life Insurance  - 9','INS',NULL,14)
insert  into InvGroupMaster(Groupid,GroupName,Type,parentID,OrgID) values (66,'SBI Life Insurance  - 10','INS',NULL,14)
insert  into InvGroupMaster(Groupid,GroupName,Type,parentID,OrgID) values (67,'SBI Life Insurance  - 11','INS',NULL,14)
insert  into InvGroupMaster(Groupid,GroupName,Type,parentID,OrgID) values (68,'SBI Life Insurance  - 12','INS',NULL,14)
insert  into InvGroupMaster(Groupid,GroupName,Type,parentID,OrgID) values (69,'Duestche Bank for 35-40 years','INS',NULL,14)
insert  into InvGroupMaster(Groupid,GroupName,Type,parentID,OrgID) values (70,'Duestche Bank for  SR MGMT above 40 Yrs Female','INS',NULL,14)
insert  into InvGroupMaster(Groupid,GroupName,Type,parentID,OrgID) values (71,'Duestche Bank for  SR MGMT above 40 Yrs Male','INS',NULL,14)
insert  into InvGroupMaster(Groupid,GroupName,Type,parentID,OrgID) values (72,'Duestche Bank fof Pre- Employment HC','INS',NULL,14)
insert  into InvGroupMaster(Groupid,GroupName,Type,parentID,OrgID) values (73,'RLIC Level -1','INS',NULL,14)
insert  into InvGroupMaster(Groupid,GroupName,Type,parentID,OrgID) values (74,'RLIC Level -2','INS',NULL,14)
insert  into InvGroupMaster(Groupid,GroupName,Type,parentID,OrgID) values (75,'RLIC Level -3','INS',NULL,14)
insert  into InvGroupMaster(Groupid,GroupName,Type,parentID,OrgID) values (76,'RLIC Level -4','INS',NULL,14)
insert  into InvGroupMaster(Groupid,GroupName,Type,parentID,OrgID) values (77,'RLIC Level -5','INS',NULL,14)
insert  into InvGroupMaster(Groupid,GroupName,Type,parentID,OrgID) values (78,'ICICI Lombard General Insurance Medical Test','INS',NULL,14)
insert  into InvGroupMaster(Groupid,GroupName,Type,parentID,OrgID) values (79,'DLF Category 1','INS',NULL,14)
insert  into InvGroupMaster(Groupid,GroupName,Type,parentID,OrgID) values (80,'DLF Category 2','INS',NULL,14)
insert  into InvGroupMaster(Groupid,GroupName,Type,parentID,OrgID) values (81,'DLF Category 3','INS',NULL,14)
insert  into InvGroupMaster(Groupid,GroupName,Type,parentID,OrgID) values (82,'DLF Category 4','INS',NULL,14)
insert  into InvGroupMaster(Groupid,GroupName,Type,parentID,OrgID) values (83,'DLF Category 5','INS',NULL,14)
insert  into InvGroupMaster(Groupid,GroupName,Type,parentID,OrgID) values (84,'DLF Category 6','INS',NULL,14)
insert  into InvGroupMaster(Groupid,GroupName,Type,parentID,OrgID) values (85,'DLF Category 7','INS',NULL,14)
insert  into InvGroupMaster(Groupid,GroupName,Type,parentID,OrgID) values (86,'DLF Category 8','INS',NULL,14)
insert  into InvGroupMaster(Groupid,GroupName,Type,parentID,OrgID) values (87,'DLF Category 9','INS',NULL,14)
insert  into InvGroupMaster(Groupid,GroupName,Type,parentID,OrgID) values (88,'DLF Category 10','INS',NULL,14)
insert  into InvGroupMaster(Groupid,GroupName,Type,parentID,OrgID) values (89,'DLF Category 11','INS',NULL,14)
insert  into InvGroupMaster(Groupid,GroupName,Type,parentID,OrgID) values (90,'HSBC Bank Plan A','INS',NULL,14)
insert  into InvGroupMaster(Groupid,GroupName,Type,parentID,OrgID) values (91,'HSBC Bank Plan B','INS',NULL,14)
insert  into InvGroupMaster(Groupid,GroupName,Type,parentID,OrgID) values (92,'HSBC Bank Plan C','INS',NULL,14)
insert  into InvGroupMaster(Groupid,GroupName,Type,parentID,OrgID) values (93,'HSBC Bank Plan D','INS',NULL,14)
insert  into InvGroupMaster(Groupid,GroupName,Type,parentID,OrgID) values (94,'HSBC Bank Plan E','INS',NULL,14)
insert  into InvGroupMaster(Groupid,GroupName,Type,parentID,OrgID) values (95,'HSBC Bank Plan F','INS',NULL,14)
insert  into InvGroupMaster(Groupid,GroupName,Type,parentID,OrgID) values (96,'MET -2','INS',NULL,14)
insert  into InvGroupMaster(Groupid,GroupName,Type,parentID,OrgID) values (97,'MET -4','INS',NULL,14)
insert  into InvGroupMaster(Groupid,GroupName,Type,parentID,OrgID) values (98,'MET - 9ECG','INS',NULL,14)
insert  into InvGroupMaster(Groupid,GroupName,Type,parentID,OrgID) values (99,'MET - 9 TMT','INS',NULL,14)
insert  into InvGroupMaster(Groupid,GroupName,Type,parentID,OrgID) values (100,'MET - 11 TMT','INS',NULL,14)
insert  into InvGroupMaster(Groupid,GroupName,Type,parentID,OrgID) values (101,'MET - 11 TMT PSA','INS',NULL,14)
insert  into InvGroupMaster(Groupid,GroupName,Type,parentID,OrgID) values (102,'Comprehensive Health Check up','PKG',NULL,14)
insert  into InvGroupMaster(Groupid,GroupName,Type,parentID,OrgID) values (103,'Annual Day -Comprehensive Health Check up','PKG',NULL,14)
insert  into InvGroupMaster(Groupid,GroupName,Type,parentID,OrgID) values (104,'Standard Health Checkup','PKG',NULL,14)
insert  into InvGroupMaster(Groupid,GroupName,Type,parentID,OrgID) values (105,'Annual Day Standard Helath Checkup','PKG',NULL,14)
insert  into InvGroupMaster(Groupid,GroupName,Type,parentID,OrgID) values (106,'Basic Health Checkup','PKG',NULL,14)
insert  into InvGroupMaster(Groupid,GroupName,Type,parentID,OrgID) values (107,'Annual Day - Basic Health Checkup','PKG',NULL,14)
insert  into InvGroupMaster(Groupid,GroupName,Type,parentID,OrgID) values (108,'Basic Diabetic Checkup','PKG',NULL,14)
insert  into InvGroupMaster(Groupid,GroupName,Type,parentID,OrgID) values (109,'Annual Day - Basic Diabetic Checkup','PKG',NULL,14)
insert  into InvGroupMaster(Groupid,GroupName,Type,parentID,OrgID) values (110,'Advanced Diabetic Checkup','PKG',NULL,14)
insert  into InvGroupMaster(Groupid,GroupName,Type,parentID,OrgID) values (111,'Annual Day  - Advanced Diabetic Checkup','PKG',NULL,14)
insert  into InvGroupMaster(Groupid,GroupName,Type,parentID,OrgID) values (112,'Anemia Detection Package','PKG',NULL,14)
insert  into InvGroupMaster(Groupid,GroupName,Type,parentID,OrgID) values (113,'Annual Day - Anemia Detection Package','PKG',NULL,14)
insert  into InvGroupMaster(Groupid,GroupName,Type,parentID,OrgID) values (114,'Heart Checkup (Basic)','PKG',NULL,14)
insert  into InvGroupMaster(Groupid,GroupName,Type,parentID,OrgID) values (115,'Annual Day  - Heart Checkup (Basic)','PKG',NULL,14)
insert  into InvGroupMaster(Groupid,GroupName,Type,parentID,OrgID) values (116,'Heart Checkup (Advanced)','PKG',NULL,14)
insert  into InvGroupMaster(Groupid,GroupName,Type,parentID,OrgID) values (117,'Annuala Day - Heart Checkup (Advanced)','PKG',NULL,14)
insert  into InvGroupMaster(Groupid,GroupName,Type,parentID,OrgID) values (118,'Cancer Detection Package','PKG',NULL,14)
insert  into InvGroupMaster(Groupid,GroupName,Type,parentID,OrgID) values (119,'Annual Day - Cancer Detection Package','PKG',NULL,14)
insert  into InvGroupMaster(Groupid,GroupName,Type,parentID,OrgID) values (120,'Kidney Basic','PKG',NULL,14)
insert  into InvGroupMaster(Groupid,GroupName,Type,parentID,OrgID) values (121,'Annual Day - Kidney Basic','PKG',NULL,14)
insert  into InvGroupMaster(Groupid,GroupName,Type,parentID,OrgID) values (122,'Kidney Advanced','PKG',NULL,14)
insert  into InvGroupMaster(Groupid,GroupName,Type,parentID,OrgID) values (123,'Annual Day - Kidney Advanced','PKG',NULL,14)
insert  into InvGroupMaster(Groupid,GroupName,Type,parentID,OrgID) values (124,'Pyrexia Package','PKG',NULL,14)
insert  into InvGroupMaster(Groupid,GroupName,Type,parentID,OrgID) values (125,'Basic Antenatal Package','PKG',NULL,14)
insert  into InvGroupMaster(Groupid,GroupName,Type,parentID,OrgID) values (126,'Complete Antenatal Package','PKG',NULL,14)
insert  into InvGroupMaster(Groupid,GroupName,Type,parentID,OrgID) values (127,'Nutritional Anemia Package','PKG',NULL,14)
insert  into InvGroupMaster(Groupid,GroupName,Type,parentID,OrgID) values (128,'Congenital Hemolytic Anaemia Package','PKG',NULL,14)
insert  into InvGroupMaster(Groupid,GroupName,Type,parentID,OrgID) values (129,'Acquired Hemolytic Anaemia Package','PKG',NULL,14)
insert  into InvGroupMaster(Groupid,GroupName,Type,parentID,OrgID) values (130,'Elective Surgery Package','PKG',NULL,14)
insert  into InvGroupMaster(Groupid,GroupName,Type,parentID,OrgID) values (131,'Pretransplant Package (Donar / Recipient)','PKG',NULL,14)
insert  into InvGroupMaster(Groupid,GroupName,Type,parentID,OrgID) values (132,'Post Transplant Followup Package','PKG',NULL,14)
insert  into InvGroupMaster(Groupid,GroupName,Type,parentID,OrgID) values (133,'Cardiac Packages - MI Prevention Package','PKG',NULL,14)
insert  into InvGroupMaster(Groupid,GroupName,Type,parentID,OrgID) values (134,'Cardiac Packages - MI - 9 Prevention Package','PKG',NULL,14)
insert  into InvGroupMaster(Groupid,GroupName,Type,parentID,OrgID) values (135,'Male Infertility Package - Basic','PKG',NULL,14)
insert  into InvGroupMaster(Groupid,GroupName,Type,parentID,OrgID) values (136,'Male Infertility Package - Advanced','PKG',NULL,14)
insert  into InvGroupMaster(Groupid,GroupName,Type,parentID,OrgID) values (137,'Complete Viral Hepatitis Detection Package','PKG',NULL,14)
insert  into InvGroupMaster(Groupid,GroupName,Type,parentID,OrgID) values (138,'Hepatitis B Market Package','PKG',NULL,14)
insert  into InvGroupMaster(Groupid,GroupName,Type,parentID,OrgID) values (139,'Bronchoscopic Package (FOB -1)','PKG',NULL,14)
insert  into InvGroupMaster(Groupid,GroupName,Type,parentID,OrgID) values (140,'EPS Package (Prostatitis Workup)','PKG',NULL,14)
insert  into InvGroupMaster(Groupid,GroupName,Type,parentID,OrgID) values (141,'Female Infertility Package','PKG',NULL,14)
insert  into InvGroupMaster(Groupid,GroupName,Type,parentID,OrgID) values (142,'TB Endometrium Package for Female','PKG',NULL,14)
insert  into InvGroupMaster(Groupid,GroupName,Type,parentID,OrgID) values (143,'ABG+ELEC+CAL+HB+HCT','GRP',NULL,14)
insert  into InvGroupMaster(Groupid,GroupName,Type,parentID,OrgID) values (144,'ABG+ELEC+CAL+HB+HCT+GLU','GRP',NULL,14)
insert  into InvGroupMaster(Groupid,GroupName,Type,parentID,OrgID) values (145,'ABG+HB+HCT+ELECTROLYTES','GRP',NULL,14)
insert  into InvGroupMaster(Groupid,GroupName,Type,parentID,OrgID) values (146,'ABG+LACTATE','GRP',NULL,14)
insert  into InvGroupMaster(Groupid,GroupName,Type,parentID,OrgID) values (147,'Allergy Profile Veg Food','GRP',NULL,14)
insert  into InvGroupMaster(Groupid,GroupName,Type,parentID,OrgID) values (148,'Allergy Profile Non Veg Food','GRP',NULL,14)
insert  into InvGroupMaster(Groupid,GroupName,Type,parentID,OrgID) values (149,'Allergy Profile Inhalent Aller','GRP',NULL,14)
insert  into InvGroupMaster(Groupid,GroupName,Type,parentID,OrgID) values (150,'Allergy Profile Drugs','GRP',NULL,14)
insert  into InvGroupMaster(Groupid,GroupName,Type,parentID,OrgID) values (151,'Allergy Profile for Veg, Non -','GRP',NULL,14)
insert  into InvGroupMaster(Groupid,GroupName,Type,parentID,OrgID) values (152,'Allergy Profile for Veg, Inhal','GRP',NULL,14)
insert  into InvGroupMaster(Groupid,GroupName,Type,parentID,OrgID) values (153,'Allergy Profile for Veg, Non V','GRP',NULL,14)
insert  into InvGroupMaster(Groupid,GroupName,Type,parentID,OrgID) values (154,'ALL PANEL FOR CD3, CD4, CD5, C','GRP',NULL,14)
insert  into InvGroupMaster(Groupid,GroupName,Type,parentID,OrgID) values (155,'ALL SCREENING FOR T vs B','GRP',NULL,14)
insert  into InvGroupMaster(Groupid,GroupName,Type,parentID,OrgID) values (156,'ANCA C&P','GRP',NULL,14)
insert  into InvGroupMaster(Groupid,GroupName,Type,parentID,OrgID) values (157,'ANTI PHOSPHOLIPID ANTIBODY IgG','GRP',NULL,14)
insert  into InvGroupMaster(Groupid,GroupName,Type,parentID,OrgID) values (158,'TB Antibody Complete Panal (Ig','GRP',NULL,14)
insert  into InvGroupMaster(Groupid,GroupName,Type,parentID,OrgID) values (159,'Bone Marrow Aspiration with Bi','GRP',NULL,14)
insert  into InvGroupMaster(Groupid,GroupName,Type,parentID,OrgID) values (160,'Bilirubin Direct and Indirect','GRP',NULL,14)
insert  into InvGroupMaster(Groupid,GroupName,Type,parentID,OrgID) values (161,'Body Fluid Analysis Routine','GRP',NULL,14)
insert  into InvGroupMaster(Groupid,GroupName,Type,parentID,OrgID) values (162,'CD 4 AND CD8','GRP',NULL,14)
insert  into InvGroupMaster(Groupid,GroupName,Type,parentID,OrgID) values (163,'ENDOMETRIAL TB AB PACKAGE','GRP',NULL,14)
insert  into InvGroupMaster(Groupid,GroupName,Type,parentID,OrgID) values (164,'COMPLETE COAGULATION SCREEN','GRP',NULL,14)
insert  into InvGroupMaster(Groupid,GroupName,Type,parentID,OrgID) values (165,'COMPLETE HEMOGRAM','GRP',NULL,14)
insert  into InvGroupMaster(Groupid,GroupName,Type,parentID,OrgID) values (166,'COMPLETE VIRAL PACKAGE','GRP',NULL,14)
insert  into InvGroupMaster(Groupid,GroupName,Type,parentID,OrgID) values (167,'CORTISOL 8 AM AND 4 PM','GRP',NULL,14)
insert  into InvGroupMaster(Groupid,GroupName,Type,parentID,OrgID) values (168,'FREE T3, T4, TSH','GRP',NULL,14)
insert  into InvGroupMaster(Groupid,GroupName,Type,parentID,OrgID) values (169,'FSH.LH.PRL COMBINED (CLIA)','GRP',NULL,14)
insert  into InvGroupMaster(Groupid,GroupName,Type,parentID,OrgID) values (170,'FT4  + TSH','GRP',NULL,14)
insert  into InvGroupMaster(Groupid,GroupName,Type,parentID,OrgID) values (171,'G.T.T. OF URINE','GRP',NULL,14)
insert  into InvGroupMaster(Groupid,GroupName,Type,parentID,OrgID) values (172,'GLU+ELEC+HCT+HB','GRP',NULL,14)
insert  into InvGroupMaster(Groupid,GroupName,Type,parentID,OrgID) values (173,'GLUCOSE TOLERANCE TEST (GTT)','GRP',NULL,14)
insert  into InvGroupMaster(Groupid,GroupName,Type,parentID,OrgID) values (174,'GLUCOSE TOLERANCE TEST - EXTEN','GRP',NULL,14)
insert  into InvGroupMaster(Groupid,GroupName,Type,parentID,OrgID) values (175,'Immunoglobulin Profile','GRP',NULL,14)
insert  into InvGroupMaster(Groupid,GroupName,Type,parentID,OrgID) values (176,'INSULIN, C-PEPTIDE,ANTI INSULI','GRP',NULL,14)
insert  into InvGroupMaster(Groupid,GroupName,Type,parentID,OrgID) values (177,'Karyotyping Couples','GRP',NULL,14)
insert  into InvGroupMaster(Groupid,GroupName,Type,parentID,OrgID) values (178,'Motion Routine','GRP',NULL,14)
insert  into InvGroupMaster(Groupid,GroupName,Type,parentID,OrgID) values (179,'MP /MF','GRP',NULL,14)
insert  into InvGroupMaster(Groupid,GroupName,Type,parentID,OrgID) values (180,'MP /MF Rapid','GRP',NULL,14)
insert  into InvGroupMaster(Groupid,GroupName,Type,parentID,OrgID) values (181,'Mumps Antibody (IgG and IgM)','GRP',NULL,14)
insert  into InvGroupMaster(Groupid,GroupName,Type,parentID,OrgID) values (182,'Triple Screening First Trimest','GRP',NULL,14)
insert  into InvGroupMaster(Groupid,GroupName,Type,parentID,OrgID) values (186,'Urine Routine Analysis','GRP',NULL,14)
insert  into InvGroupMaster(Groupid,GroupName,Type,parentID,OrgID) values (187,'Urine Sugar (F and PP)','GRP',NULL,14)

insert  into InvGroupMaster(Groupid,GroupName,Type,parentID,OrgID) values (189,'Stone Analysis','GRP',NULL,14)
insert  into InvGroupMaster(Groupid,GroupName,Type,parentID,OrgID) values (190,'Stool Analysis Routine','GRP',NULL,14)
insert  into InvGroupMaster(Groupid,GroupName,Type,parentID,OrgID) values (191,'Anti TB antibodies Profile  (I','GRP',NULL,14)

insert  into InvGroupMaster(Groupid,GroupName,Type,parentID,OrgID) values (193,'TC & DC','GRP',NULL,14)
insert  into InvGroupMaster(Groupid,GroupName,Type,parentID,OrgID) values (194,'TC, DC & ESR','GRP',NULL,14)
insert  into InvGroupMaster(Groupid,GroupName,Type,parentID,OrgID) values (195,'Thyoid Function Test','GRP',NULL,14)
insert  into InvGroupMaster(Groupid,GroupName,Type,parentID,OrgID) values (196,'Thyoid Function Test (Coupen)','GRP',NULL,14)
insert  into InvGroupMaster(Groupid,GroupName,Type,parentID,OrgID) values (197,'Thrombosis Workup without Homocyctine','GRP',NULL,14)
insert  into InvGroupMaster(Groupid,GroupName,Type,parentID,OrgID) values (198,'THROMBOSIS/PROCOAGULANT WORK-UP with Homocyctine','GRP',NULL,14)

insert  into InvGroupMaster(Groupid,GroupName,Type,parentID,OrgID) values (200,'TORCH - IgG Panel','GRP',NULL,14)
insert  into InvGroupMaster(Groupid,GroupName,Type,parentID,OrgID) values (201,'TORCH - IgM Panel','GRP',NULL,14)
insert  into InvGroupMaster(Groupid,GroupName,Type,parentID,OrgID) values (202,'TORCH Panel Complete (Both IgG','GRP',NULL,14)
insert  into InvGroupMaster(Groupid,GroupName,Type,parentID,OrgID) values (203,'Triple Screening  Secound Trim','GRP',NULL,14)
insert  into InvGroupMaster(Groupid,GroupName,Type,parentID,OrgID) values (204,'Urine BS/ BP','GRP',NULL,14)
insert  into InvGroupMaster(Groupid,GroupName,Type,parentID,OrgID) values (205,'Urine Complete Analysis','GRP',NULL,14)
insert  into InvGroupMaster(Groupid,GroupName,Type,parentID,OrgID) values (206,'Urine Drugs (9 Drugs)','GRP',NULL,14)
insert  into InvGroupMaster(Groupid,GroupName,Type,parentID,OrgID) values (207,'Urine Electrolytes (Spot / 24 ','GRP',NULL,14)
insert  into InvGroupMaster(Groupid,GroupName,Type,parentID,OrgID) values (208,'Urine Test for Mental Retadati','GRP',NULL,14)
insert  into InvGroupMaster(Groupid,GroupName,Type,parentID,OrgID) values (209,'Hb TC DC ESR','GRP',NULL,14)
insert  into InvGroupMaster(Groupid,GroupName,Type,parentID,OrgID) values (210,'Hb TC DC','GRP',NULL,14)
insert  into InvGroupMaster(Groupid,GroupName,Type,parentID,OrgID) values (211,'Bleeding Time and Clotting Tim','GRP',NULL,14)
insert  into InvGroupMaster(Groupid,GroupName,Type,parentID,OrgID) values (212,'CBC WITH ESR','GRP',NULL,14)
insert  into InvGroupMaster(Groupid,GroupName,Type,parentID,OrgID) values (213,'CBC WITHOUT  ESR','GRP',NULL,14)
insert  into InvGroupMaster(Groupid,GroupName,Type,parentID,OrgID) values (214,'Medical Examination with Urine','GRP',NULL,14)
insert  into InvGroupMaster(Groupid,GroupName,Type,parentID,OrgID) values (215,'Lipid Profile (Routine Method)','GRP',NULL,14)
insert  into InvGroupMaster(Groupid,GroupName,Type,parentID,OrgID) values (216,'Lipid Profile (Direct Method)','GRP',NULL,14)
insert  into InvGroupMaster(Groupid,GroupName,Type,parentID,OrgID) values (217,'Liver Function Test','GRP',NULL,14)
insert  into InvGroupMaster(Groupid,GroupName,Type,parentID,OrgID) values (218,'Plural Fluid Analysis ','GRP',NULL,14)
--insert  into InvGroupMaster(Groupid,GroupName,Type,parentID,OrgID) values (222,'Urine ALA  /PBG','GRP',NULL,14)
insert  into InvGroupMaster(Groupid,GroupName,Type,parentID,OrgID) values (223,'CSF Analsysis Complete','GRP',NULL,14)
insert  into InvGroupMaster(Groupid,GroupName,Type,parentID,OrgID) values (224,'CSF Analysis Routine','GRP',NULL,14)
insert  into InvGroupMaster(Groupid,GroupName,Type,parentID,OrgID) values (225,'ASCITIC FLUID ANALYSIS','GRP',NULL,14)
insert  into InvGroupMaster(Groupid,GroupName,Type,parentID,OrgID) values (226,'Synovial Fluid Analysis','GRP',NULL,14)
insert  into InvGroupMaster(Groupid,GroupName,Type,parentID,OrgID) values (227,'Urine ALA  /PBG','GRP',NULL,14)

---newly added
insert  into InvGroupMaster(GroupID,GroupName,Type,orgid) values (228,'ACID PHOPHATASE TOTAL & PROSTATIC FRACTION','GRP',14)
insert  into InvGroupMaster(GroupID,GroupName,Type,orgid) values (229,'AFB SENSITIVITY TEST  4 DRUG (LJ MEDIA)','GRP',14)
insert  into InvGroupMaster(GroupID,GroupName,Type,orgid) values (230,'AFB SENSITIVITY TEST  8 DRUG (LJ MEDIA)','GRP',14)
insert  into InvGroupMaster(GroupID,GroupName,Type,orgid) values (231,'AFB SENSITIVTY TEST ALL 4 DRUGS (VERSA TRECK)','GRP',14)
insert  into InvGroupMaster(GroupID,GroupName,Type,orgid) values (232,'ALKALINE PHOSPHATASE FOR BONE AND LIVER','GRP',14)
insert  into InvGroupMaster(GroupID,GroupName,Type,orgid) values (233,'BARBITURATES','GRP',14)
insert  into InvGroupMaster(GroupID,GroupName,Type,orgid) values (234,'BENZODIAZEPINES','GRP',14)
insert  into InvGroupMaster(GroupID,GroupName,Type,orgid) values (235,'BICARBONATE WITH ABG','GRP',14)
insert  into InvGroupMaster(GroupID,GroupName,Type,orgid) values (236,'BLOOD GAS ANALYSIS','GRP',14)
insert  into InvGroupMaster(GroupID,GroupName,Type,orgid) values (237,'BLOOD GAS ANALYSIS AND ELECTROLYTES','GRP',14)
insert  into InvGroupMaster(GroupID,GroupName,Type,orgid) values (238,'Cell Count for Fluids','GRP',14)
insert  into InvGroupMaster(GroupID,GroupName,Type,orgid) values (239,'Dengue Antibody (lgG & lgM)','GRP',14)
insert  into InvGroupMaster(GroupID,GroupName,Type,orgid) values (240,'Electrolyte All','GRP',14)
insert  into InvGroupMaster(GroupID,GroupName,Type,orgid) values (241,'Electrolyte NaK','GRP',14)
insert  into InvGroupMaster(GroupID,GroupName,Type,orgid) values (242,'Glucose Challenge Test (GCT)','GRP',14)
insert  into InvGroupMaster(GroupID,GroupName,Type,orgid) values (243,'Immuno fixation Electrophoresis','GRP',14)
insert  into InvGroupMaster(GroupID,GroupName,Type,orgid) values (244,'Opiates','GRP',14)
insert  into InvGroupMaster(GroupID,GroupName,Type,orgid) values (245,'Serum ELECTROPHORESIS ','GRP',14)
insert  into InvGroupMaster(GroupID,GroupName,Type,orgid) values (246,'Sputum for AFB (3 Days)','GRP',14)
insert  into InvGroupMaster(GroupID,GroupName,Type,orgid) values (247,'Urine Electrophoresis','GRP',14)
insert  into InvGroupMaster(GroupID,GroupName,Type,orgid) values (248,'Grouping And Rh','GRP',14)
insert  into InvGroupMaster(GroupID,GroupName,Type,orgid) values (249,'Hemoglobin Electrophoresis ','GRP',14)
insert  into InvGroupMaster(GroupID,GroupName,Type,orgid) values (250,'Semen Analysis with Fructose','GRP',14)
insert  into InvGroupMaster(GroupID,GroupName,Type,orgid) values (251,'Semen Analysis (With Phase Contrast Study)','GRP',14)
insert into InvGroupMaster(GroupID,GroupName,Type,parentID,OrgID) values (252,'ROYAL CARRIBEAN','INS',NULL,14)
insert into InvGroupMaster(GroupID,GroupName,Type,parentID,OrgID) values (253,'BONE & MINERAL PACKAGE','GRP',NULL,14)

/*		InvGroupMapMaster	*/

DELETE InvGroupMapMaster where groupID in(49,69,120,67,60,116,13,27,99,131,70,135,103,41,61,87,33,134,11,6,29,45,126,68,85,31,117,78,37,98,133,3,34,64,112,
84,15,110,12,56,123,80,106,97,24,53,18,7,43,125,100,77,21,114,5,89,38,88,30,74,16,42,111,58,81,108,47,124,35,136,19,107,23,54,109,59,36,55,14,76,83,44,48,
17,102,115,52,86,75,137,39,132,141,127,2,1,10,113,128,65,129,105,63,40,62,9,8,66,104,82,46,28,122,130,71,139,142,101,121,138,25,4,20)
INSERT into InvGroupMapMaster(GROUPID,InvestigationID)values(29,3019)
INSERT into InvGroupMapMaster(GROUPID,InvestigationID)values(29,186)
INSERT into InvGroupMapMaster(GROUPID,InvestigationID)values(29,3018)
INSERT into InvGroupMapMaster(GROUPID,InvestigationID)values(29,3035)
INSERT into InvGroupMapMaster(GROUPID,InvestigationID)values(29,3007)
INSERT into InvGroupMapMaster(GROUPID,InvestigationID)values(29,3008)
INSERT into InvGroupMapMaster(GROUPID,InvestigationID)values(29,3005)
INSERT into InvGroupMapMaster(GROUPID,InvestigationID)values(29,3004)
INSERT into InvGroupMapMaster(GROUPID,InvestigationID)values(33,3012)
INSERT into InvGroupMapMaster(GROUPID,InvestigationID)values(30,3012)
INSERT into InvGroupMapMaster(GROUPID,InvestigationID)values(30,3018)
INSERT into InvGroupMapMaster(GROUPID,InvestigationID)values(30,3019)
INSERT into InvGroupMapMaster(GROUPID,InvestigationID)values(30,3064)
INSERT into InvGroupMapMaster(GROUPID,InvestigationID)values(33,4277)
INSERT into InvGroupMapMaster(GROUPID,InvestigationID)values(31,4307)
INSERT into InvGroupMapMaster(GROUPID,InvestigationID)values(31,3053)
INSERT into InvGroupMapMaster(GROUPID,InvestigationID)values(31,3019)
INSERT into InvGroupMapMaster(GROUPID,InvestigationID)values(34,3012)
INSERT into InvGroupMapMaster(GROUPID,InvestigationID)values(31,3018)
INSERT into InvGroupMapMaster(GROUPID,InvestigationID)values(34,4277)
INSERT into InvGroupMapMaster(GROUPID,InvestigationID)values(35,3012)
INSERT into InvGroupMapMaster(GROUPID,InvestigationID)values(35,4084)
INSERT into InvGroupMapMaster(GROUPID,InvestigationID)values(36,3012)
INSERT into InvGroupMapMaster(GROUPID,InvestigationID)values(36,4307)
INSERT into InvGroupMapMaster(GROUPID,InvestigationID)values(36,3040)
INSERT into InvGroupMapMaster(GROUPID,InvestigationID)values(36,3041)
INSERT into InvGroupMapMaster(GROUPID,InvestigationID)values(36,4164)
INSERT into InvGroupMapMaster(GROUPID,InvestigationID)values(36,3037)
INSERT into InvGroupMapMaster(GROUPID,InvestigationID)values(36,3038)
INSERT into InvGroupMapMaster(GROUPID,InvestigationID)values(36,3018)
INSERT into InvGroupMapMaster(GROUPID,InvestigationID)values(36,3019)
INSERT into InvGroupMapMaster(GROUPID,InvestigationID)values(36,4084)
INSERT into InvGroupMapMaster(GROUPID,InvestigationID)values(36,4127)
INSERT into InvGroupMapMaster(GROUPID,InvestigationID)values(37,3012)
INSERT into InvGroupMapMaster(GROUPID,InvestigationID)values(37,4307)
INSERT into InvGroupMapMaster(GROUPID,InvestigationID)values(37,3040)
INSERT into InvGroupMapMaster(GROUPID,InvestigationID)values(37,3041)
INSERT into InvGroupMapMaster(GROUPID,InvestigationID)values(37,4164)
INSERT into InvGroupMapMaster(GROUPID,InvestigationID)values(37,3037)
INSERT into InvGroupMapMaster(GROUPID,InvestigationID)values(37,3038)
INSERT into InvGroupMapMaster(GROUPID,InvestigationID)values(37,3018)
INSERT into InvGroupMapMaster(GROUPID,InvestigationID)values(37,3019)
INSERT into InvGroupMapMaster(GROUPID,InvestigationID)values(37,4084)
INSERT into InvGroupMapMaster(GROUPID,InvestigationID)values(37,4127)
INSERT into InvGroupMapMaster(GROUPID,InvestigationID)values(37,4277)
INSERT into InvGroupMapMaster(GROUPID,InvestigationID)values(38,3012)
INSERT into InvGroupMapMaster(GROUPID,InvestigationID)values(38,4307)
INSERT into InvGroupMapMaster(GROUPID,InvestigationID)values(38,3040)
INSERT into InvGroupMapMaster(GROUPID,InvestigationID)values(38,3041)
INSERT into InvGroupMapMaster(GROUPID,InvestigationID)values(38,4164)
INSERT into InvGroupMapMaster(GROUPID,InvestigationID)values(38,3037)
INSERT into InvGroupMapMaster(GROUPID,InvestigationID)values(38,3038)
INSERT into InvGroupMapMaster(GROUPID,InvestigationID)values(38,3032)
INSERT into InvGroupMapMaster(GROUPID,InvestigationID)values(38,3018)
INSERT into InvGroupMapMaster(GROUPID,InvestigationID)values(38,3019)
INSERT into InvGroupMapMaster(GROUPID,InvestigationID)values(38,4084)
INSERT into InvGroupMapMaster(GROUPID,InvestigationID)values(38,4127)
INSERT into InvGroupMapMaster(GROUPID,InvestigationID)values(39,3012)
INSERT into InvGroupMapMaster(GROUPID,InvestigationID)values(39,4307)
INSERT into InvGroupMapMaster(GROUPID,InvestigationID)values(39,3040)
INSERT into InvGroupMapMaster(GROUPID,InvestigationID)values(39,3041)
INSERT into InvGroupMapMaster(GROUPID,InvestigationID)values(39,4164)
INSERT into InvGroupMapMaster(GROUPID,InvestigationID)values(39,3037)
INSERT into InvGroupMapMaster(GROUPID,InvestigationID)values(39,3038)
INSERT into InvGroupMapMaster(GROUPID,InvestigationID)values(39,3019)
INSERT into InvGroupMapMaster(GROUPID,InvestigationID)values(39,4084)
INSERT into InvGroupMapMaster(GROUPID,InvestigationID)values(39,4127)
INSERT into InvGroupMapMaster(GROUPID,InvestigationID)values(40,3012)
INSERT into InvGroupMapMaster(GROUPID,InvestigationID)values(40,4307)
INSERT into InvGroupMapMaster(GROUPID,InvestigationID)values(40,3040)
INSERT into InvGroupMapMaster(GROUPID,InvestigationID)values(40,3041)
INSERT into InvGroupMapMaster(GROUPID,InvestigationID)values(40,4164)
INSERT into InvGroupMapMaster(GROUPID,InvestigationID)values(40,3037)
INSERT into InvGroupMapMaster(GROUPID,InvestigationID)values(40,3038)
INSERT into InvGroupMapMaster(GROUPID,InvestigationID)values(40,3019)
INSERT into InvGroupMapMaster(GROUPID,InvestigationID)values(40,4084)
INSERT into InvGroupMapMaster(GROUPID,InvestigationID)values(40,4127)
INSERT into InvGroupMapMaster(GROUPID,InvestigationID)values(41,4084)
INSERT into InvGroupMapMaster(GROUPID,InvestigationID)values(41,3053)
INSERT into InvGroupMapMaster(GROUPID,InvestigationID)values(41,3057)
INSERT into InvGroupMapMaster(GROUPID,InvestigationID)values(41,3016)
INSERT into InvGroupMapMaster(GROUPID,InvestigationID)values(41,3019)
INSERT into InvGroupMapMaster(GROUPID,InvestigationID)values(41,3018)
INSERT into InvGroupMapMaster(GROUPID,InvestigationID)values(41,3032)
INSERT into InvGroupMapMaster(GROUPID,InvestigationID)values(41,4127)
INSERT into InvGroupMapMaster(GROUPID,InvestigationID)values(41,3040)
INSERT into InvGroupMapMaster(GROUPID,InvestigationID)values(41,3041)
INSERT into InvGroupMapMaster(GROUPID,InvestigationID)values(41,4164)
INSERT into InvGroupMapMaster(GROUPID,InvestigationID)values(41,4307)
INSERT into InvGroupMapMaster(GROUPID,InvestigationID)values(42,4084)
INSERT into InvGroupMapMaster(GROUPID,InvestigationID)values(42,3053)
INSERT into InvGroupMapMaster(GROUPID,InvestigationID)values(42,3057)
INSERT into InvGroupMapMaster(GROUPID,InvestigationID)values(42,3016)
INSERT into InvGroupMapMaster(GROUPID,InvestigationID)values(42,3019)
INSERT into InvGroupMapMaster(GROUPID,InvestigationID)values(42,3018)
INSERT into InvGroupMapMaster(GROUPID,InvestigationID)values(42,4127)
INSERT into InvGroupMapMaster(GROUPID,InvestigationID)values(42,3040)
INSERT into InvGroupMapMaster(GROUPID,InvestigationID)values(42,3041)
INSERT into InvGroupMapMaster(GROUPID,InvestigationID)values(42,4164)
INSERT into InvGroupMapMaster(GROUPID,InvestigationID)values(42,4307)
INSERT into InvGroupMapMaster(GROUPID,InvestigationID)values(42,3035)
INSERT into InvGroupMapMaster(GROUPID,InvestigationID)values(42,4277)
INSERT into InvGroupMapMaster(GROUPID,InvestigationID)values(41,3035)
INSERT into InvGroupMapMaster(GROUPID,InvestigationID)values(43,3055)
INSERT into InvGroupMapMaster(GROUPID,InvestigationID)values(43,4084)
INSERT into InvGroupMapMaster(GROUPID,InvestigationID)values(43,3053)
INSERT into InvGroupMapMaster(GROUPID,InvestigationID)values(43,3057)
INSERT into InvGroupMapMaster(GROUPID,InvestigationID)values(43,3016)
INSERT into InvGroupMapMaster(GROUPID,InvestigationID)values(43,3019)
INSERT into InvGroupMapMaster(GROUPID,InvestigationID)values(43,3018)
INSERT into InvGroupMapMaster(GROUPID,InvestigationID)values(43,3032)
INSERT into InvGroupMapMaster(GROUPID,InvestigationID)values(43,4127)
INSERT into InvGroupMapMaster(GROUPID,InvestigationID)values(43,3040)
INSERT into InvGroupMapMaster(GROUPID,InvestigationID)values(43,3041)
INSERT into InvGroupMapMaster(GROUPID,InvestigationID)values(43,4307)
INSERT into InvGroupMapMaster(GROUPID,InvestigationID)values(43,4164)
INSERT into InvGroupMapMaster(GROUPID,InvestigationID)values(43,3035)
INSERT into InvGroupMapMaster(GROUPID,InvestigationID)values(44,3055)
INSERT into InvGroupMapMaster(GROUPID,InvestigationID)values(44,4084)
INSERT into InvGroupMapMaster(GROUPID,InvestigationID)values(44,3057)
INSERT into InvGroupMapMaster(GROUPID,InvestigationID)values(44,3016)
INSERT into InvGroupMapMaster(GROUPID,InvestigationID)values(44,3019)
INSERT into InvGroupMapMaster(GROUPID,InvestigationID)values(44,3018)
INSERT into InvGroupMapMaster(GROUPID,InvestigationID)values(44,3032)
INSERT into InvGroupMapMaster(GROUPID,InvestigationID)values(44,4127)
INSERT into InvGroupMapMaster(GROUPID,InvestigationID)values(44,3040)
INSERT into InvGroupMapMaster(GROUPID,InvestigationID)values(44,3041)
INSERT into InvGroupMapMaster(GROUPID,InvestigationID)values(44,4307)
INSERT into InvGroupMapMaster(GROUPID,InvestigationID)values(44,3035)
INSERT into InvGroupMapMaster(GROUPID,InvestigationID)values(44,4164)
INSERT into InvGroupMapMaster(GROUPID,InvestigationID)values(45,3055)
INSERT into InvGroupMapMaster(GROUPID,InvestigationID)values(45,4084)
INSERT into InvGroupMapMaster(GROUPID,InvestigationID)values(45,3053)
INSERT into InvGroupMapMaster(GROUPID,InvestigationID)values(45,3057)
INSERT into InvGroupMapMaster(GROUPID,InvestigationID)values(45,3016)
INSERT into InvGroupMapMaster(GROUPID,InvestigationID)values(45,3019)
INSERT into InvGroupMapMaster(GROUPID,InvestigationID)values(45,3018)
INSERT into InvGroupMapMaster(GROUPID,InvestigationID)values(45,3032)
INSERT into InvGroupMapMaster(GROUPID,InvestigationID)values(45,4127)
INSERT into InvGroupMapMaster(GROUPID,InvestigationID)values(45,3040)
INSERT into InvGroupMapMaster(GROUPID,InvestigationID)values(45,3041)
INSERT into InvGroupMapMaster(GROUPID,InvestigationID)values(45,4307)
INSERT into InvGroupMapMaster(GROUPID,InvestigationID)values(45,4164)
INSERT into InvGroupMapMaster(GROUPID,InvestigationID)values(45,3035)
INSERT into InvGroupMapMaster(GROUPID,InvestigationID)values(46,3053)
INSERT into InvGroupMapMaster(GROUPID,InvestigationID)values(46,3057)
INSERT into InvGroupMapMaster(GROUPID,InvestigationID)values(46,3016)
INSERT into InvGroupMapMaster(GROUPID,InvestigationID)values(46,3019)
INSERT into InvGroupMapMaster(GROUPID,InvestigationID)values(46,3018)
INSERT into InvGroupMapMaster(GROUPID,InvestigationID)values(46,3032)
INSERT into InvGroupMapMaster(GROUPID,InvestigationID)values(46,4127)
INSERT into InvGroupMapMaster(GROUPID,InvestigationID)values(46,3040)
INSERT into InvGroupMapMaster(GROUPID,InvestigationID)values(46,3041)
INSERT into InvGroupMapMaster(GROUPID,InvestigationID)values(46,4164)
INSERT into InvGroupMapMaster(GROUPID,InvestigationID)values(46,4307)
INSERT into InvGroupMapMaster(GROUPID,InvestigationID)values(46,3037)
INSERT into InvGroupMapMaster(GROUPID,InvestigationID)values(46,4277)
INSERT into InvGroupMapMaster(GROUPID,InvestigationID)values(47,3055)
INSERT into InvGroupMapMaster(GROUPID,InvestigationID)values(47,4084)
INSERT into InvGroupMapMaster(GROUPID,InvestigationID)values(47,3053)
INSERT into InvGroupMapMaster(GROUPID,InvestigationID)values(47,3057)
INSERT into InvGroupMapMaster(GROUPID,InvestigationID)values(47,3016)
INSERT into InvGroupMapMaster(GROUPID,InvestigationID)values(47,3019)
INSERT into InvGroupMapMaster(GROUPID,InvestigationID)values(47,3018)
INSERT into InvGroupMapMaster(GROUPID,InvestigationID)values(47,3032)
INSERT into InvGroupMapMaster(GROUPID,InvestigationID)values(47,4127)
INSERT into InvGroupMapMaster(GROUPID,InvestigationID)values(47,3040)
INSERT into InvGroupMapMaster(GROUPID,InvestigationID)values(47,3041)
INSERT into InvGroupMapMaster(GROUPID,InvestigationID)values(47,4307)
INSERT into InvGroupMapMaster(GROUPID,InvestigationID)values(47,4164)
INSERT into InvGroupMapMaster(GROUPID,InvestigationID)values(47,3035)
INSERT into InvGroupMapMaster(GROUPID,InvestigationID)values(47,4277)
INSERT into InvGroupMapMaster(GROUPID,InvestigationID)values(48,4084)
INSERT into InvGroupMapMaster(GROUPID,InvestigationID)values(48,3055)
INSERT into InvGroupMapMaster(GROUPID,InvestigationID)values(48,3057)
INSERT into InvGroupMapMaster(GROUPID,InvestigationID)values(48,3016)
INSERT into InvGroupMapMaster(GROUPID,InvestigationID)values(48,3019)
INSERT into InvGroupMapMaster(GROUPID,InvestigationID)values(48,3018)
INSERT into InvGroupMapMaster(GROUPID,InvestigationID)values(48,3032)
INSERT into InvGroupMapMaster(GROUPID,InvestigationID)values(48,4127)
INSERT into InvGroupMapMaster(GROUPID,InvestigationID)values(48,3040)
INSERT into InvGroupMapMaster(GROUPID,InvestigationID)values(48,3041)
INSERT into InvGroupMapMaster(GROUPID,InvestigationID)values(48,4164)
INSERT into InvGroupMapMaster(GROUPID,InvestigationID)values(48,4307)
INSERT into InvGroupMapMaster(GROUPID,InvestigationID)values(48,3035)
INSERT into InvGroupMapMaster(GROUPID,InvestigationID)values(49,4277)
INSERT into InvGroupMapMaster(GROUPID,InvestigationID)values(49,2031)
INSERT into InvGroupMapMaster(GROUPID,InvestigationID)values(49,3012)
INSERT into InvGroupMapMaster(GROUPID,InvestigationID)values(49,3013)
INSERT into InvGroupMapMaster(GROUPID,InvestigationID)values(49,3018)
INSERT into InvGroupMapMaster(GROUPID,InvestigationID)values(49,3032)
INSERT into InvGroupMapMaster(GROUPID,InvestigationID)values(49,3040)
INSERT into InvGroupMapMaster(GROUPID,InvestigationID)values(52,3053)
INSERT into InvGroupMapMaster(GROUPID,InvestigationID)values(52,3055)
INSERT into InvGroupMapMaster(GROUPID,InvestigationID)values(52,3057)
INSERT into InvGroupMapMaster(GROUPID,InvestigationID)values(52,3012)
INSERT into InvGroupMapMaster(GROUPID,InvestigationID)values(52,3019)
INSERT into InvGroupMapMaster(GROUPID,InvestigationID)values(52,3018)
INSERT into InvGroupMapMaster(GROUPID,InvestigationID)values(52,4127)
INSERT into InvGroupMapMaster(GROUPID,InvestigationID)values(52,4084)
INSERT into InvGroupMapMaster(GROUPID,InvestigationID)values(53,3053)
INSERT into InvGroupMapMaster(GROUPID,InvestigationID)values(53,3055)
INSERT into InvGroupMapMaster(GROUPID,InvestigationID)values(53,3057)
INSERT into InvGroupMapMaster(GROUPID,InvestigationID)values(53,3012)
INSERT into InvGroupMapMaster(GROUPID,InvestigationID)values(53,3019)
INSERT into InvGroupMapMaster(GROUPID,InvestigationID)values(53,3018)
INSERT into InvGroupMapMaster(GROUPID,InvestigationID)values(53,4127)
INSERT into InvGroupMapMaster(GROUPID,InvestigationID)values(53,4084)
INSERT into InvGroupMapMaster(GROUPID,InvestigationID)values(53,4277)
INSERT into InvGroupMapMaster(GROUPID,InvestigationID)values(54,3053)
INSERT into InvGroupMapMaster(GROUPID,InvestigationID)values(54,3055)
INSERT into InvGroupMapMaster(GROUPID,InvestigationID)values(54,3057)
INSERT into InvGroupMapMaster(GROUPID,InvestigationID)values(54,3012)
INSERT into InvGroupMapMaster(GROUPID,InvestigationID)values(54,3019)
INSERT into InvGroupMapMaster(GROUPID,InvestigationID)values(54,3018)
INSERT into InvGroupMapMaster(GROUPID,InvestigationID)values(54,4127)
INSERT into InvGroupMapMaster(GROUPID,InvestigationID)values(54,4084)
INSERT into InvGroupMapMaster(GROUPID,InvestigationID)values(54,4277)
INSERT into InvGroupMapMaster(GROUPID,InvestigationID)values(55,3053)
INSERT into InvGroupMapMaster(GROUPID,InvestigationID)values(55,3055)
INSERT into InvGroupMapMaster(GROUPID,InvestigationID)values(55,3057)
INSERT into InvGroupMapMaster(GROUPID,InvestigationID)values(55,3012)
INSERT into InvGroupMapMaster(GROUPID,InvestigationID)values(55,3019)
INSERT into InvGroupMapMaster(GROUPID,InvestigationID)values(55,3018)
INSERT into InvGroupMapMaster(GROUPID,InvestigationID)values(55,4084)
INSERT into InvGroupMapMaster(GROUPID,InvestigationID)values(55,4277)
INSERT into InvGroupMapMaster(GROUPID,InvestigationID)values(55,4127)
INSERT into InvGroupMapMaster(GROUPID,InvestigationID)values(56,3053)
INSERT into InvGroupMapMaster(GROUPID,InvestigationID)values(56,3055)
INSERT into InvGroupMapMaster(GROUPID,InvestigationID)values(56,3057)
INSERT into InvGroupMapMaster(GROUPID,InvestigationID)values(56,3012)
INSERT into InvGroupMapMaster(GROUPID,InvestigationID)values(56,3019)
INSERT into InvGroupMapMaster(GROUPID,InvestigationID)values(56,3018)
INSERT into InvGroupMapMaster(GROUPID,InvestigationID)values(56,4127)
INSERT into InvGroupMapMaster(GROUPID,InvestigationID)values(56,4084)
INSERT into InvGroupMapMaster(GROUPID,InvestigationID)values(56,4277)
INSERT into InvGroupMapMaster(GROUPID,InvestigationID)values(58,4277)
INSERT into InvGroupMapMaster(GROUPID,InvestigationID)values(58,3012)
INSERT into InvGroupMapMaster(GROUPID,InvestigationID)values(59,4277)
INSERT into InvGroupMapMaster(GROUPID,InvestigationID)values(59,3012)
INSERT into InvGroupMapMaster(GROUPID,InvestigationID)values(60,4277)
INSERT into InvGroupMapMaster(GROUPID,InvestigationID)values(60,3012)
INSERT into InvGroupMapMaster(GROUPID,InvestigationID)values(60,2013)
INSERT into InvGroupMapMaster(GROUPID,InvestigationID)values(61,4277)
INSERT into InvGroupMapMaster(GROUPID,InvestigationID)values(61,3012)
INSERT into InvGroupMapMaster(GROUPID,InvestigationID)values(61,2013)
INSERT into InvGroupMapMaster(GROUPID,InvestigationID)values(61,3019)
INSERT into InvGroupMapMaster(GROUPID,InvestigationID)values(61,3018)
INSERT into InvGroupMapMaster(GROUPID,InvestigationID)values(61,3064)
INSERT into InvGroupMapMaster(GROUPID,InvestigationID)values(62,4277)
INSERT into InvGroupMapMaster(GROUPID,InvestigationID)values(62,3012)
INSERT into InvGroupMapMaster(GROUPID,InvestigationID)values(63,4277)
INSERT into InvGroupMapMaster(GROUPID,InvestigationID)values(63,3012)
INSERT into InvGroupMapMaster(GROUPID,InvestigationID)values(63,2013)
INSERT into InvGroupMapMaster(GROUPID,InvestigationID)values(63,4084)
INSERT into InvGroupMapMaster(GROUPID,InvestigationID)values(64,4277)
INSERT into InvGroupMapMaster(GROUPID,InvestigationID)values(64,3012)
INSERT into InvGroupMapMaster(GROUPID,InvestigationID)values(64,2013)
INSERT into InvGroupMapMaster(GROUPID,InvestigationID)values(64,3019)
INSERT into InvGroupMapMaster(GROUPID,InvestigationID)values(64,3018)
INSERT into InvGroupMapMaster(GROUPID,InvestigationID)values(64,3064)
INSERT into InvGroupMapMaster(GROUPID,InvestigationID)values(65,4277)
INSERT into InvGroupMapMaster(GROUPID,InvestigationID)values(65,3012)
INSERT into InvGroupMapMaster(GROUPID,InvestigationID)values(65,2013)
INSERT into InvGroupMapMaster(GROUPID,InvestigationID)values(65,3019)
INSERT into InvGroupMapMaster(GROUPID,InvestigationID)values(65,3018)
INSERT into InvGroupMapMaster(GROUPID,InvestigationID)values(65,3064)
INSERT into InvGroupMapMaster(GROUPID,InvestigationID)values(66,4277)
INSERT into InvGroupMapMaster(GROUPID,InvestigationID)values(66,3012)
INSERT into InvGroupMapMaster(GROUPID,InvestigationID)values(66,2013)
INSERT into InvGroupMapMaster(GROUPID,InvestigationID)values(66,3019)
INSERT into InvGroupMapMaster(GROUPID,InvestigationID)values(66,3018)
INSERT into InvGroupMapMaster(GROUPID,InvestigationID)values(66,3064)
INSERT into InvGroupMapMaster(GROUPID,InvestigationID)values(65,4084)
INSERT into InvGroupMapMaster(GROUPID,InvestigationID)values(66,4084)
INSERT into InvGroupMapMaster(GROUPID,InvestigationID)values(67,4277)
INSERT into InvGroupMapMaster(GROUPID,InvestigationID)values(67,3012)
INSERT into InvGroupMapMaster(GROUPID,InvestigationID)values(67,2013)
INSERT into InvGroupMapMaster(GROUPID,InvestigationID)values(67,3019)
INSERT into InvGroupMapMaster(GROUPID,InvestigationID)values(67,3018)
INSERT into InvGroupMapMaster(GROUPID,InvestigationID)values(67,3064)
INSERT into InvGroupMapMaster(GROUPID,InvestigationID)values(67,4084)
INSERT into InvGroupMapMaster(GROUPID,InvestigationID)values(68,4277)
INSERT into InvGroupMapMaster(GROUPID,InvestigationID)values(68,3012)
INSERT into InvGroupMapMaster(GROUPID,InvestigationID)values(68,2013)
INSERT into InvGroupMapMaster(GROUPID,InvestigationID)values(68,3019)
INSERT into InvGroupMapMaster(GROUPID,InvestigationID)values(68,3018)
INSERT into InvGroupMapMaster(GROUPID,InvestigationID)values(68,3064)
INSERT into InvGroupMapMaster(GROUPID,InvestigationID)values(68,4084)
INSERT into InvGroupMapMaster(GROUPID,InvestigationID)values(69,3012)
INSERT into InvGroupMapMaster(GROUPID,InvestigationID)values(69,3013)
INSERT into InvGroupMapMaster(GROUPID,InvestigationID)values(69,3019)
INSERT into InvGroupMapMaster(GROUPID,InvestigationID)values(69,3018)
INSERT into InvGroupMapMaster(GROUPID,InvestigationID)values(69,3064)
INSERT into InvGroupMapMaster(GROUPID,InvestigationID)values(69,4277)
INSERT into InvGroupMapMaster(GROUPID,InvestigationID)values(70,3012)
INSERT into InvGroupMapMaster(GROUPID,InvestigationID)values(70,3013)
INSERT into InvGroupMapMaster(GROUPID,InvestigationID)values(70,3019)
INSERT into InvGroupMapMaster(GROUPID,InvestigationID)values(70,3018)
INSERT into InvGroupMapMaster(GROUPID,InvestigationID)values(70,3064)
INSERT into InvGroupMapMaster(GROUPID,InvestigationID)values(70,4277)
INSERT into InvGroupMapMaster(GROUPID,InvestigationID)values(70,4384)
INSERT into InvGroupMapMaster(GROUPID,InvestigationID)values(71,3012)
INSERT into InvGroupMapMaster(GROUPID,InvestigationID)values(71,3013)
INSERT into InvGroupMapMaster(GROUPID,InvestigationID)values(71,3019)
INSERT into InvGroupMapMaster(GROUPID,InvestigationID)values(71,3018)
INSERT into InvGroupMapMaster(GROUPID,InvestigationID)values(71,3064)
INSERT into InvGroupMapMaster(GROUPID,InvestigationID)values(71,4277)
INSERT into InvGroupMapMaster(GROUPID,InvestigationID)values(71,4384)
INSERT into InvGroupMapMaster(GROUPID,InvestigationID)values(74,3012)
INSERT into InvGroupMapMaster(GROUPID,InvestigationID)values(74,3053)
INSERT into InvGroupMapMaster(GROUPID,InvestigationID)values(74,4307)
INSERT into InvGroupMapMaster(GROUPID,InvestigationID)values(75,3012)
INSERT into InvGroupMapMaster(GROUPID,InvestigationID)values(75,3053)
INSERT into InvGroupMapMaster(GROUPID,InvestigationID)values(75,4307)
INSERT into InvGroupMapMaster(GROUPID,InvestigationID)values(75,3055)
INSERT into InvGroupMapMaster(GROUPID,InvestigationID)values(75,3057)
INSERT into InvGroupMapMaster(GROUPID,InvestigationID)values(75,3040)
INSERT into InvGroupMapMaster(GROUPID,InvestigationID)values(75,3041)
INSERT into InvGroupMapMaster(GROUPID,InvestigationID)values(75,3019)
INSERT into InvGroupMapMaster(GROUPID,InvestigationID)values(76,3012)
INSERT into InvGroupMapMaster(GROUPID,InvestigationID)values(76,3053)
INSERT into InvGroupMapMaster(GROUPID,InvestigationID)values(76,4307)
INSERT into InvGroupMapMaster(GROUPID,InvestigationID)values(76,3055)
INSERT into InvGroupMapMaster(GROUPID,InvestigationID)values(76,3057)
INSERT into InvGroupMapMaster(GROUPID,InvestigationID)values(76,3040)
INSERT into InvGroupMapMaster(GROUPID,InvestigationID)values(76,3041)
INSERT into InvGroupMapMaster(GROUPID,InvestigationID)values(76,3019)
INSERT into InvGroupMapMaster(GROUPID,InvestigationID)values(77,3012)
INSERT into InvGroupMapMaster(GROUPID,InvestigationID)values(77,3053)
INSERT into InvGroupMapMaster(GROUPID,InvestigationID)values(77,4307)
INSERT into InvGroupMapMaster(GROUPID,InvestigationID)values(77,3055)
INSERT into InvGroupMapMaster(GROUPID,InvestigationID)values(77,3057)
INSERT into InvGroupMapMaster(GROUPID,InvestigationID)values(77,3040)
INSERT into InvGroupMapMaster(GROUPID,InvestigationID)values(77,3041)
INSERT into InvGroupMapMaster(GROUPID,InvestigationID)values(77,3019)
INSERT into InvGroupMapMaster(GROUPID,InvestigationID)values(77,4127)
INSERT into InvGroupMapMaster(GROUPID,InvestigationID)values(77,4084)
INSERT into InvGroupMapMaster(GROUPID,InvestigationID)values(78,2013)
INSERT into InvGroupMapMaster(GROUPID,InvestigationID)values(78,3019)
INSERT into InvGroupMapMaster(GROUPID,InvestigationID)values(78,3012)
INSERT into InvGroupMapMaster(GROUPID,InvestigationID)values(78,4277)
INSERT into InvGroupMapMaster(GROUPID,InvestigationID)values(78,3041)
INSERT into InvGroupMapMaster(GROUPID,InvestigationID)values(80,3012)
INSERT into InvGroupMapMaster(GROUPID,InvestigationID)values(81,4164)
INSERT into InvGroupMapMaster(GROUPID,InvestigationID)values(81,3018)
INSERT into InvGroupMapMaster(GROUPID,InvestigationID)values(81,3019)
INSERT into InvGroupMapMaster(GROUPID,InvestigationID)values(81,3032)
INSERT into InvGroupMapMaster(GROUPID,InvestigationID)values(81,3012)
INSERT into InvGroupMapMaster(GROUPID,InvestigationID)values(81,4307)
INSERT into InvGroupMapMaster(GROUPID,InvestigationID)values(81,4127)
INSERT into InvGroupMapMaster(GROUPID,InvestigationID)values(81,4084)
INSERT into InvGroupMapMaster(GROUPID,InvestigationID)values(81,3040)
INSERT into InvGroupMapMaster(GROUPID,InvestigationID)values(81,3041)
INSERT into InvGroupMapMaster(GROUPID,InvestigationID)values(81,3057)
INSERT into InvGroupMapMaster(GROUPID,InvestigationID)values(81,3055)
INSERT into InvGroupMapMaster(GROUPID,InvestigationID)values(82,3012)
INSERT into InvGroupMapMaster(GROUPID,InvestigationID)values(83,4164)
INSERT into InvGroupMapMaster(GROUPID,InvestigationID)values(83,3019)
INSERT into InvGroupMapMaster(GROUPID,InvestigationID)values(83,3032)
INSERT into InvGroupMapMaster(GROUPID,InvestigationID)values(83,3012)
INSERT into InvGroupMapMaster(GROUPID,InvestigationID)values(83,4307)
INSERT into InvGroupMapMaster(GROUPID,InvestigationID)values(83,4127)
INSERT into InvGroupMapMaster(GROUPID,InvestigationID)values(83,3055)
INSERT into InvGroupMapMaster(GROUPID,InvestigationID)values(83,4084)
INSERT into InvGroupMapMaster(GROUPID,InvestigationID)values(83,3040)
INSERT into InvGroupMapMaster(GROUPID,InvestigationID)values(83,3041)
INSERT into InvGroupMapMaster(GROUPID,InvestigationID)values(83,3053)
INSERT into InvGroupMapMaster(GROUPID,InvestigationID)values(83,3057)
INSERT into InvGroupMapMaster(GROUPID,InvestigationID)values(83,4277)
INSERT into InvGroupMapMaster(GROUPID,InvestigationID)values(81,3053)
INSERT into InvGroupMapMaster(GROUPID,InvestigationID)values(84,4164)
INSERT into InvGroupMapMaster(GROUPID,InvestigationID)values(84,3018)
INSERT into InvGroupMapMaster(GROUPID,InvestigationID)values(84,3019)
INSERT into InvGroupMapMaster(GROUPID,InvestigationID)values(84,3032)
INSERT into InvGroupMapMaster(GROUPID,InvestigationID)values(84,3012)
INSERT into InvGroupMapMaster(GROUPID,InvestigationID)values(84,4307)
INSERT into InvGroupMapMaster(GROUPID,InvestigationID)values(84,4127)
INSERT into InvGroupMapMaster(GROUPID,InvestigationID)values(84,3055)
INSERT into InvGroupMapMaster(GROUPID,InvestigationID)values(84,4084)
INSERT into InvGroupMapMaster(GROUPID,InvestigationID)values(84,3040)
INSERT into InvGroupMapMaster(GROUPID,InvestigationID)values(84,3041)
INSERT into InvGroupMapMaster(GROUPID,InvestigationID)values(84,3053)
INSERT into InvGroupMapMaster(GROUPID,InvestigationID)values(84,3057)
INSERT into InvGroupMapMaster(GROUPID,InvestigationID)values(85,4164)
INSERT into InvGroupMapMaster(GROUPID,InvestigationID)values(85,3018)
INSERT into InvGroupMapMaster(GROUPID,InvestigationID)values(85,3019)
INSERT into InvGroupMapMaster(GROUPID,InvestigationID)values(85,3032)
INSERT into InvGroupMapMaster(GROUPID,InvestigationID)values(85,3012)
INSERT into InvGroupMapMaster(GROUPID,InvestigationID)values(85,4307)
INSERT into InvGroupMapMaster(GROUPID,InvestigationID)values(85,4127)
INSERT into InvGroupMapMaster(GROUPID,InvestigationID)values(85,3055)
INSERT into InvGroupMapMaster(GROUPID,InvestigationID)values(85,4084)
INSERT into InvGroupMapMaster(GROUPID,InvestigationID)values(85,3040)
INSERT into InvGroupMapMaster(GROUPID,InvestigationID)values(85,3041)
INSERT into InvGroupMapMaster(GROUPID,InvestigationID)values(85,3053)
INSERT into InvGroupMapMaster(GROUPID,InvestigationID)values(85,3057)
INSERT into InvGroupMapMaster(GROUPID,InvestigationID)values(86,4164)
INSERT into InvGroupMapMaster(GROUPID,InvestigationID)values(86,3018)
INSERT into InvGroupMapMaster(GROUPID,InvestigationID)values(86,3019)
INSERT into InvGroupMapMaster(GROUPID,InvestigationID)values(86,3032)
INSERT into InvGroupMapMaster(GROUPID,InvestigationID)values(86,3012)
INSERT into InvGroupMapMaster(GROUPID,InvestigationID)values(86,4307)
INSERT into InvGroupMapMaster(GROUPID,InvestigationID)values(86,4127)
INSERT into InvGroupMapMaster(GROUPID,InvestigationID)values(86,3055)
INSERT into InvGroupMapMaster(GROUPID,InvestigationID)values(86,4084)
INSERT into InvGroupMapMaster(GROUPID,InvestigationID)values(86,3040)
INSERT into InvGroupMapMaster(GROUPID,InvestigationID)values(86,3041)
INSERT into InvGroupMapMaster(GROUPID,InvestigationID)values(86,3053)
INSERT into InvGroupMapMaster(GROUPID,InvestigationID)values(86,3057)
INSERT into InvGroupMapMaster(GROUPID,InvestigationID)values(86,4277)
INSERT into InvGroupMapMaster(GROUPID,InvestigationID)values(87,4164)
INSERT into InvGroupMapMaster(GROUPID,InvestigationID)values(87,3018)
INSERT into InvGroupMapMaster(GROUPID,InvestigationID)values(87,3019)
INSERT into InvGroupMapMaster(GROUPID,InvestigationID)values(87,3032)
INSERT into InvGroupMapMaster(GROUPID,InvestigationID)values(87,3012)
INSERT into InvGroupMapMaster(GROUPID,InvestigationID)values(87,4307)
INSERT into InvGroupMapMaster(GROUPID,InvestigationID)values(87,4127)
INSERT into InvGroupMapMaster(GROUPID,InvestigationID)values(87,3055)
INSERT into InvGroupMapMaster(GROUPID,InvestigationID)values(87,4084)
INSERT into InvGroupMapMaster(GROUPID,InvestigationID)values(87,3040)
INSERT into InvGroupMapMaster(GROUPID,InvestigationID)values(87,3041)
INSERT into InvGroupMapMaster(GROUPID,InvestigationID)values(87,3053)
INSERT into InvGroupMapMaster(GROUPID,InvestigationID)values(87,3057)
INSERT into InvGroupMapMaster(GROUPID,InvestigationID)values(88,4164)
INSERT into InvGroupMapMaster(GROUPID,InvestigationID)values(88,3018)
INSERT into InvGroupMapMaster(GROUPID,InvestigationID)values(88,3019)
INSERT into InvGroupMapMaster(GROUPID,InvestigationID)values(88,3032)
INSERT into InvGroupMapMaster(GROUPID,InvestigationID)values(88,3012)
INSERT into InvGroupMapMaster(GROUPID,InvestigationID)values(88,4307)
INSERT into InvGroupMapMaster(GROUPID,InvestigationID)values(88,4127)
INSERT into InvGroupMapMaster(GROUPID,InvestigationID)values(88,3055)
INSERT into InvGroupMapMaster(GROUPID,InvestigationID)values(88,4084)
INSERT into InvGroupMapMaster(GROUPID,InvestigationID)values(88,3040)
INSERT into InvGroupMapMaster(GROUPID,InvestigationID)values(88,3041)
INSERT into InvGroupMapMaster(GROUPID,InvestigationID)values(88,3053)
INSERT into InvGroupMapMaster(GROUPID,InvestigationID)values(88,3057)
INSERT into InvGroupMapMaster(GROUPID,InvestigationID)values(89,4164)
INSERT into InvGroupMapMaster(GROUPID,InvestigationID)values(89,3018)
INSERT into InvGroupMapMaster(GROUPID,InvestigationID)values(89,3032)
INSERT into InvGroupMapMaster(GROUPID,InvestigationID)values(89,4307)
INSERT into InvGroupMapMaster(GROUPID,InvestigationID)values(89,4127)
INSERT into InvGroupMapMaster(GROUPID,InvestigationID)values(89,3055)
INSERT into InvGroupMapMaster(GROUPID,InvestigationID)values(89,4084)
INSERT into InvGroupMapMaster(GROUPID,InvestigationID)values(89,3040)
INSERT into InvGroupMapMaster(GROUPID,InvestigationID)values(89,3041)
INSERT into InvGroupMapMaster(GROUPID,InvestigationID)values(89,3053)
INSERT into InvGroupMapMaster(GROUPID,InvestigationID)values(89,3057)
INSERT into InvGroupMapMaster(GROUPID,InvestigationID)values(98,4084)
INSERT into InvGroupMapMaster(GROUPID,InvestigationID)values(97,4084)
INSERT into InvGroupMapMaster(GROUPID,InvestigationID)values(97,3012)
INSERT into InvGroupMapMaster(GROUPID,InvestigationID)values(98,3012)
INSERT into InvGroupMapMaster(GROUPID,InvestigationID)values(98,3019)
INSERT into InvGroupMapMaster(GROUPID,InvestigationID)values(98,3018)
INSERT into InvGroupMapMaster(GROUPID,InvestigationID)values(98,4127)
INSERT into InvGroupMapMaster(GROUPID,InvestigationID)values(98,4277)
INSERT into InvGroupMapMaster(GROUPID,InvestigationID)values(99,4084)
INSERT into InvGroupMapMaster(GROUPID,InvestigationID)values(99,3012)
INSERT into InvGroupMapMaster(GROUPID,InvestigationID)values(99,3019)
INSERT into InvGroupMapMaster(GROUPID,InvestigationID)values(99,3018)
INSERT into InvGroupMapMaster(GROUPID,InvestigationID)values(99,4127)
INSERT into InvGroupMapMaster(GROUPID,InvestigationID)values(100,4084)
INSERT into InvGroupMapMaster(GROUPID,InvestigationID)values(100,3019)
INSERT into InvGroupMapMaster(GROUPID,InvestigationID)values(100,3018)
INSERT into InvGroupMapMaster(GROUPID,InvestigationID)values(100,4127)
INSERT into InvGroupMapMaster(GROUPID,InvestigationID)values(101,4084)
INSERT into InvGroupMapMaster(GROUPID,InvestigationID)values(101,3012)
INSERT into InvGroupMapMaster(GROUPID,InvestigationID)values(101,3019)
INSERT into InvGroupMapMaster(GROUPID,InvestigationID)values(101,3018)
INSERT into InvGroupMapMaster(GROUPID,InvestigationID)values(101,4127)
INSERT into InvGroupMapMaster(GROUPID,InvestigationID)values(102,3012)
INSERT into InvGroupMapMaster(GROUPID,InvestigationID)values(102,3013)
INSERT into InvGroupMapMaster(GROUPID,InvestigationID)values(102,3018)
INSERT into InvGroupMapMaster(GROUPID,InvestigationID)values(102,3019)
INSERT into InvGroupMapMaster(GROUPID,InvestigationID)values(102,2031)
INSERT into InvGroupMapMaster(GROUPID,InvestigationID)values(102,4089)
INSERT into InvGroupMapMaster(GROUPID,InvestigationID)values(102,3064)
INSERT into InvGroupMapMaster(GROUPID,InvestigationID)values(102,4084)
INSERT into InvGroupMapMaster(GROUPID,InvestigationID)values(102,4127)
INSERT into InvGroupMapMaster(GROUPID,InvestigationID)values(102,4384)
INSERT into InvGroupMapMaster(GROUPID,InvestigationID)values(102,4277)
INSERT into InvGroupMapMaster(GROUPID,InvestigationID)values(103,3012)
INSERT into InvGroupMapMaster(GROUPID,InvestigationID)values(103,3013)
INSERT into InvGroupMapMaster(GROUPID,InvestigationID)values(103,3018)
INSERT into InvGroupMapMaster(GROUPID,InvestigationID)values(103,3019)
INSERT into InvGroupMapMaster(GROUPID,InvestigationID)values(103,2031)
INSERT into InvGroupMapMaster(GROUPID,InvestigationID)values(103,4089)
INSERT into InvGroupMapMaster(GROUPID,InvestigationID)values(103,3064)
INSERT into InvGroupMapMaster(GROUPID,InvestigationID)values(103,4084)
INSERT into InvGroupMapMaster(GROUPID,InvestigationID)values(103,4127)
INSERT into InvGroupMapMaster(GROUPID,InvestigationID)values(103,4384)
INSERT into InvGroupMapMaster(GROUPID,InvestigationID)values(103,4277)
INSERT into InvGroupMapMaster(GROUPID,InvestigationID)values(104,3012)
INSERT into InvGroupMapMaster(GROUPID,InvestigationID)values(104,3013)
INSERT into InvGroupMapMaster(GROUPID,InvestigationID)values(104,3018)
INSERT into InvGroupMapMaster(GROUPID,InvestigationID)values(104,3019)
INSERT into InvGroupMapMaster(GROUPID,InvestigationID)values(104,2031)
INSERT into InvGroupMapMaster(GROUPID,InvestigationID)values(104,4089)
INSERT into InvGroupMapMaster(GROUPID,InvestigationID)values(104,4084)
INSERT into InvGroupMapMaster(GROUPID,InvestigationID)values(104,4127)
INSERT into InvGroupMapMaster(GROUPID,InvestigationID)values(104,4277)
INSERT into InvGroupMapMaster(GROUPID,InvestigationID)values(105,3012)
INSERT into InvGroupMapMaster(GROUPID,InvestigationID)values(105,3013)
INSERT into InvGroupMapMaster(GROUPID,InvestigationID)values(105,3018)
INSERT into InvGroupMapMaster(GROUPID,InvestigationID)values(105,3019)
INSERT into InvGroupMapMaster(GROUPID,InvestigationID)values(105,2031)
INSERT into InvGroupMapMaster(GROUPID,InvestigationID)values(105,4089)
INSERT into InvGroupMapMaster(GROUPID,InvestigationID)values(105,4084)
INSERT into InvGroupMapMaster(GROUPID,InvestigationID)values(105,4127)
INSERT into InvGroupMapMaster(GROUPID,InvestigationID)values(105,4277)
INSERT into InvGroupMapMaster(GROUPID,InvestigationID)values(106,3011)
INSERT into InvGroupMapMaster(GROUPID,InvestigationID)values(106,3018)
INSERT into InvGroupMapMaster(GROUPID,InvestigationID)values(106,3019)
INSERT into InvGroupMapMaster(GROUPID,InvestigationID)values(106,2031)
INSERT into InvGroupMapMaster(GROUPID,InvestigationID)values(106,4084)
INSERT into InvGroupMapMaster(GROUPID,InvestigationID)values(106,4127)
INSERT into InvGroupMapMaster(GROUPID,InvestigationID)values(106,4277)
INSERT into InvGroupMapMaster(GROUPID,InvestigationID)values(107,3011)
INSERT into InvGroupMapMaster(GROUPID,InvestigationID)values(107,3018)
INSERT into InvGroupMapMaster(GROUPID,InvestigationID)values(107,3019)
INSERT into InvGroupMapMaster(GROUPID,InvestigationID)values(107,2031)
INSERT into InvGroupMapMaster(GROUPID,InvestigationID)values(107,4084)
INSERT into InvGroupMapMaster(GROUPID,InvestigationID)values(107,4127)
INSERT into InvGroupMapMaster(GROUPID,InvestigationID)values(107,4277)
INSERT into InvGroupMapMaster(GROUPID,InvestigationID)values(108,3012)
INSERT into InvGroupMapMaster(GROUPID,InvestigationID)values(108,3013)
INSERT into InvGroupMapMaster(GROUPID,InvestigationID)values(108,3018)
INSERT into InvGroupMapMaster(GROUPID,InvestigationID)values(108,3019)
INSERT into InvGroupMapMaster(GROUPID,InvestigationID)values(109,3012)
INSERT into InvGroupMapMaster(GROUPID,InvestigationID)values(109,3013)
INSERT into InvGroupMapMaster(GROUPID,InvestigationID)values(109,3018)
INSERT into InvGroupMapMaster(GROUPID,InvestigationID)values(109,3019)
INSERT into InvGroupMapMaster(GROUPID,InvestigationID)values(110,3012)
INSERT into InvGroupMapMaster(GROUPID,InvestigationID)values(110,3013)
INSERT into InvGroupMapMaster(GROUPID,InvestigationID)values(110,3018)
INSERT into InvGroupMapMaster(GROUPID,InvestigationID)values(110,3019)
INSERT into InvGroupMapMaster(GROUPID,InvestigationID)values(110,4221)
INSERT into InvGroupMapMaster(GROUPID,InvestigationID)values(110,4467)
INSERT into InvGroupMapMaster(GROUPID,InvestigationID)values(110,4277)
INSERT into InvGroupMapMaster(GROUPID,InvestigationID)values(111,3012)
INSERT into InvGroupMapMaster(GROUPID,InvestigationID)values(111,3013)
INSERT into InvGroupMapMaster(GROUPID,InvestigationID)values(111,3018)
INSERT into InvGroupMapMaster(GROUPID,InvestigationID)values(111,3019)
INSERT into InvGroupMapMaster(GROUPID,InvestigationID)values(111,4221)
INSERT into InvGroupMapMaster(GROUPID,InvestigationID)values(111,4467)
INSERT into InvGroupMapMaster(GROUPID,InvestigationID)values(111,4277)
INSERT into InvGroupMapMaster(GROUPID,InvestigationID)values(112,3069)
INSERT into InvGroupMapMaster(GROUPID,InvestigationID)values(112,4313)
INSERT into InvGroupMapMaster(GROUPID,InvestigationID)values(112,3032)
INSERT into InvGroupMapMaster(GROUPID,InvestigationID)values(112,4458)
INSERT into InvGroupMapMaster(GROUPID,InvestigationID)values(112,3019)
INSERT into InvGroupMapMaster(GROUPID,InvestigationID)values(113,3069)
INSERT into InvGroupMapMaster(GROUPID,InvestigationID)values(113,4313)
INSERT into InvGroupMapMaster(GROUPID,InvestigationID)values(113,3032)
INSERT into InvGroupMapMaster(GROUPID,InvestigationID)values(113,4458)
INSERT into InvGroupMapMaster(GROUPID,InvestigationID)values(113,3019)
INSERT into InvGroupMapMaster(GROUPID,InvestigationID)values(114,3011)
INSERT into InvGroupMapMaster(GROUPID,InvestigationID)values(114,3018)
INSERT into InvGroupMapMaster(GROUPID,InvestigationID)values(114,3019)
INSERT into InvGroupMapMaster(GROUPID,InvestigationID)values(114,4015)
INSERT into InvGroupMapMaster(GROUPID,InvestigationID)values(114,4221)
INSERT into InvGroupMapMaster(GROUPID,InvestigationID)values(114,4277)
INSERT into InvGroupMapMaster(GROUPID,InvestigationID)values(115,3011)
INSERT into InvGroupMapMaster(GROUPID,InvestigationID)values(115,3018)
INSERT into InvGroupMapMaster(GROUPID,InvestigationID)values(115,3019)
INSERT into InvGroupMapMaster(GROUPID,InvestigationID)values(115,4221)
INSERT into InvGroupMapMaster(GROUPID,InvestigationID)values(115,4277)
INSERT into InvGroupMapMaster(GROUPID,InvestigationID)values(116,3011)
INSERT into InvGroupMapMaster(GROUPID,InvestigationID)values(116,4015)
INSERT into InvGroupMapMaster(GROUPID,InvestigationID)values(116,4277)
INSERT into InvGroupMapMaster(GROUPID,InvestigationID)values(116,4467)
INSERT into InvGroupMapMaster(GROUPID,InvestigationID)values(116,3018)
INSERT into InvGroupMapMaster(GROUPID,InvestigationID)values(116,3019)
INSERT into InvGroupMapMaster(GROUPID,InvestigationID)values(116,4221)
INSERT into InvGroupMapMaster(GROUPID,InvestigationID)values(116,4321)
INSERT into InvGroupMapMaster(GROUPID,InvestigationID)values(117,3018)
INSERT into InvGroupMapMaster(GROUPID,InvestigationID)values(117,3019)
INSERT into InvGroupMapMaster(GROUPID,InvestigationID)values(117,3011)
INSERT into InvGroupMapMaster(GROUPID,InvestigationID)values(117,4015)
INSERT into InvGroupMapMaster(GROUPID,InvestigationID)values(117,4211)
INSERT into InvGroupMapMaster(GROUPID,InvestigationID)values(117,4277)
INSERT into InvGroupMapMaster(GROUPID,InvestigationID)values(117,4467)
INSERT into InvGroupMapMaster(GROUPID,InvestigationID)values(117,4321)
INSERT into InvGroupMapMaster(GROUPID,InvestigationID)values(120,3011)
INSERT into InvGroupMapMaster(GROUPID,InvestigationID)values(120,3018)
INSERT into InvGroupMapMaster(GROUPID,InvestigationID)values(120,3019)
INSERT into InvGroupMapMaster(GROUPID,InvestigationID)values(120,3057)
INSERT into InvGroupMapMaster(GROUPID,InvestigationID)values(120,3038)
INSERT into InvGroupMapMaster(GROUPID,InvestigationID)values(120,3039)
INSERT into InvGroupMapMaster(GROUPID,InvestigationID)values(120,3053)
INSERT into InvGroupMapMaster(GROUPID,InvestigationID)values(121,3011)
INSERT into InvGroupMapMaster(GROUPID,InvestigationID)values(121,3018)
INSERT into InvGroupMapMaster(GROUPID,InvestigationID)values(121,3019)
INSERT into InvGroupMapMaster(GROUPID,InvestigationID)values(121,3053)
INSERT into InvGroupMapMaster(GROUPID,InvestigationID)values(121,3057)
INSERT into InvGroupMapMaster(GROUPID,InvestigationID)values(121,3038)
INSERT into InvGroupMapMaster(GROUPID,InvestigationID)values(121,3039)
INSERT into InvGroupMapMaster(GROUPID,InvestigationID)values(122,3011)
INSERT into InvGroupMapMaster(GROUPID,InvestigationID)values(122,3018)
INSERT into InvGroupMapMaster(GROUPID,InvestigationID)values(122,3019)
INSERT into InvGroupMapMaster(GROUPID,InvestigationID)values(122,3053)
INSERT into InvGroupMapMaster(GROUPID,InvestigationID)values(122,3057)
INSERT into InvGroupMapMaster(GROUPID,InvestigationID)values(122,3038)
INSERT into InvGroupMapMaster(GROUPID,InvestigationID)values(122,3039)
INSERT into InvGroupMapMaster(GROUPID,InvestigationID)values(122,3007)
INSERT into InvGroupMapMaster(GROUPID,InvestigationID)values(122,3064)
INSERT into InvGroupMapMaster(GROUPID,InvestigationID)values(122,4015)
INSERT into InvGroupMapMaster(GROUPID,InvestigationID)values(122,4039)
INSERT into InvGroupMapMaster(GROUPID,InvestigationID)values(122,3008)
INSERT into InvGroupMapMaster(GROUPID,InvestigationID)values(122,3021)
INSERT into InvGroupMapMaster(GROUPID,InvestigationID)values(123,3011)
INSERT into InvGroupMapMaster(GROUPID,InvestigationID)values(123,3018)
INSERT into InvGroupMapMaster(GROUPID,InvestigationID)values(123,3019)
INSERT into InvGroupMapMaster(GROUPID,InvestigationID)values(123,3053)
INSERT into InvGroupMapMaster(GROUPID,InvestigationID)values(123,3057)
INSERT into InvGroupMapMaster(GROUPID,InvestigationID)values(123,3038)
INSERT into InvGroupMapMaster(GROUPID,InvestigationID)values(123,3039)
INSERT into InvGroupMapMaster(GROUPID,InvestigationID)values(123,3007)
INSERT into InvGroupMapMaster(GROUPID,InvestigationID)values(123,3008)
INSERT into InvGroupMapMaster(GROUPID,InvestigationID)values(123,4015)
INSERT into InvGroupMapMaster(GROUPID,InvestigationID)values(123,4039)
INSERT into InvGroupMapMaster(GROUPID,InvestigationID)values(123,3064)
INSERT into InvGroupMapMaster(GROUPID,InvestigationID)values(123,3021)
INSERT into InvGroupMapMaster(GROUPID,InvestigationID)values(124,3012)
INSERT into InvGroupMapMaster(GROUPID,InvestigationID)values(124,3018)
INSERT into InvGroupMapMaster(GROUPID,InvestigationID)values(124,3019)
INSERT into InvGroupMapMaster(GROUPID,InvestigationID)values(124,4093)
INSERT into InvGroupMapMaster(GROUPID,InvestigationID)values(124,2055)
INSERT into InvGroupMapMaster(GROUPID,InvestigationID)values(124,3020)
INSERT into InvGroupMapMaster(GROUPID,InvestigationID)values(124,4084)
INSERT into InvGroupMapMaster(GROUPID,InvestigationID)values(124,4416)
INSERT into InvGroupMapMaster(GROUPID,InvestigationID)values(124,4046)
INSERT into InvGroupMapMaster(GROUPID,InvestigationID)values(125,4084)
INSERT into InvGroupMapMaster(GROUPID,InvestigationID)values(125,4307)
INSERT into InvGroupMapMaster(GROUPID,InvestigationID)values(126,4360)
INSERT into InvGroupMapMaster(GROUPID,InvestigationID)values(126,4089)
INSERT into InvGroupMapMaster(GROUPID,InvestigationID)values(126,4084)
INSERT into InvGroupMapMaster(GROUPID,InvestigationID)values(126,4129)
INSERT into InvGroupMapMaster(GROUPID,InvestigationID)values(126,4127)
INSERT into InvGroupMapMaster(GROUPID,InvestigationID)values(126,4307)
INSERT into InvGroupMapMaster(GROUPID,InvestigationID)values(127,4466)
INSERT into InvGroupMapMaster(GROUPID,InvestigationID)values(127,4458)
INSERT into InvGroupMapMaster(GROUPID,InvestigationID)values(128,2041)
INSERT into InvGroupMapMaster(GROUPID,InvestigationID)values(128,2012)
INSERT into InvGroupMapMaster(GROUPID,InvestigationID)values(128,2039)
INSERT into InvGroupMapMaster(GROUPID,InvestigationID)values(128,4397)
INSERT into InvGroupMapMaster(GROUPID,InvestigationID)values(128,4380)
INSERT into InvGroupMapMaster(GROUPID,InvestigationID)values(128,3032)
INSERT into InvGroupMapMaster(GROUPID,InvestigationID)values(128,4313)
INSERT into InvGroupMapMaster(GROUPID,InvestigationID)values(128,4273)
INSERT into InvGroupMapMaster(GROUPID,InvestigationID)values(129,2012)
INSERT into InvGroupMapMaster(GROUPID,InvestigationID)values(129,3032)
INSERT into InvGroupMapMaster(GROUPID,InvestigationID)values(129,4313)
INSERT into InvGroupMapMaster(GROUPID,InvestigationID)values(129,4273)
INSERT into InvGroupMapMaster(GROUPID,InvestigationID)values(129,4345)
INSERT into InvGroupMapMaster(GROUPID,InvestigationID)values(129,4355)
INSERT into InvGroupMapMaster(GROUPID,InvestigationID)values(129,2015)
INSERT into InvGroupMapMaster(GROUPID,InvestigationID)values(130,2047)
INSERT into InvGroupMapMaster(GROUPID,InvestigationID)values(130,4084)
INSERT into InvGroupMapMaster(GROUPID,InvestigationID)values(130,4127)
INSERT into InvGroupMapMaster(GROUPID,InvestigationID)values(130,4129)
INSERT into InvGroupMapMaster(GROUPID,InvestigationID)values(130,3012)
INSERT into InvGroupMapMaster(GROUPID,InvestigationID)values(130,3018)
INSERT into InvGroupMapMaster(GROUPID,InvestigationID)values(130,3019)
INSERT into InvGroupMapMaster(GROUPID,InvestigationID)values(130,4278)
INSERT into InvGroupMapMaster(GROUPID,InvestigationID)values(130,4089)
INSERT into InvGroupMapMaster(GROUPID,InvestigationID)values(130,3032)
INSERT into InvGroupMapMaster(GROUPID,InvestigationID)values(131,2047)
INSERT into InvGroupMapMaster(GROUPID,InvestigationID)values(131,3011)
INSERT into InvGroupMapMaster(GROUPID,InvestigationID)values(131,3018)
INSERT into InvGroupMapMaster(GROUPID,InvestigationID)values(131,3019)
INSERT into InvGroupMapMaster(GROUPID,InvestigationID)values(131,3035)
INSERT into InvGroupMapMaster(GROUPID,InvestigationID)values(131,3008)
INSERT into InvGroupMapMaster(GROUPID,InvestigationID)values(131,3009)
INSERT into InvGroupMapMaster(GROUPID,InvestigationID)values(131,3064)
INSERT into InvGroupMapMaster(GROUPID,InvestigationID)values(131,3016)
INSERT into InvGroupMapMaster(GROUPID,InvestigationID)values(131,3040)
INSERT into InvGroupMapMaster(GROUPID,InvestigationID)values(131,3041)
INSERT into InvGroupMapMaster(GROUPID,InvestigationID)values(131,4278)
INSERT into InvGroupMapMaster(GROUPID,InvestigationID)values(131,4084)
INSERT into InvGroupMapMaster(GROUPID,InvestigationID)values(131,4127)
INSERT into InvGroupMapMaster(GROUPID,InvestigationID)values(131,4089)
INSERT into InvGroupMapMaster(GROUPID,InvestigationID)values(131,1006)
INSERT into InvGroupMapMaster(GROUPID,InvestigationID)values(131,4145)
INSERT into InvGroupMapMaster(GROUPID,InvestigationID)values(131,4435)
INSERT into InvGroupMapMaster(GROUPID,InvestigationID)values(132,3012)
INSERT into InvGroupMapMaster(GROUPID,InvestigationID)values(132,3018)
INSERT into InvGroupMapMaster(GROUPID,InvestigationID)values(132,4279)
INSERT into InvGroupMapMaster(GROUPID,InvestigationID)values(133,3012)
INSERT into InvGroupMapMaster(GROUPID,InvestigationID)values(133,3018)
INSERT into InvGroupMapMaster(GROUPID,InvestigationID)values(133,3019)
INSERT into InvGroupMapMaster(GROUPID,InvestigationID)values(133,4221)
INSERT into InvGroupMapMaster(GROUPID,InvestigationID)values(133,4015)
INSERT into InvGroupMapMaster(GROUPID,InvestigationID)values(134,3012)
INSERT into InvGroupMapMaster(GROUPID,InvestigationID)values(134,3018)
INSERT into InvGroupMapMaster(GROUPID,InvestigationID)values(134,3019)
INSERT into InvGroupMapMaster(GROUPID,InvestigationID)values(134,4467)
INSERT into InvGroupMapMaster(GROUPID,InvestigationID)values(134,4015)
INSERT into InvGroupMapMaster(GROUPID,InvestigationID)values(134,4309)
INSERT into InvGroupMapMaster(GROUPID,InvestigationID)values(135,3018)
INSERT into InvGroupMapMaster(GROUPID,InvestigationID)values(135,3013)
INSERT into InvGroupMapMaster(GROUPID,InvestigationID)values(135,4084)
INSERT into InvGroupMapMaster(GROUPID,InvestigationID)values(135,4089)
INSERT into InvGroupMapMaster(GROUPID,InvestigationID)values(136,4408)
INSERT into InvGroupMapMaster(GROUPID,InvestigationID)values(136,4171)
INSERT into InvGroupMapMaster(GROUPID,InvestigationID)values(137,4132)
INSERT into InvGroupMapMaster(GROUPID,InvestigationID)values(137,4127)
INSERT into InvGroupMapMaster(GROUPID,InvestigationID)values(137,4128)
INSERT into InvGroupMapMaster(GROUPID,InvestigationID)values(137,4135)
INSERT into InvGroupMapMaster(GROUPID,InvestigationID)values(137,3040)
INSERT into InvGroupMapMaster(GROUPID,InvestigationID)values(137,3041)
INSERT into InvGroupMapMaster(GROUPID,InvestigationID)values(138,4130)
INSERT into InvGroupMapMaster(GROUPID,InvestigationID)values(138,4131)
INSERT into InvGroupMapMaster(GROUPID,InvestigationID)values(138,4128)
INSERT into InvGroupMapMaster(GROUPID,InvestigationID)values(139,2026)
INSERT into InvGroupMapMaster(GROUPID,InvestigationID)values(139,4080)
INSERT into InvGroupMapMaster(GROUPID,InvestigationID)values(139,4300)
INSERT into InvGroupMapMaster(GROUPID,InvestigationID)values(141,4400)
INSERT into InvGroupMapMaster(GROUPID,InvestigationID)values(141,4282)
INSERT into InvGroupMapMaster(GROUPID,InvestigationID)values(141,4348)
INSERT into InvGroupMapMaster(GROUPID,InvestigationID)values(142,4421)
INSERT into InvGroupMapMaster(GROUPID,InvestigationID)values(102,4129)
INSERT into InvGroupMapMaster(GROUPID,InvestigationID)values(103,4129)
INSERT into InvGroupMapMaster(GROUPID,InvestigationID)values(104,4129)
INSERT into InvGroupMapMaster(GROUPID,InvestigationID)values(105,4129)
INSERT into InvGroupMapMaster(GROUPID,InvestigationID)values(106,4129)
INSERT into InvGroupMapMaster(GROUPID,InvestigationID)values(131,4129)
INSERT into InvGroupMapMaster(GROUPID,InvestigationID)values(137,4129)
INSERT into InvGroupMapMaster(GROUPID,InvestigationID)values(29,3003)


/*	InvestigationOrgSampleStatus	*/

INSERT INTO InvestigationOrgSampleStatus (OrgID, SampleStatus, SeqNo) values  (14, 'Paid', 1)
INSERT INTO InvestigationOrgSampleStatus (OrgID, SampleStatus, SeqNo) values  (14, 'SampleCollected', 2)
INSERT INTO InvestigationOrgSampleStatus (OrgID, SampleStatus, SeqNo) values  (14, 'SampleReceived', 3)

/* Client Type */
DELETE FROM InvClientType WHERE ClientTypeID IN (1,2,3,4,5)
INSERT INTO InvClientType (ClientTypeID,ClientTypeName)VALUES(1,'Hospital')
INSERT INTO InvClientType (ClientTypeID,ClientTypeName)VALUES(2,'Branch')
INSERT INTO InvClientType (ClientTypeID,ClientTypeName)VALUES(3,'Physician')
INSERT INTO InvClientType (ClientTypeID,ClientTypeName)VALUES(4,'Insurance')
INSERT INTO InvClientType (ClientTypeID,ClientTypeName)VALUES(5,'Package')
/* InvClientMaster */
DELETE FROM InvClientMaster WHERE OrgID=14
INSERT INTO InvClientMaster(ClientID,orgid,clientname,clienttypeid)VALUES(1,14,'Bharathi Axa',1)
INSERT INTO InvClientMaster(ClientID,orgid,clientname,clienttypeid)VALUES(2,14,'BHEL Main',1)
INSERT INTO InvClientMaster(ClientID,orgid,clientname,clienttypeid)VALUES(3,14,'Collection Centre',1)
INSERT INTO InvClientMaster(ClientID,orgid,clientname,clienttypeid)VALUES(4,14,'Deepam GW',1)
INSERT INTO InvClientMaster(ClientID,orgid,clientname,clienttypeid)VALUES(5,14,'Deepam ICU',1)
INSERT INTO InvClientMaster(ClientID,orgid,clientname,clienttypeid)VALUES(6,14,'Deepam OP',1)
INSERT INTO InvClientMaster(ClientID,orgid,clientname,clienttypeid)VALUES(7,14,'Deepam PVT',1)
INSERT INTO InvClientMaster(ClientID,orgid,clientname,clienttypeid)VALUES(8,14,'Deepam SPVT',1)
INSERT INTO InvClientMaster(ClientID,orgid,clientname,clienttypeid)VALUES(9,14,'Hosptial',1)
INSERT INTO InvClientMaster(ClientID,orgid,clientname,clienttypeid)VALUES(10,14,'ICICI BANK',1)
INSERT INTO InvClientMaster(ClientID,orgid,clientname,clienttypeid)VALUES(11,14,'INSURANCE',1)
INSERT INTO InvClientMaster(ClientID,orgid,clientname,clienttypeid)VALUES(12,14,'KMC GW',1)
INSERT INTO InvClientMaster(ClientID,orgid,clientname,clienttypeid)VALUES(13,14,'KMC ICU',1)
INSERT INTO InvClientMaster(ClientID,orgid,clientname,clienttypeid)VALUES(14,14,'KMC OP',1)
INSERT INTO InvClientMaster(ClientID,orgid,clientname,clienttypeid)VALUES(15,14,'KMC PVT',1)
INSERT INTO InvClientMaster(ClientID,orgid,clientname,clienttypeid)VALUES(16,14,'KMC SPVT',1)
INSERT INTO InvClientMaster(ClientID,orgid,clientname,clienttypeid)VALUES(17,14,'LIC',1)
INSERT INTO InvClientMaster(ClientID,orgid,clientname,clienttypeid)VALUES(18,14,'Max Newyork',1)
INSERT INTO InvClientMaster(ClientID,orgid,clientname,clienttypeid)VALUES(19,14,'Met Life India',1)
INSERT INTO InvClientMaster(ClientID,orgid,clientname,clienttypeid)VALUES(20,14,'OutPatient',1)
INSERT INTO InvClientMaster(ClientID,orgid,clientname,clienttypeid)VALUES(21,14,'RLIC',1)
INSERT INTO InvClientMaster(ClientID,orgid,clientname,clienttypeid)VALUES(22,14,'RSK BHEL',1)
INSERT INTO InvClientMaster(ClientID,orgid,clientname,clienttypeid)VALUES(23,14,'SBI',1)
INSERT INTO InvClientMaster(ClientID,orgid,clientname,clienttypeid)VALUES(24,14,'TATA AIG',1)
INSERT INTO InvClientMaster(ClientID,orgid,clientname,clienttypeid)VALUES(25,14,'NIT',1)
INSERT INTO InvClientMaster(ClientID,orgid,clientname,clienttypeid)VALUES(26,14,'Physician',3)
INSERT INTO InvClientMaster(ClientID,orgid,clientname,clienttypeid)VALUES(27,14,'Insurance',4)
INSERT INTO InvClientMaster(ClientID,orgid,clientname,clienttypeid)VALUES(28,14,'Package',5)
--INSERT INTO InvClientMaster(ClientID,orgid,clientname,clienttypeid)VALUES(29,14,'SBI Life Insurance',1)

/* Discount Master */
DELETE FROM DiscountMaster WHERE DiscountID IN (1,2,3,4,5)
INSERT INTO DiscountMaster (DiscountID,DiscountName,OrgID,Discount) VALUES (1,'Staff',14,1.0)
INSERT INTO DiscountMaster (DiscountID,DiscountName,OrgID,Discount) VALUES (2,'Dependent',14,0.5)
INSERT INTO DiscountMaster (DiscountID,DiscountName,OrgID,Discount) VALUES (3,'Relative',14,0.2)
INSERT INTO DiscountMaster (DiscountID,DiscountName,OrgID,Discount) VALUES (4,'10%',14,0.1)
INSERT INTO DiscountMaster (DiscountID,DiscountName,OrgID,Discount) VALUES (5,'5%',14,0.05)

/* LabReferenceOrg */
DELETE FROM LabReferenceOrg WHERE OrgID=14

INSERT INTO LabReferenceOrg(RefOrgName,ClientTypeID,OrgID)VALUES('Sri Dhanvanthri Nursing Home',1,14)
INSERT INTO LabReferenceOrg(RefOrgName,ClientTypeID,OrgID)VALUES('Ramji K',1,14)
INSERT INTO LabReferenceOrg(RefOrgName,ClientTypeID,OrgID)VALUES('Parvathy P',1,14)
INSERT INTO LabReferenceOrg(RefOrgName,ClientTypeID,OrgID)VALUES('Balachandran S',1,14)
INSERT INTO LabReferenceOrg(RefOrgName,ClientTypeID,OrgID)VALUES('Balasubramanian G',1,14)
INSERT INTO LabReferenceOrg(RefOrgName,ClientTypeID,OrgID)VALUES('Keerthana Nursing Home',1,14)
INSERT INTO LabReferenceOrg(RefOrgName,ClientTypeID,OrgID)VALUES('Rajendrane Nursing Home',1,14)
INSERT INTO LabReferenceOrg(RefOrgName,ClientTypeID,OrgID)VALUES('Rengasri Child Care Clinic',1,14)
INSERT INTO LabReferenceOrg(RefOrgName,ClientTypeID,OrgID)VALUES('Sri Balaji Hospital',1,14)
INSERT INTO LabReferenceOrg(RefOrgName,ClientTypeID,OrgID)VALUES('Sri Devi Hospital',1,14)
INSERT INTO LabReferenceOrg(RefOrgName,ClientTypeID,OrgID)VALUES('Sri Dhanvanthri Nursing Home',1,14)
INSERT INTO LabReferenceOrg(RefOrgName,ClientTypeID,OrgID)VALUES('Sri Venkateswara Hospitals',1,14)
INSERT INTO LabReferenceOrg(RefOrgName,ClientTypeID,OrgID)VALUES('Meena Ramkumar',1,14)
INSERT INTO LabReferenceOrg(RefOrgName,ClientTypeID,OrgID)VALUES('Manoharan S',1,14)
INSERT INTO LabReferenceOrg(RefOrgName,ClientTypeID,OrgID)VALUES('Suganthy',1,14)
INSERT INTO LabReferenceOrg(RefOrgName,ClientTypeID,OrgID)VALUES('Ramesh E',1,14)
INSERT INTO LabReferenceOrg(RefOrgName,ClientTypeID,OrgID)VALUES('Pankajam',1,14)
INSERT INTO LabReferenceOrg(RefOrgName,ClientTypeID,OrgID)VALUES('Manoharan S',1,14)
INSERT INTO LabReferenceOrg(RefOrgName,ClientTypeID,OrgID)VALUES('Narayanan D',1,14)
INSERT INTO LabReferenceOrg(RefOrgName,ClientTypeID,OrgID)VALUES('Valli Dental Clinic',1,14)
INSERT INTO LabReferenceOrg(RefOrgName,ClientTypeID,OrgID)VALUES('Amsa Dental Surgery',1,14)
INSERT INTO LabReferenceOrg(RefOrgName,ClientTypeID,OrgID)VALUES('Karunya Dental Clinic',1,14)
INSERT INTO LabReferenceOrg(RefOrgName,ClientTypeID,OrgID)VALUES('Senthamilselvan',1,14)
INSERT INTO LabReferenceOrg(RefOrgName,ClientTypeID,OrgID)VALUES('Sri Abirami Hospital',1,14)
INSERT INTO LabReferenceOrg(RefOrgName,ClientTypeID,OrgID)VALUES('Sree Vaishnavi Laboratory',1,14)
INSERT INTO LabReferenceOrg(RefOrgName,ClientTypeID,OrgID)VALUES('Sri Sunder Nursing Home',1,14)
INSERT INTO LabReferenceOrg(RefOrgName,ClientTypeID,OrgID)VALUES('Rafi Ahmed Khan',1,14)
INSERT INTO LabReferenceOrg(RefOrgName,ClientTypeID,OrgID)VALUES('Perumal Hospital',1,14)
INSERT INTO LabReferenceOrg(RefOrgName,ClientTypeID,OrgID)VALUES('Mary Dental Hospital',1,14)
INSERT INTO LabReferenceOrg(RefOrgName,ClientTypeID,OrgID)VALUES('Surya Children Hospital',1,14)
INSERT INTO LabReferenceOrg(RefOrgName,ClientTypeID,OrgID)VALUES('Alagar Clinic',1,14)
INSERT INTO LabReferenceOrg(RefOrgName,ClientTypeID,OrgID)VALUES('K.B.Clinic',1,14)
INSERT INTO LabReferenceOrg(RefOrgName,ClientTypeID,OrgID)VALUES('Amutha Dental Care',1,14)
INSERT INTO LabReferenceOrg(RefOrgName,ClientTypeID,OrgID)VALUES('City Dental Care',1,14)
INSERT INTO LabReferenceOrg(RefOrgName,ClientTypeID,OrgID)VALUES('Safiulla Hospital',1,14)
INSERT INTO LabReferenceOrg(RefOrgName,ClientTypeID,OrgID)VALUES('Siva Clinic',1,14)
INSERT INTO LabReferenceOrg(RefOrgName,ClientTypeID,OrgID)VALUES('Haji M.A.Shukkur',1,14)
INSERT INTO LabReferenceOrg(RefOrgName,ClientTypeID,OrgID)VALUES('Dr.Safiulla Hospital',1,14)
INSERT INTO LabReferenceOrg(RefOrgName,ClientTypeID,OrgID)VALUES('Thajudin A.R.',1,14)
INSERT INTO LabReferenceOrg(RefOrgName,ClientTypeID,OrgID)VALUES('Amutharani N',1,14)
INSERT INTO LabReferenceOrg(RefOrgName,ClientTypeID,OrgID)VALUES('Mrs.Rajeswari S',1,14)
INSERT INTO LabReferenceOrg(RefOrgName,ClientTypeID,OrgID)VALUES('Anusuya M',1,14)
INSERT INTO LabReferenceOrg(RefOrgName,ClientTypeID,OrgID)VALUES('Shanthi Clinic',1,14)
INSERT INTO LabReferenceOrg(RefOrgName,ClientTypeID,OrgID)VALUES('Murugan M',1,14)
INSERT INTO LabReferenceOrg(RefOrgName,ClientTypeID,OrgID)VALUES('Jemma Xavier',1,14)
INSERT INTO LabReferenceOrg(RefOrgName,ClientTypeID,OrgID)VALUES('Leema Clinic',1,14)
INSERT INTO LabReferenceOrg(RefOrgName,ClientTypeID,OrgID)VALUES('Rasi Clinic',1,14)
INSERT INTO LabReferenceOrg(RefOrgName,ClientTypeID,OrgID)VALUES('Mrs.Thenmozhi B',1,14)
INSERT INTO LabReferenceOrg(RefOrgName,ClientTypeID,OrgID)VALUES('Fathima Hussainy',1,14)
INSERT INTO LabReferenceOrg(RefOrgName,ClientTypeID,OrgID)VALUES('Sri Vadivel Clinic',1,14)
INSERT INTO LabReferenceOrg(RefOrgName,ClientTypeID,OrgID)VALUES('Sittara Clinic',1,14)
INSERT INTO LabReferenceOrg(RefOrgName,ClientTypeID,OrgID)VALUES('Anees Mohamed M',1,14)
INSERT INTO LabReferenceOrg(RefOrgName,ClientTypeID,OrgID)VALUES('Amutha Chokalingam',1,14)
INSERT INTO LabReferenceOrg(RefOrgName,ClientTypeID,OrgID)VALUES('Pedro Nursing Home',1,14)
INSERT INTO LabReferenceOrg(RefOrgName,ClientTypeID,OrgID)VALUES('Karthick Medicals',1,14)
INSERT INTO LabReferenceOrg(RefOrgName,ClientTypeID,OrgID)VALUES('Muthu Medical Center',1,14)
INSERT INTO LabReferenceOrg(RefOrgName,ClientTypeID,OrgID)VALUES('Lakshimi Nursing Home',1,14)
INSERT INTO LabReferenceOrg(RefOrgName,ClientTypeID,OrgID)VALUES('Shanawaz Nursing Home',1,14)
INSERT INTO LabReferenceOrg(RefOrgName,ClientTypeID,OrgID)VALUES('Jeyam Urological Centre',1,14)
INSERT INTO LabReferenceOrg(RefOrgName,ClientTypeID,OrgID)VALUES('Royal Pearl Hospital',1,14)
INSERT INTO LabReferenceOrg(RefOrgName,ClientTypeID,OrgID)VALUES('AVS Neuro & ENT Clinic',1,14)
INSERT INTO LabReferenceOrg(RefOrgName,ClientTypeID,OrgID)VALUES('Giri Nursing Home',1,14)
INSERT INTO LabReferenceOrg(RefOrgName,ClientTypeID,OrgID)VALUES('Lalitha Nursing Home',1,14)
INSERT INTO LabReferenceOrg(RefOrgName,ClientTypeID,OrgID)VALUES('ENT consultant',1,14)
INSERT INTO LabReferenceOrg(RefOrgName,ClientTypeID,OrgID)VALUES('Janani Nursing Home',1,14)
INSERT INTO LabReferenceOrg(RefOrgName,ClientTypeID,OrgID)VALUES('Renga Nursing Home',1,14)
INSERT INTO LabReferenceOrg(RefOrgName,ClientTypeID,OrgID)VALUES('SAM Poly clinic',1,14)
INSERT INTO LabReferenceOrg(RefOrgName,ClientTypeID,OrgID)VALUES('Sethu ENT Research Centre',1,14)
INSERT INTO LabReferenceOrg(RefOrgName,ClientTypeID,OrgID)VALUES('Sri Venkateswara Hospital ',1,14)
INSERT INTO LabReferenceOrg(RefOrgName,ClientTypeID,OrgID)VALUES('Vihas Hospital',1,14)
INSERT INTO LabReferenceOrg(RefOrgName,ClientTypeID,OrgID)VALUES('Deepan Nursing Home',1,14)
INSERT INTO LabReferenceOrg(RefOrgName,ClientTypeID,OrgID)VALUES('Urology & Infertility Clinic',1,14)
INSERT INTO LabReferenceOrg(RefOrgName,ClientTypeID,OrgID)VALUES('RGK Kidney Clinic',1,14)
INSERT INTO LabReferenceOrg(RefOrgName,ClientTypeID,OrgID)VALUES('Rasi Skin Clinic',1,14)
INSERT INTO LabReferenceOrg(RefOrgName,ClientTypeID,OrgID)VALUES('Vijaya Bharathy Dental Surgery',1,14)
INSERT INTO LabReferenceOrg(RefOrgName,ClientTypeID,OrgID)VALUES('Trichy Children Clinic',1,14)
INSERT INTO LabReferenceOrg(RefOrgName,ClientTypeID,OrgID)VALUES('Suganthy Dental Clinic',1,14)
INSERT INTO LabReferenceOrg(RefOrgName,ClientTypeID,OrgID)VALUES('Skin Specialist',1,14)
INSERT INTO LabReferenceOrg(RefOrgName,ClientTypeID,OrgID)VALUES('Clinic',1,14)
INSERT INTO LabReferenceOrg(RefOrgName,ClientTypeID,OrgID)VALUES('Surya Dental Care',1,14)
INSERT INTO LabReferenceOrg(RefOrgName,ClientTypeID,OrgID)VALUES('Senthil Dental Clinic',1,14)
INSERT INTO LabReferenceOrg(RefOrgName,ClientTypeID,OrgID)VALUES('Karthikeyan M',1,14)
INSERT INTO LabReferenceOrg(RefOrgName,ClientTypeID,OrgID)VALUES('Sai Krupa Dental Specialities',1,14)
INSERT INTO LabReferenceOrg(RefOrgName,ClientTypeID,OrgID)VALUES('Fathima Clinic',1,14)
INSERT INTO LabReferenceOrg(RefOrgName,ClientTypeID,OrgID)VALUES('Trichy Neuro Centre',1,14)
INSERT INTO LabReferenceOrg(RefOrgName,ClientTypeID,OrgID)VALUES('Srirangan',1,14)
INSERT INTO LabReferenceOrg(RefOrgName,ClientTypeID,OrgID)VALUES('Surendran K',1,14)
INSERT INTO LabReferenceOrg(RefOrgName,ClientTypeID,OrgID)VALUES('Ananth L',1,14)
INSERT INTO LabReferenceOrg(RefOrgName,ClientTypeID,OrgID)VALUES('Rajan T.K.',1,14)
INSERT INTO LabReferenceOrg(RefOrgName,ClientTypeID,OrgID)VALUES('Sunderrajan S',1,14)
INSERT INTO LabReferenceOrg(RefOrgName,ClientTypeID,OrgID)VALUES('Krishna Medical Centre',1,14)
INSERT INTO LabReferenceOrg(RefOrgName,ClientTypeID,OrgID)VALUES('Akila Computer Eye Clinic',1,14)
INSERT INTO LabReferenceOrg(RefOrgName,ClientTypeID,OrgID)VALUES('Narmatha Srinivasan',1,14)
INSERT INTO LabReferenceOrg(RefOrgName,ClientTypeID,OrgID)VALUES('Vishranthi Mental Health Centre',1,14)
INSERT INTO LabReferenceOrg(RefOrgName,ClientTypeID,OrgID)VALUES('Mythili B',1,14)
INSERT INTO LabReferenceOrg(RefOrgName,ClientTypeID,OrgID)VALUES('T.R.P POLY CLINIC',1,14)
INSERT INTO LabReferenceOrg(RefOrgName,ClientTypeID,OrgID)VALUES('Kuppusamy K',1,14)
INSERT INTO LabReferenceOrg(RefOrgName,ClientTypeID,OrgID)VALUES('Chandra Mohan',1,14)
INSERT INTO LabReferenceOrg(RefOrgName,ClientTypeID,OrgID)VALUES('Gastro Enterologist',1,14)
INSERT INTO LabReferenceOrg(RefOrgName,ClientTypeID,OrgID)VALUES('Gastro Care Hospital',1,14)
INSERT INTO LabReferenceOrg(RefOrgName,ClientTypeID,OrgID)VALUES('TRP Polyclinic',1,14)
INSERT INTO LabReferenceOrg(RefOrgName,ClientTypeID,OrgID)VALUES('PLA Medical Centre',1,14)
INSERT INTO LabReferenceOrg(RefOrgName,ClientTypeID,OrgID)VALUES('Dr.Ananthagiri Nursing Home',1,14)
INSERT INTO LabReferenceOrg(RefOrgName,ClientTypeID,OrgID)VALUES('Mothi.P.Krupasankar',1,14)
INSERT INTO LabReferenceOrg(RefOrgName,ClientTypeID,OrgID)VALUES('Bharath Medical Centre',1,14)
INSERT INTO LabReferenceOrg(RefOrgName,ClientTypeID,OrgID)VALUES('Jagatha Hospital',1,14)
INSERT INTO LabReferenceOrg(RefOrgName,ClientTypeID,OrgID)VALUES('Balaji Hospital',1,14)
INSERT INTO LabReferenceOrg(RefOrgName,ClientTypeID,OrgID)VALUES('Thillak Hospital',1,14)
INSERT INTO LabReferenceOrg(RefOrgName,ClientTypeID,OrgID)VALUES('Illango P',1,14)
INSERT INTO LabReferenceOrg(RefOrgName,ClientTypeID,OrgID)VALUES('Illango P',1,14)
INSERT INTO LabReferenceOrg(RefOrgName,ClientTypeID,OrgID)VALUES('Hussain K.A.',1,14)
INSERT INTO LabReferenceOrg(RefOrgName,ClientTypeID,OrgID)VALUES('Saminathan D',1,14)
INSERT INTO LabReferenceOrg(RefOrgName,ClientTypeID,OrgID)VALUES('Mohammed Ali S',1,14)
INSERT INTO LabReferenceOrg(RefOrgName,ClientTypeID,OrgID)VALUES('Basheer Alikhan H',1,14)
INSERT INTO LabReferenceOrg(RefOrgName,ClientTypeID,OrgID)VALUES('Shameem Banu',1,14)
INSERT INTO LabReferenceOrg(RefOrgName,ClientTypeID,OrgID)VALUES('Andal Clinic',1,14)
INSERT INTO LabReferenceOrg(RefOrgName,ClientTypeID,OrgID)VALUES('Ramesh Babu K',1,14)
INSERT INTO LabReferenceOrg(RefOrgName,ClientTypeID,OrgID)VALUES('Esakki Muthu E',1,14)
INSERT INTO LabReferenceOrg(RefOrgName,ClientTypeID,OrgID)VALUES('Chandramohan T',1,14)
INSERT INTO LabReferenceOrg(RefOrgName,ClientTypeID,OrgID)VALUES('Clement Antony',1,14)
INSERT INTO LabReferenceOrg(RefOrgName,ClientTypeID,OrgID)VALUES('Meenakshi Sundaram S',1,14)
INSERT INTO LabReferenceOrg(RefOrgName,ClientTypeID,OrgID)VALUES('Lalitha Tooth Care',1,14)
INSERT INTO LabReferenceOrg(RefOrgName,ClientTypeID,OrgID)VALUES('Bharani Dental Health Care',1,14)
INSERT INTO LabReferenceOrg(RefOrgName,ClientTypeID,OrgID)VALUES('Rajprakash R',1,14)
INSERT INTO LabReferenceOrg(RefOrgName,ClientTypeID,OrgID)VALUES('Jaundice & General Clinic',1,14)
INSERT INTO LabReferenceOrg(RefOrgName,ClientTypeID,OrgID)VALUES('I.S Nursing Home',1,14)
INSERT INTO LabReferenceOrg(RefOrgName,ClientTypeID,OrgID)VALUES('Swaminathan D',1,14)
INSERT INTO LabReferenceOrg(RefOrgName,ClientTypeID,OrgID)VALUES('G.Shanmugam',1,14)
INSERT INTO LabReferenceOrg(RefOrgName,ClientTypeID,OrgID)VALUES('Hari Hospital',1,14)
INSERT INTO LabReferenceOrg(RefOrgName,ClientTypeID,OrgID)VALUES('Saraswathy Hospital',1,14)
INSERT INTO LabReferenceOrg(RefOrgName,ClientTypeID,OrgID)VALUES('Kamatchi Hospital',1,14)
INSERT INTO LabReferenceOrg(RefOrgName,ClientTypeID,OrgID)VALUES('GURU CLINIC',1,14)
INSERT INTO LabReferenceOrg(RefOrgName,ClientTypeID,OrgID)VALUES('Parkkavan Hospital',1,14)
INSERT INTO LabReferenceOrg(RefOrgName,ClientTypeID,OrgID)VALUES('Gunaseelan S',1,14)
INSERT INTO LabReferenceOrg(RefOrgName,ClientTypeID,OrgID)VALUES('Snekalatha S',1,14)
INSERT INTO LabReferenceOrg(RefOrgName,ClientTypeID,OrgID)VALUES('Ravikumar R',1,14)
INSERT INTO LabReferenceOrg(RefOrgName,ClientTypeID,OrgID)VALUES('Eshwar Thangam Clinic',1,14)
INSERT INTO LabReferenceOrg(RefOrgName,ClientTypeID,OrgID)VALUES('Ex-Serviceman Polyclinic',1,14)
INSERT INTO LabReferenceOrg(RefOrgName,ClientTypeID,OrgID)VALUES('Sridhar M',1,14)
INSERT INTO LabReferenceOrg(RefOrgName,ClientTypeID,OrgID)VALUES('Chellam Clinic',1,14)
INSERT INTO LabReferenceOrg(RefOrgName,ClientTypeID,OrgID)VALUES('Infant Jesus Clinic',1,14)
INSERT INTO LabReferenceOrg(RefOrgName,ClientTypeID,OrgID)VALUES('Shyamala R',1,14)
INSERT INTO LabReferenceOrg(RefOrgName,ClientTypeID,OrgID)VALUES('Ravichandran S',1,14)
INSERT INTO LabReferenceOrg(RefOrgName,ClientTypeID,OrgID)VALUES('Latha Ravichandran D',1,14)
INSERT INTO LabReferenceOrg(RefOrgName,ClientTypeID,OrgID)VALUES('Aswin Hospital',1,14)
INSERT INTO LabReferenceOrg(RefOrgName,ClientTypeID,OrgID)VALUES('Glorious Hospital',1,14)
INSERT INTO LabReferenceOrg(RefOrgName,ClientTypeID,OrgID)VALUES('D-Lakshmanadas Hospital',1,14)
INSERT INTO LabReferenceOrg(RefOrgName,ClientTypeID,OrgID)VALUES('Sri Sivam Clinic',1,14)
INSERT INTO LabReferenceOrg(RefOrgName,ClientTypeID,OrgID)VALUES('Thiruvasakan G',1,14)
INSERT INTO LabReferenceOrg(RefOrgName,ClientTypeID,OrgID)VALUES('Miruna Clinic',1,14)
INSERT INTO LabReferenceOrg(RefOrgName,ClientTypeID,OrgID)VALUES('Paneerselvam S',1,14)
INSERT INTO LabReferenceOrg(RefOrgName,ClientTypeID,OrgID)VALUES('Curewell Clinic',1,14)
INSERT INTO LabReferenceOrg(RefOrgName,ClientTypeID,OrgID)VALUES('Mathavi S',1,14)
INSERT INTO LabReferenceOrg(RefOrgName,ClientTypeID,OrgID)VALUES('DTRD',1,14)
INSERT INTO LabReferenceOrg(RefOrgName,ClientTypeID,OrgID)VALUES('Sivakkumari S',1,14)
INSERT INTO LabReferenceOrg(RefOrgName,ClientTypeID,OrgID)VALUES('Karpagam K',1,14)
INSERT INTO LabReferenceOrg(RefOrgName,ClientTypeID,OrgID)VALUES('Sakthivel P',1,14)
INSERT INTO LabReferenceOrg(RefOrgName,ClientTypeID,OrgID)VALUES('Thiruverumbur Medical Centre(P) ltd',1,14)
INSERT INTO LabReferenceOrg(RefOrgName,ClientTypeID,OrgID)VALUES('No name',1,14)
INSERT INTO LabReferenceOrg(RefOrgName,ClientTypeID,OrgID)VALUES('Shereef Clinic',1,14)
INSERT INTO LabReferenceOrg(RefOrgName,ClientTypeID,OrgID)VALUES('Kumuran Clinic',1,14)
INSERT INTO LabReferenceOrg(RefOrgName,ClientTypeID,OrgID)VALUES('BHEL Hospital',1,14)
INSERT INTO LabReferenceOrg(RefOrgName,ClientTypeID,OrgID)VALUES('Ramamurthy V',1,14)
INSERT INTO LabReferenceOrg(RefOrgName,ClientTypeID,OrgID)VALUES('Umarani',1,14)
INSERT INTO LabReferenceOrg(RefOrgName,ClientTypeID,OrgID)VALUES('JP Hospital',1,14)
INSERT INTO LabReferenceOrg(RefOrgName,ClientTypeID,OrgID)VALUES('Moorthy P.V.',1,14)
INSERT INTO LabReferenceOrg(RefOrgName,ClientTypeID,OrgID)VALUES('Vaheedha',1,14)
INSERT INTO LabReferenceOrg(RefOrgName,ClientTypeID,OrgID)VALUES('Marina Clement',1,14)
INSERT INTO LabReferenceOrg(RefOrgName,ClientTypeID,OrgID)VALUES('Rajendran A',1,14)
INSERT INTO LabReferenceOrg(RefOrgName,ClientTypeID,OrgID)VALUES('Karunya Hospital',1,14)
INSERT INTO LabReferenceOrg(RefOrgName,ClientTypeID,OrgID)VALUES('Vijay Srinivasan',1,14)
INSERT INTO LabReferenceOrg(RefOrgName,ClientTypeID,OrgID)VALUES('Adithya Eye Care',1,14)
INSERT INTO LabReferenceOrg(RefOrgName,ClientTypeID,OrgID)VALUES('Joseph Eye Hospital',1,14)
INSERT INTO LabReferenceOrg(RefOrgName,ClientTypeID,OrgID)VALUES('Kamala Surendran',1,14)
INSERT INTO LabReferenceOrg(RefOrgName,ClientTypeID,OrgID)VALUES('Xavier Rasiah',1,14)
INSERT INTO LabReferenceOrg(RefOrgName,ClientTypeID,OrgID)VALUES('Sri Sabari Hospital',1,14)
INSERT INTO LabReferenceOrg(RefOrgName,ClientTypeID,OrgID)VALUES('Annai Hospital',1,14)
INSERT INTO LabReferenceOrg(RefOrgName,ClientTypeID,OrgID)VALUES('Xavier F',1,14)
INSERT INTO LabReferenceOrg(RefOrgName,ClientTypeID,OrgID)VALUES('Sugumari P',1,14)
INSERT INTO LabReferenceOrg(RefOrgName,ClientTypeID,OrgID)VALUES('Suba Shree nursing Home',1,14)
INSERT INTO LabReferenceOrg(RefOrgName,ClientTypeID,OrgID)VALUES('Sundar Clinic',1,14)
INSERT INTO LabReferenceOrg(RefOrgName,ClientTypeID,OrgID)VALUES('Gopal Hospital',1,14)
INSERT INTO LabReferenceOrg(RefOrgName,ClientTypeID,OrgID)VALUES('Sivaram Hospital',1,14)
INSERT INTO LabReferenceOrg(RefOrgName,ClientTypeID,OrgID)VALUES('Faziullah M',1,14)
INSERT INTO LabReferenceOrg(RefOrgName,ClientTypeID,OrgID)VALUES('Shanthi T',1,14)
INSERT INTO LabReferenceOrg(RefOrgName,ClientTypeID,OrgID)VALUES('Karthikeyan K',1,14)
INSERT INTO LabReferenceOrg(RefOrgName,ClientTypeID,OrgID)VALUES('Parimala Rani K',1,14)
INSERT INTO LabReferenceOrg(RefOrgName,ClientTypeID,OrgID)VALUES('Faziullah M',1,14)
INSERT INTO LabReferenceOrg(RefOrgName,ClientTypeID,OrgID)VALUES('Renuga Nursing Home',1,14)
INSERT INTO LabReferenceOrg(RefOrgName,ClientTypeID,OrgID)VALUES('Pushpalatha Sankar Rao',1,14)
INSERT INTO LabReferenceOrg(RefOrgName,ClientTypeID,OrgID)VALUES('Manimegalai',1,14)
INSERT INTO LabReferenceOrg(RefOrgName,ClientTypeID,OrgID)VALUES('Clement Antony D',1,14)
INSERT INTO LabReferenceOrg(RefOrgName,ClientTypeID,OrgID)VALUES('Marina',1,14)
INSERT INTO LabReferenceOrg(RefOrgName,ClientTypeID,OrgID)VALUES('Rosammal A',1,14)
INSERT INTO LabReferenceOrg(RefOrgName,ClientTypeID,OrgID)VALUES('Thirunavukkarasu C',1,14)
INSERT INTO LabReferenceOrg(RefOrgName,ClientTypeID,OrgID)VALUES('Rajadurai',1,14)
INSERT INTO LabReferenceOrg(RefOrgName,ClientTypeID,OrgID)VALUES('Pushpaleela',1,14)
INSERT INTO LabReferenceOrg(RefOrgName,ClientTypeID,OrgID)VALUES('KMC - Family Hospital',1,14)
INSERT INTO LabReferenceOrg(RefOrgName,ClientTypeID,OrgID)VALUES('Hemamalini G',1,14)
INSERT INTO LabReferenceOrg(RefOrgName,ClientTypeID,OrgID)VALUES('Senguttuvan B',1,14)
INSERT INTO LabReferenceOrg(RefOrgName,ClientTypeID,OrgID)VALUES('Senthil V.J.',1,14)
INSERT INTO LabReferenceOrg(RefOrgName,ClientTypeID,OrgID)VALUES('Raman',1,14)
INSERT INTO LabReferenceOrg(RefOrgName,ClientTypeID,OrgID)VALUES('Geetha',1,14)
INSERT INTO LabReferenceOrg(RefOrgName,ClientTypeID,OrgID)VALUES('Sudhakar G.K.S.',1,14)
INSERT INTO LabReferenceOrg(RefOrgName,ClientTypeID,OrgID)VALUES('Devika Sudhakar',1,14)
INSERT INTO LabReferenceOrg(RefOrgName,ClientTypeID,OrgID)VALUES('Anitha G',1,14)
INSERT INTO LabReferenceOrg(RefOrgName,ClientTypeID,OrgID)VALUES('Karp Clinic',1,14)
INSERT INTO LabReferenceOrg(RefOrgName,ClientTypeID,OrgID)VALUES('Rana Maternity Hopspital',1,14)
INSERT INTO LabReferenceOrg(RefOrgName,ClientTypeID,OrgID)VALUES('Indira Rengarajan',1,14)
INSERT INTO LabReferenceOrg(RefOrgName,ClientTypeID,OrgID)VALUES('Kodi Skin Clinic',1,14)
INSERT INTO LabReferenceOrg(RefOrgName,ClientTypeID,OrgID)VALUES('Tilak Hospital',1,14)
INSERT INTO LabReferenceOrg(RefOrgName,ClientTypeID,OrgID)VALUES('Janaki S',1,14)
INSERT INTO LabReferenceOrg(RefOrgName,ClientTypeID,OrgID)VALUES('Ayesha Hospital',1,14)
INSERT INTO LabReferenceOrg(RefOrgName,ClientTypeID,OrgID)VALUES('Rameshwari Nallusamy',1,14)
INSERT INTO LabReferenceOrg(RefOrgName,ClientTypeID,OrgID)VALUES('Child Health Clinic',1,14)
INSERT INTO LabReferenceOrg(RefOrgName,ClientTypeID,OrgID)VALUES('Soundararajan A',1,14)
INSERT INTO LabReferenceOrg(RefOrgName,ClientTypeID,OrgID)VALUES('Sivasakthi Nursing Home',1,14)
INSERT INTO LabReferenceOrg(RefOrgName,ClientTypeID,OrgID)VALUES('Vas Hospital',1,14)
INSERT INTO LabReferenceOrg(RefOrgName,ClientTypeID,OrgID)VALUES('Srinivasan V',1,14)
INSERT INTO LabReferenceOrg(RefOrgName,ClientTypeID,OrgID)VALUES('Shri Akila Nursing Home',1,14)
INSERT INTO LabReferenceOrg(RefOrgName,ClientTypeID,OrgID)VALUES('Vivekanantha Nursing home',1,14)
INSERT INTO LabReferenceOrg(RefOrgName,ClientTypeID,OrgID)VALUES('Vijaya Hospital',1,14)
INSERT INTO LabReferenceOrg(RefOrgName,ClientTypeID,OrgID)VALUES('Ponniah Hospital',1,14)
INSERT INTO LabReferenceOrg(RefOrgName,ClientTypeID,OrgID)VALUES('Smile Dental Clinic',1,14)
INSERT INTO LabReferenceOrg(RefOrgName,ClientTypeID,OrgID)VALUES('Nirmala Sabarathinam',1,14)
INSERT INTO LabReferenceOrg(RefOrgName,ClientTypeID,OrgID)VALUES('G.M.Poly Clinic',1,14)
INSERT INTO LabReferenceOrg(RefOrgName,ClientTypeID,OrgID)VALUES('Subramaniyam Clinic',1,14)
INSERT INTO LabReferenceOrg(RefOrgName,ClientTypeID,OrgID)VALUES('Jeyam Nursing Home',1,14)
INSERT INTO LabReferenceOrg(RefOrgName,ClientTypeID,OrgID)VALUES('Clinic',1,14)
INSERT INTO LabReferenceOrg(RefOrgName,ClientTypeID,OrgID)VALUES('Lakshmi S',1,14)
INSERT INTO LabReferenceOrg(RefOrgName,ClientTypeID,OrgID)VALUES('Annai Meenatchi Clinic',1,14)
INSERT INTO LabReferenceOrg(RefOrgName,ClientTypeID,OrgID)VALUES('Dharsini Hospital',1,14)
INSERT INTO LabReferenceOrg(RefOrgName,ClientTypeID,OrgID)VALUES('Vasan Medical Centre',1,14)
INSERT INTO LabReferenceOrg(RefOrgName,ClientTypeID,OrgID)VALUES('CHELLAPPA NURSING HOME',1,14)
INSERT INTO LabReferenceOrg(RefOrgName,ClientTypeID,OrgID)VALUES('Ramakrishna Nursing Home',1,14)
INSERT INTO LabReferenceOrg(RefOrgName,ClientTypeID,OrgID)VALUES('Rangarajan T.N.',1,14)
INSERT INTO LabReferenceOrg(RefOrgName,ClientTypeID,OrgID)VALUES('Hariharan B',1,14)
INSERT INTO LabReferenceOrg(RefOrgName,ClientTypeID,OrgID)VALUES('New Aarthy Hospital',1,14)
INSERT INTO LabReferenceOrg(RefOrgName,ClientTypeID,OrgID)VALUES('Anandan S',1,14)
INSERT INTO LabReferenceOrg(RefOrgName,ClientTypeID,OrgID)VALUES('Umadevi D',1,14)
INSERT INTO LabReferenceOrg(RefOrgName,ClientTypeID,OrgID)VALUES('Baskaran P.M.',1,14)
INSERT INTO LabReferenceOrg(RefOrgName,ClientTypeID,OrgID)VALUES('Mariam Clinic',1,14)
INSERT INTO LabReferenceOrg(RefOrgName,ClientTypeID,OrgID)VALUES('Mahalingam N',1,14)
INSERT INTO LabReferenceOrg(RefOrgName,ClientTypeID,OrgID)VALUES('Madhivanan S',1,14)
INSERT INTO LabReferenceOrg(RefOrgName,ClientTypeID,OrgID)VALUES('R.S.Nursing Home',1,14)
INSERT INTO LabReferenceOrg(RefOrgName,ClientTypeID,OrgID)VALUES('Bone And Joint Clinic',1,14)
INSERT INTO LabReferenceOrg(RefOrgName,ClientTypeID,OrgID)VALUES('Sathiya Albert',1,14)
INSERT INTO LabReferenceOrg(RefOrgName,ClientTypeID,OrgID)VALUES('Navaneedhakrishnan',1,14)
INSERT INTO LabReferenceOrg(RefOrgName,ClientTypeID,OrgID)VALUES('Paneer Nursing Home',1,14)
INSERT INTO LabReferenceOrg(RefOrgName,ClientTypeID,OrgID)VALUES('Pankajavalli T.P.',1,14)
INSERT INTO LabReferenceOrg(RefOrgName,ClientTypeID,OrgID)VALUES('Ponniah S',1,14)
INSERT INTO LabReferenceOrg(RefOrgName,ClientTypeID,OrgID)VALUES('Crescent Hospital',1,14)
INSERT INTO LabReferenceOrg(RefOrgName,ClientTypeID,OrgID)VALUES('Chandrasekaran S',1,14)
INSERT INTO LabReferenceOrg(RefOrgName,ClientTypeID,OrgID)VALUES('Guru Medical Hall',1,14)
INSERT INTO LabReferenceOrg(RefOrgName,ClientTypeID,OrgID)VALUES('Mumtaj M',1,14)
INSERT INTO LabReferenceOrg(RefOrgName,ClientTypeID,OrgID)VALUES('Sivakannu Nursing Home',1,14)
INSERT INTO LabReferenceOrg(RefOrgName,ClientTypeID,OrgID)VALUES('Velayutham',1,14)
INSERT INTO LabReferenceOrg(RefOrgName,ClientTypeID,OrgID)VALUES('Kingsley P.Jebakumar',1,14)
INSERT INTO LabReferenceOrg(RefOrgName,ClientTypeID,OrgID)VALUES('Ranjani Jebakumar',1,14)
INSERT INTO LabReferenceOrg(RefOrgName,ClientTypeID,OrgID)VALUES('Prabhu Elango P.R.',1,14)
INSERT INTO LabReferenceOrg(RefOrgName,ClientTypeID,OrgID)VALUES('Premavathy ',1,14)
INSERT INTO LabReferenceOrg(RefOrgName,ClientTypeID,OrgID)VALUES('Stephan Nursing Home',1,14)
INSERT INTO LabReferenceOrg(RefOrgName,ClientTypeID,OrgID)VALUES('Shyamala Nursing Home',1,14)
INSERT INTO LabReferenceOrg(RefOrgName,ClientTypeID,OrgID)VALUES('Sushrutha Nursing Home',1,14)
INSERT INTO LabReferenceOrg(RefOrgName,ClientTypeID,OrgID)VALUES('Arul Hospital',1,14)
INSERT INTO LabReferenceOrg(RefOrgName,ClientTypeID,OrgID)VALUES('T.P.Badrinath',1,14)
INSERT INTO LabReferenceOrg(RefOrgName,ClientTypeID,OrgID)VALUES('R.Neethi Mohanraj',1,14)
INSERT INTO LabReferenceOrg(RefOrgName,ClientTypeID,OrgID)VALUES('R.Selvam',1,14)
INSERT INTO LabReferenceOrg(RefOrgName,ClientTypeID,OrgID)VALUES('Thaiyalnayaki',1,14)
INSERT INTO LabReferenceOrg(RefOrgName,ClientTypeID,OrgID)VALUES('Johnston Gnanaraj',1,14)
INSERT INTO LabReferenceOrg(RefOrgName,ClientTypeID,OrgID)VALUES('Victoria Johnston',1,14)
INSERT INTO LabReferenceOrg(RefOrgName,ClientTypeID,OrgID)VALUES('Sudharsana Hospital',1,14)
INSERT INTO LabReferenceOrg(RefOrgName,ClientTypeID,OrgID)VALUES('Yogambal G',1,14)
INSERT INTO LabReferenceOrg(RefOrgName,ClientTypeID,OrgID)VALUES('Sundaram Nursing Home',1,14)
INSERT INTO LabReferenceOrg(RefOrgName,ClientTypeID,OrgID)VALUES('Muthu Nursing Home',1,14)
INSERT INTO LabReferenceOrg(RefOrgName,ClientTypeID,OrgID)VALUES('David Mathias',1,14)
INSERT INTO LabReferenceOrg(RefOrgName,ClientTypeID,OrgID)VALUES('Shantha David',1,14)
INSERT INTO LabReferenceOrg(RefOrgName,ClientTypeID,OrgID)VALUES('Jayachandran',1,14)
INSERT INTO LabReferenceOrg(RefOrgName,ClientTypeID,OrgID)VALUES('Suseeladevi',1,14)
INSERT INTO LabReferenceOrg(RefOrgName,ClientTypeID,OrgID)VALUES('Vedhamanickam',1,14)
INSERT INTO LabReferenceOrg(RefOrgName,ClientTypeID,OrgID)VALUES('Rebekka Vedhamanickam',1,14)
INSERT INTO LabReferenceOrg(RefOrgName,ClientTypeID,OrgID)VALUES('Rj Hospital',1,14)
INSERT INTO LabReferenceOrg(RefOrgName,ClientTypeID,OrgID)VALUES('Subramanian A.V.',1,14)
INSERT INTO LabReferenceOrg(RefOrgName,ClientTypeID,OrgID)VALUES('Suba',1,14)
INSERT INTO LabReferenceOrg(RefOrgName,ClientTypeID,OrgID)VALUES('Ramakrishna Nursing Home',1,14)
INSERT INTO LabReferenceOrg(RefOrgName,ClientTypeID,OrgID)VALUES('Namasivayam K',1,14)
INSERT INTO LabReferenceOrg(RefOrgName,ClientTypeID,OrgID)VALUES('Charmila A',1,14)
INSERT INTO LabReferenceOrg(RefOrgName,ClientTypeID,OrgID)VALUES('Child Jesus Hospital',1,14)
INSERT INTO LabReferenceOrg(RefOrgName,ClientTypeID,OrgID)VALUES('Gnanaselvan',1,14)
INSERT INTO LabReferenceOrg(RefOrgName,ClientTypeID,OrgID)VALUES('Helan Rosita',1,14)
INSERT INTO LabReferenceOrg(RefOrgName,ClientTypeID,OrgID)VALUES('Sarada S',1,14)
INSERT INTO LabReferenceOrg(RefOrgName,ClientTypeID,OrgID)VALUES('Punithavathy Duraisamy',1,14)
INSERT INTO LabReferenceOrg(RefOrgName,ClientTypeID,OrgID)VALUES('Obesity Research Centre',1,14)
--Newly Added
INSERT INTO LabReferenceOrg(RefOrgName,ClientTypeID,OrgID)VALUES('ABC Hospital',1,14)
INSERT INTO LabReferenceOrg(RefOrgName,ClientTypeID,OrgID)VALUES('Apgar Lab',1,14)
INSERT INTO LabReferenceOrg(RefOrgName,ClientTypeID,OrgID)VALUES('K.G Hospital',1,14)
INSERT INTO LabReferenceOrg(RefOrgName,ClientTypeID,OrgID)VALUES('Team Speciality Hospital',1,14)
INSERT INTO LabReferenceOrg(RefOrgName,ClientTypeID,OrgID)VALUES('Vinakaya Nursing Home',1,14)
INSERT INTO LabReferenceOrg(RefOrgName,ClientTypeID,OrgID)VALUES('Sathya Hospital, Ramnad',1,14)
INSERT INTO LabReferenceOrg(RefOrgName,ClientTypeID,OrgID)VALUES('New Raj Lab, Karaikudi',1,14)
INSERT INTO LabReferenceOrg(RefOrgName,ClientTypeID,OrgID)VALUES('Retna Globe Hospital(RGH)',1,14)
INSERT INTO LabReferenceOrg(RefOrgName,ClientTypeID,OrgID)VALUES('GVN  Hospital',1,14)
INSERT INTO LabReferenceOrg(RefOrgName,ClientTypeID,OrgID)VALUES('KMH Musiri',1,14)
INSERT INTO LabReferenceOrg(RefOrgName,ClientTypeID,OrgID)VALUES('Balaji Lab, Musiri',1,14)
INSERT INTO LabReferenceOrg(RefOrgName,ClientTypeID,OrgID)VALUES('Malar Hospital, Pudukottai',1,14)
INSERT INTO LabReferenceOrg(RefOrgName,ClientTypeID,OrgID)VALUES('S&V Loga Hospital',1,14)
INSERT INTO LabReferenceOrg(RefOrgName,ClientTypeID,OrgID)VALUES('Dr. Rath Lab',1,14)
INSERT INTO LabReferenceOrg(RefOrgName,ClientTypeID,OrgID)VALUES('SBI Bank',1,14)

INSERT INTO LabReferenceOrg (RefOrgName,ClientTypeID,OrgID) VALUES('Tanjore',2,14)
INSERT INTO LabReferenceOrg (RefOrgName,ClientTypeID,OrgID) VALUES('Karaikal',2,14)
INSERT INTO LabReferenceOrg (RefOrgName,ClientTypeID,OrgID) VALUES('Mailaduthurai',2,14)
INSERT INTO LabReferenceOrg (RefOrgName,ClientTypeID,OrgID) VALUES('Perambalur',2,14)
INSERT INTO LabReferenceOrg (RefOrgName,ClientTypeID,OrgID) VALUES('Kumbakonam',2,14)
INSERT INTO LabReferenceOrg (RefOrgName,ClientTypeID,OrgID) VALUES('Pudukottai',2,14)
INSERT INTO LabReferenceOrg (RefOrgName,ClientTypeID,OrgID) VALUES('Karur',2,14)
/* Lab Ref Org Address */

TRUNCATE TABLE LabRefOrgAddress
INSERT INTO LabRefOrgAddress(LabRefOrgID,Add1,Add2,PostalCode,CountryID,City,StateID,MobileNumber,LandLineNumber) VALUES (1,'Rao Bahadur Colony',NULL,NULL,1,'Tiruchirapalli',31,NULL,04312432217)
INSERT INTO LabRefOrgAddress(LabRefOrgID,Add1,Add2,PostalCode,CountryID,City,StateID,MobileNumber,LandLineNumber) VALUES (2,'GS-3 Rohini Srikripa','32, EVS St, Srirangam',NULL,1,'Tiruchirapalli',31,9443123753,NULL)
INSERT INTO LabRefOrgAddress(LabRefOrgID,Add1,Add2,PostalCode,CountryID,City,StateID,MobileNumber,LandLineNumber) VALUES (3,'9A, Subha Complex','81/1 Amma Mandapam Road, Srirangam',620006,1,'Tiruchirapalli',31,NULL,NULL)
INSERT INTO LabRefOrgAddress(LabRefOrgID,Add1,Add2,PostalCode,CountryID,City,StateID,MobileNumber,LandLineNumber) VALUES (4,'26,Amma Mandapam Road','Srirangam',620006,1,'Tiruchirapalli',31,NULL,04312433546)
INSERT INTO LabRefOrgAddress(LabRefOrgID,Add1,Add2,PostalCode,CountryID,City,StateID,MobileNumber,LandLineNumber) VALUES (5,'29, EVS Road','Ranga Nagar, Srirangam',620006,1,'Tiruchirapalli',31,NULL,04312432347)
INSERT INTO LabRefOrgAddress(LabRefOrgID,Add1,Add2,PostalCode,CountryID,City,StateID,MobileNumber,LandLineNumber) VALUES (6,'','T.V.Kovil',620005,1,'Tiruchirapalli',31,NULL,NULL)
INSERT INTO LabRefOrgAddress(LabRefOrgID,Add1,Add2,PostalCode,CountryID,City,StateID,MobileNumber,LandLineNumber) VALUES (7,'Gandhi Road','T.V.Kovil',620005,1,'Tiruchirapalli',31,NULL,NULL)
INSERT INTO LabRefOrgAddress(LabRefOrgID,Add1,Add2,PostalCode,CountryID,City,StateID,MobileNumber,LandLineNumber) VALUES (8,'100, Gandhi Road','Srirangam',620006,1,'Tiruchirapalli',31,NULL,2430431)
INSERT INTO LabRefOrgAddress(LabRefOrgID,Add1,Add2,PostalCode,CountryID,City,StateID,MobileNumber,LandLineNumber) VALUES (9,'22-A Chennai Trunk Road','T.V.Kovil',620005,1,'Tiruchirapalli',31,NULL,NULL)
INSERT INTO LabRefOrgAddress(LabRefOrgID,Add1,Add2,PostalCode,CountryID,City,StateID,MobileNumber,LandLineNumber) VALUES (10,'','Srirangam',620006,1,'Tiruchirapalli',31,NULL,NULL)
INSERT INTO LabRefOrgAddress(LabRefOrgID,Add1,Add2,PostalCode,CountryID,City,StateID,MobileNumber,LandLineNumber) VALUES (11,'Thiruvanaikovil','',620005,1,'Tiruchirapalli',31,NULL,NULL)
INSERT INTO LabRefOrgAddress(LabRefOrgID,Add1,Add2,PostalCode,CountryID,City,StateID,MobileNumber,LandLineNumber) VALUES (12,'22-A Chennai Trunk Road','T.V.Kovil',620005,1,'Tiruchirapalli',31,9842491919,04312231617)
INSERT INTO LabRefOrgAddress(LabRefOrgID,Add1,Add2,PostalCode,CountryID,City,StateID,MobileNumber,LandLineNumber) VALUES (13,'176/35 A Srinivasa Nagar','Gandhi Road, Thiruvanai Kovil',620005,1,'Tiruchirapalli',31,9345116215,04312231915)
INSERT INTO LabRefOrgAddress(LabRefOrgID,Add1,Add2,PostalCode,CountryID,City,StateID,MobileNumber,LandLineNumber) VALUES (14,'Renga Nagar','',NULL,1,'',31,NULL,NULL)
INSERT INTO LabRefOrgAddress(LabRefOrgID,Add1,Add2,PostalCode,CountryID,City,StateID,MobileNumber,LandLineNumber) VALUES (15,'28,EVS  Chari Street','Renga Nagar, Srirangam',620006,1,'Tiruchirapalli',31,NULL,NULL)
INSERT INTO LabRefOrgAddress(LabRefOrgID,Add1,Add2,PostalCode,CountryID,City,StateID,MobileNumber,LandLineNumber) VALUES (16,'1,EVS  Chari Street','Renga Nagar, Srirangam',620006,1,'Tiruchirapalli',31,NULL,NULL)
INSERT INTO LabRefOrgAddress(LabRefOrgID,Add1,Add2,PostalCode,CountryID,City,StateID,MobileNumber,LandLineNumber) VALUES (17,'5, Renganatha puram East','Srirangam',620006,1,'Tiruchirapalli',31,NULL,NULL)
INSERT INTO LabRefOrgAddress(LabRefOrgID,Add1,Add2,PostalCode,CountryID,City,StateID,MobileNumber,LandLineNumber) VALUES (18,'EV Street Renga Nagar','Srirangam',620006,1,'Tiruchirapalli',31,9842436660,NULL)
INSERT INTO LabRefOrgAddress(LabRefOrgID,Add1,Add2,PostalCode,CountryID,City,StateID,MobileNumber,LandLineNumber) VALUES (19,'33, Ammamandapam Road','Srirangam',620006,1,'Tiruchirapalli',31,NULL,04312436471)
INSERT INTO LabRefOrgAddress(LabRefOrgID,Add1,Add2,PostalCode,CountryID,City,StateID,MobileNumber,LandLineNumber) VALUES (20,'','',NULL,1,'',31,NULL,NULL)
INSERT INTO LabRefOrgAddress(LabRefOrgID,Add1,Add2,PostalCode,CountryID,City,StateID,MobileNumber,LandLineNumber) VALUES (21,'','',NULL,1,'',31,NULL,NULL)
INSERT INTO LabRefOrgAddress(LabRefOrgID,Add1,Add2,PostalCode,CountryID,City,StateID,MobileNumber,LandLineNumber) VALUES (22,'','',NULL,1,'',31,NULL,NULL)
INSERT INTO LabRefOrgAddress(LabRefOrgID,Add1,Add2,PostalCode,CountryID,City,StateID,MobileNumber,LandLineNumber) VALUES (23,'16/12, Gandhi Road','Srirangam',620006,1,'Tiruchirapalli',31,NULL,04312436505)
INSERT INTO LabRefOrgAddress(LabRefOrgID,Add1,Add2,PostalCode,CountryID,City,StateID,MobileNumber,LandLineNumber) VALUES (24,'','Srirangam',620006,1,'Tiruchirapalli',31,NULL,04312431602)
INSERT INTO LabRefOrgAddress(LabRefOrgID,Add1,Add2,PostalCode,CountryID,City,StateID,MobileNumber,LandLineNumber) VALUES (25,'','Srirangam',620006,1,'Tiruchirapalli',31,NULL,04312433784)
INSERT INTO LabRefOrgAddress(LabRefOrgID,Add1,Add2,PostalCode,CountryID,City,StateID,MobileNumber,LandLineNumber) VALUES (26,'12,Rajaji Street,Renga Nagar','Srirangam',620006,1,'Tiruchirapalli',31,NULL,04312432562)
INSERT INTO LabRefOrgAddress(LabRefOrgID,Add1,Add2,PostalCode,CountryID,City,StateID,MobileNumber,LandLineNumber) VALUES (27,'Balaji Residency','232,East Adayavalanjan Street,Srirangam',620006,1,'Tiruchirapalli',31,9443766846,04312435971)
INSERT INTO LabRefOrgAddress(LabRefOrgID,Add1,Add2,PostalCode,CountryID,City,StateID,MobileNumber,LandLineNumber) VALUES (28,'','',NULL,1,'',31,NULL,NULL)
INSERT INTO LabRefOrgAddress(LabRefOrgID,Add1,Add2,PostalCode,CountryID,City,StateID,MobileNumber,LandLineNumber) VALUES (29,'','',NULL,1,'',31,NULL,NULL)
INSERT INTO LabRefOrgAddress(LabRefOrgID,Add1,Add2,PostalCode,CountryID,City,StateID,MobileNumber,LandLineNumber) VALUES (30,'','',NULL,1,'',31,NULL,NULL)
INSERT INTO LabRefOrgAddress(LabRefOrgID,Add1,Add2,PostalCode,CountryID,City,StateID,MobileNumber,LandLineNumber) VALUES (31,'57, Boologanathar Koil Street','',620008,1,'Tiruchirapalli',31,9443997899,04312707512)
INSERT INTO LabRefOrgAddress(LabRefOrgID,Add1,Add2,PostalCode,CountryID,City,StateID,MobileNumber,LandLineNumber) VALUES (32,'11 B, Big Kammala Street','',620008,1,'Tiruchirapalli',31,9842444946,04312707864)
INSERT INTO LabRefOrgAddress(LabRefOrgID,Add1,Add2,PostalCode,CountryID,City,StateID,MobileNumber,LandLineNumber) VALUES (33,'132/4,Sri Durgai Amman Complex ','Palakarai Main Road',620008,1,'Tiruchirapalli',31,NULL,04315527812)
INSERT INTO LabRefOrgAddress(LabRefOrgID,Add1,Add2,PostalCode,CountryID,City,StateID,MobileNumber,LandLineNumber) VALUES (34,'No 89-A 1st Floor,Main Road','Palakarai(Near Prabhat Theatre)',620008,1,'Tiruchirapalli',31,NULL,04312708360)
INSERT INTO LabRefOrgAddress(LabRefOrgID,Add1,Add2,PostalCode,CountryID,City,StateID,MobileNumber,LandLineNumber) VALUES (35,'','Palakarai',620008,1,'Tiruchirapalli',31,NULL,04316544633)
INSERT INTO LabRefOrgAddress(LabRefOrgID,Add1,Add2,PostalCode,CountryID,City,StateID,MobileNumber,LandLineNumber) VALUES (36,'12 C','Palakarai Main Road',620008,1,'Tiruchirapalli',31,NULL,04312201750)
INSERT INTO LabRefOrgAddress(LabRefOrgID,Add1,Add2,PostalCode,CountryID,City,StateID,MobileNumber,LandLineNumber) VALUES (37,'60,Madurai Road','Palakarai Main Road',620008,1,'Tiruchirapalli',31,NULL,04312707463)
INSERT INTO LabRefOrgAddress(LabRefOrgID,Add1,Add2,PostalCode,CountryID,City,StateID,MobileNumber,LandLineNumber) VALUES (38,'','Palakarai',620008,1,'Tiruchirapalli',31,NULL,04316544633)
INSERT INTO LabRefOrgAddress(LabRefOrgID,Add1,Add2,PostalCode,CountryID,City,StateID,MobileNumber,LandLineNumber) VALUES (39,'44,M.K.Street','Palakarai',620008,1,'Tiruchirapalli',31,NULL,9345117557)
INSERT INTO LabRefOrgAddress(LabRefOrgID,Add1,Add2,PostalCode,CountryID,City,StateID,MobileNumber,LandLineNumber) VALUES (40,'65, Varaganery Bazaar','Varaganery Bazaar',620008,1,'Tiruchirapalli',31,NULL,NULL)
INSERT INTO LabRefOrgAddress(LabRefOrgID,Add1,Add2,PostalCode,CountryID,City,StateID,MobileNumber,LandLineNumber) VALUES (41,'Near Subramani Kalyana Mandapadam',' Varaganery Bazaar,',620008,1,'Tiruchirapalli',31,NULL,9443954725)
INSERT INTO LabRefOrgAddress(LabRefOrgID,Add1,Add2,PostalCode,CountryID,City,StateID,MobileNumber,LandLineNumber) VALUES (42,'37,Varaganery Bazaar',NULL,620008,1,'Tiruchirapalli',31,NULL,NULL)
INSERT INTO LabRefOrgAddress(LabRefOrgID,Add1,Add2,PostalCode,CountryID,City,StateID,MobileNumber,LandLineNumber) VALUES (43,'54,Thanjavur Road','',620008,1,'Tiruchirapalli',31,NULL,NULL)
INSERT INTO LabRefOrgAddress(LabRefOrgID,Add1,Add2,PostalCode,CountryID,City,StateID,MobileNumber,LandLineNumber) VALUES (44,'No 1,Varaganery Bazaar','Varaganery',620008,1,'Tiruchirapalli',31,NULL,NULL)
INSERT INTO LabRefOrgAddress(LabRefOrgID,Add1,Add2,PostalCode,CountryID,City,StateID,MobileNumber,LandLineNumber) VALUES (45,'No 13-D Eda-Street,Main Road','Near Anna Statue,Palakkarai',620001,1,'Tiruchirapalli',31,NULL,NULL)
INSERT INTO LabRefOrgAddress(LabRefOrgID,Add1,Add2,PostalCode,CountryID,City,StateID,MobileNumber,LandLineNumber) VALUES (46,'1, Bajanai Kooda St','Eda-Street,Palakarai',620001,1,'Tiruchirapalli',31,NULL,NULL)
INSERT INTO LabRefOrgAddress(LabRefOrgID,Add1,Add2,PostalCode,CountryID,City,StateID,MobileNumber,LandLineNumber) VALUES (47,'1st Cross','Thillai Nagar',620025,1,'Tiruchirapalli',31,NULL,NULL)
INSERT INTO LabRefOrgAddress(LabRefOrgID,Add1,Add2,PostalCode,CountryID,City,StateID,MobileNumber,LandLineNumber) VALUES (48,'1-B,Vivekanandhapuram, Near Balaji Theatre','Beema Nagar',620001,1,'Tiruchirapalli',31,NULL,04312411672)
INSERT INTO LabRefOrgAddress(LabRefOrgID,Add1,Add2,PostalCode,CountryID,City,StateID,MobileNumber,LandLineNumber) VALUES (49,'78-A, Madurai Road','Palakarai',620008,1,'Tiruchirapalli',31,NULL,NULL)
INSERT INTO LabRefOrgAddress(LabRefOrgID,Add1,Add2,PostalCode,CountryID,City,StateID,MobileNumber,LandLineNumber) VALUES (50,'48, Eda-St','',NULL,1,'Tiruchirapalli',31,NULL,04312774669)
INSERT INTO LabRefOrgAddress(LabRefOrgID,Add1,Add2,PostalCode,CountryID,City,StateID,MobileNumber,LandLineNumber) VALUES (51,'','',NULL,1,'',31,NULL,NULL)
INSERT INTO LabRefOrgAddress(LabRefOrgID,Add1,Add2,PostalCode,CountryID,City,StateID,MobileNumber,LandLineNumber) VALUES (52,'Gujili Street','',620008,1,'Tiruchirapalli',31,NULL,NULL)
INSERT INTO LabRefOrgAddress(LabRefOrgID,Add1,Add2,PostalCode,CountryID,City,StateID,MobileNumber,LandLineNumber) VALUES (53,'1-b, Vivekanandapuram','Beema Nagar',620001,1,'Tiruchirapalli',31,NULL,NULL)
INSERT INTO LabRefOrgAddress(LabRefOrgID,Add1,Add2,PostalCode,CountryID,City,StateID,MobileNumber,LandLineNumber) VALUES (54,'','',NULL,1,'',31,NULL,NULL)
INSERT INTO LabRefOrgAddress(LabRefOrgID,Add1,Add2,PostalCode,CountryID,City,StateID,MobileNumber,LandLineNumber) VALUES (55,'','',NULL,1,'',31,NULL,NULL)
INSERT INTO LabRefOrgAddress(LabRefOrgID,Add1,Add2,PostalCode,CountryID,City,StateID,MobileNumber,LandLineNumber) VALUES (56,'','',NULL,1,'',31,NULL,NULL)
INSERT INTO LabRefOrgAddress(LabRefOrgID,Add1,Add2,PostalCode,CountryID,City,StateID,MobileNumber,LandLineNumber) VALUES (57,'','',NULL,1,'',31,NULL,NULL)
INSERT INTO LabRefOrgAddress(LabRefOrgID,Add1,Add2,PostalCode,CountryID,City,StateID,MobileNumber,LandLineNumber) VALUES (58,'11th Cross','Thillai Nagar',620018,1,'Tiruchirapalli',31,NULL,NULL)
INSERT INTO LabRefOrgAddress(LabRefOrgID,Add1,Add2,PostalCode,CountryID,City,StateID,MobileNumber,LandLineNumber) VALUES (59,'3rd Cross','Thillai Nagar',620018,1,'Tiruchirapalli',31,NULL,NULL)
INSERT INTO LabRefOrgAddress(LabRefOrgID,Add1,Add2,PostalCode,CountryID,City,StateID,MobileNumber,LandLineNumber) VALUES (60,'C-12, 3rd Cross','Thillai Nagar',620018,1,'Tiruchirapalli',31,NULL,NULL)
INSERT INTO LabRefOrgAddress(LabRefOrgID,Add1,Add2,PostalCode,CountryID,City,StateID,MobileNumber,LandLineNumber) VALUES (61,'18,EVR Road','Puthur',620018,1,'Tiruchirapalli',31,NULL,NULL)
INSERT INTO LabRefOrgAddress(LabRefOrgID,Add1,Add2,PostalCode,CountryID,City,StateID,MobileNumber,LandLineNumber) VALUES (62,'C-50, 10-B Cross East','Thillai Nagar',620018,1,'Tiruchirapalli',31,NULL,NULL)
INSERT INTO LabRefOrgAddress(LabRefOrgID,Add1,Add2,PostalCode,CountryID,City,StateID,MobileNumber,LandLineNumber) VALUES (63,'10th Cross','Thillai Nagar',620018,1,'Tiruchirapalli',31,NULL,NULL)
INSERT INTO LabRefOrgAddress(LabRefOrgID,Add1,Add2,PostalCode,CountryID,City,StateID,MobileNumber,LandLineNumber) VALUES (64,'Fort Station Road','Thillai Nagar',620018,1,'Tiruchirapalli',31,NULL,NULL)
INSERT INTO LabRefOrgAddress(LabRefOrgID,Add1,Add2,PostalCode,CountryID,City,StateID,MobileNumber,LandLineNumber) VALUES (65,'Fort Station Road','Thillai Nagar',620018,1,'Tiruchirapalli',31,NULL,NULL)
INSERT INTO LabRefOrgAddress(LabRefOrgID,Add1,Add2,PostalCode,CountryID,City,StateID,MobileNumber,LandLineNumber) VALUES (66,'5th Cross','Thillai Nagar',620018,1,'Tiruchirapalli',31,NULL,NULL)
INSERT INTO LabRefOrgAddress(LabRefOrgID,Add1,Add2,PostalCode,CountryID,City,StateID,MobileNumber,LandLineNumber) VALUES (67,'11th Cross','Thillai Nagar',620018,1,'Tiruchirapalli',31,NULL,NULL)
INSERT INTO LabRefOrgAddress(LabRefOrgID,Add1,Add2,PostalCode,CountryID,City,StateID,MobileNumber,LandLineNumber) VALUES (68,'D-108, 9th Cross East','Thillai Nagar',620018,1,'Tiruchirapalli',31,NULL,NULL)
INSERT INTO LabRefOrgAddress(LabRefOrgID,Add1,Add2,PostalCode,CountryID,City,StateID,MobileNumber,LandLineNumber) VALUES (69,'7th Cross','Thillai Nagar',620018,1,'Tiruchirapalli',31,NULL,NULL)
INSERT INTO LabRefOrgAddress(LabRefOrgID,Add1,Add2,PostalCode,CountryID,City,StateID,MobileNumber,LandLineNumber) VALUES (70,'31, Bishop Road','Puthur',620018,1,'Tiruchirapalli',31,NULL,04312740307)
INSERT INTO LabRefOrgAddress(LabRefOrgID,Add1,Add2,PostalCode,CountryID,City,StateID,MobileNumber,LandLineNumber) VALUES (71,'50,Bishop Road','Puthur',620018,1,'Tiruchirapalli',31,NULL,04312792449)
INSERT INTO LabRefOrgAddress(LabRefOrgID,Add1,Add2,PostalCode,CountryID,City,StateID,MobileNumber,LandLineNumber) VALUES (72,'Fort Station Road','Thillai Nagar',620018,1,'Tiruchirapalli',31,NULL,NULL)
INSERT INTO LabRefOrgAddress(LabRefOrgID,Add1,Add2,PostalCode,CountryID,City,StateID,MobileNumber,LandLineNumber) VALUES (73,'10th Cross','Thillai Nagar',620018,1,'Tiruchirapalli',31,NULL,NULL)
INSERT INTO LabRefOrgAddress(LabRefOrgID,Add1,Add2,PostalCode,CountryID,City,StateID,MobileNumber,LandLineNumber) VALUES (74,'10th Cross, Main Road','Thillai Nagar',620018,1,'Tiruchirapalli',31,NULL,NULL)
INSERT INTO LabRefOrgAddress(LabRefOrgID,Add1,Add2,PostalCode,CountryID,City,StateID,MobileNumber,LandLineNumber) VALUES (75,'8th Cross','Thillai Nagar',620018,1,'Tiruchirapalli',31,9443436165,04312722205)
INSERT INTO LabRefOrgAddress(LabRefOrgID,Add1,Add2,PostalCode,CountryID,City,StateID,MobileNumber,LandLineNumber) VALUES (76,'3,Rama Rao Street','Tennur',NULL,1,'Tiruchirapalli',31,NULL,04315531675)
INSERT INTO LabRefOrgAddress(LabRefOrgID,Add1,Add2,PostalCode,CountryID,City,StateID,MobileNumber,LandLineNumber) VALUES (77,'11th Cross','Thillai Nagar',620018,1,'Tiruchirapalli',31,NULL,04312740759)
INSERT INTO LabRefOrgAddress(LabRefOrgID,Add1,Add2,PostalCode,CountryID,City,StateID,MobileNumber,LandLineNumber) VALUES (78,'10th Cross','Thillai Nagar',620018,1,'Tiruchirapalli',31,NULL,04312741392)
INSERT INTO LabRefOrgAddress(LabRefOrgID,Add1,Add2,PostalCode,CountryID,City,StateID,MobileNumber,LandLineNumber) VALUES (79,'A/16 1st Cross','Thillai Nagar',620018,1,'Tiruchirapalli',31,NULL,04312762085)
INSERT INTO LabRefOrgAddress(LabRefOrgID,Add1,Add2,PostalCode,CountryID,City,StateID,MobileNumber,LandLineNumber) VALUES (80,'5th Cross Corner','Thillai Nagar',620018,1,'Tiruchirapalli',31,NULL,04316501035)
INSERT INTO LabRefOrgAddress(LabRefOrgID,Add1,Add2,PostalCode,CountryID,City,StateID,MobileNumber,LandLineNumber) VALUES (81,'3rd Cross','Thillai Nagar',620018,1,'Tiruchirapalli',31,9443952449,NULL)
INSERT INTO LabRefOrgAddress(LabRefOrgID,Add1,Add2,PostalCode,CountryID,City,StateID,MobileNumber,LandLineNumber) VALUES (82,'C 95 Thillai nagar Bous Road','5th Cross, Thilla Nagar',620018,1,'Tiruchirapalli',31,9245403623,NULL)
INSERT INTO LabRefOrgAddress(LabRefOrgID,Add1,Add2,PostalCode,CountryID,City,StateID,MobileNumber,LandLineNumber) VALUES (83,'2nd Cross','Thillai Nagar',620018,1,'Tiruchirapalli',31,NULL,04316501213)
INSERT INTO LabRefOrgAddress(LabRefOrgID,Add1,Add2,PostalCode,CountryID,City,StateID,MobileNumber,LandLineNumber) VALUES (84,'4B, 10th Cross','Thillai Nagar',620018,1,'Tiruchirapalli',31,NULL,04312741855)
INSERT INTO LabRefOrgAddress(LabRefOrgID,Add1,Add2,PostalCode,CountryID,City,StateID,MobileNumber,LandLineNumber) VALUES (85,'10th Cross','Thillai Nagar',620018,1,'Tiruchirapalli',31,NULL,NULL)
INSERT INTO LabRefOrgAddress(LabRefOrgID,Add1,Add2,PostalCode,CountryID,City,StateID,MobileNumber,LandLineNumber) VALUES (86,'10th Cross','Thillai Nagar',620018,1,'Tiruchirapalli',31,NULL,NULL)
INSERT INTO LabRefOrgAddress(LabRefOrgID,Add1,Add2,PostalCode,CountryID,City,StateID,MobileNumber,LandLineNumber) VALUES (87,'A/16, 1st Cross','Thillai Nagar',620018,1,'Tiruchirapalli',31,NULL,NULL)
INSERT INTO LabRefOrgAddress(LabRefOrgID,Add1,Add2,PostalCode,CountryID,City,StateID,MobileNumber,LandLineNumber) VALUES (88,'No: 17 Main Road, 8th Cross','Thillai Nagar',620018,1,'Tiruchirapalli',31,NULL,NULL)
INSERT INTO LabRefOrgAddress(LabRefOrgID,Add1,Add2,PostalCode,CountryID,City,StateID,MobileNumber,LandLineNumber) VALUES (89,'8th Cross','Thillai Nagar',620018,1,'Tiruchirapalli',31,9840984113,NULL)
INSERT INTO LabRefOrgAddress(LabRefOrgID,Add1,Add2,PostalCode,CountryID,City,StateID,MobileNumber,LandLineNumber) VALUES (90,'M3 Classic Tower, 10th Cross','Thillai Nagar',620018,1,'Tiruchirapalli',31,9842452225,04312741250)
INSERT INTO LabRefOrgAddress(LabRefOrgID,Add1,Add2,PostalCode,CountryID,City,StateID,MobileNumber,LandLineNumber) VALUES (91,'7th Cross','Thillai Nagar',620018,1,'Tiruchirapalli',31,NULL,NULL)
INSERT INTO LabRefOrgAddress(LabRefOrgID,Add1,Add2,PostalCode,CountryID,City,StateID,MobileNumber,LandLineNumber) VALUES (92,'7th Cross','Thillai Nagar',620018,1,'Tiruchirapalli',31,9443147669,04312740669)
INSERT INTO LabRefOrgAddress(LabRefOrgID,Add1,Add2,PostalCode,CountryID,City,StateID,MobileNumber,LandLineNumber) VALUES (93,'10th Cross','Thillai Nagar',620018,1,'Tiruchirapalli',31,NULL,NULL)
INSERT INTO LabRefOrgAddress(LabRefOrgID,Add1,Add2,PostalCode,CountryID,City,StateID,MobileNumber,LandLineNumber) VALUES (94,'9th Cross','Thillai Nagar',620018,1,'Tiruchirapalli',31,NULL,NULL)
INSERT INTO LabRefOrgAddress(LabRefOrgID,Add1,Add2,PostalCode,CountryID,City,StateID,MobileNumber,LandLineNumber) VALUES (95,'7th Cross','Thillai Nagar',620018,1,'Tiruchirapalli',31,NULL,NULL)
INSERT INTO LabRefOrgAddress(LabRefOrgID,Add1,Add2,PostalCode,CountryID,City,StateID,MobileNumber,LandLineNumber) VALUES (96,'1st Cross','Thillai Nagar',620018,1,'Tiruchirapalli',31,NULL,NULL)
INSERT INTO LabRefOrgAddress(LabRefOrgID,Add1,Add2,PostalCode,CountryID,City,StateID,MobileNumber,LandLineNumber) VALUES (97,'73 Salai Road','Thillai Nagar',620018,1,'Tiruchirapalli',31,NULL,NULL)
INSERT INTO LabRefOrgAddress(LabRefOrgID,Add1,Add2,PostalCode,CountryID,City,StateID,MobileNumber,LandLineNumber) VALUES (98,'3rd Cross','Thillai Nagar',620018,1,'Tiruchirapalli',31,NULL,NULL)
INSERT INTO LabRefOrgAddress(LabRefOrgID,Add1,Add2,PostalCode,CountryID,City,StateID,MobileNumber,LandLineNumber) VALUES (99,'10th Cross','Thillai Nagar',620018,1,'Tiruchirapalli',31,NULL,NULL)
INSERT INTO LabRefOrgAddress(LabRefOrgID,Add1,Add2,PostalCode,CountryID,City,StateID,MobileNumber,LandLineNumber) VALUES (100,'C-57, 11th Cross','Thillai Nagar',620018,1,'Tiruchirapalli',31,NULL,NULL)
INSERT INTO LabRefOrgAddress(LabRefOrgID,Add1,Add2,PostalCode,CountryID,City,StateID,MobileNumber,LandLineNumber) VALUES (101,'3rd Cross','Thillai Nagar',620018,1,'Tiruchirapalli',31,NULL,NULL)
INSERT INTO LabRefOrgAddress(LabRefOrgID,Add1,Add2,PostalCode,CountryID,City,StateID,MobileNumber,LandLineNumber) VALUES (102,'3rd Cross','Thillai Nagar',620018,1,'Tiruchirapalli',31,NULL,NULL)
INSERT INTO LabRefOrgAddress(LabRefOrgID,Add1,Add2,PostalCode,CountryID,City,StateID,MobileNumber,LandLineNumber) VALUES (103,'1st Cross','Thillai Nagar',620018,1,'Tiruchirapalli',31,NULL,NULL)
INSERT INTO LabRefOrgAddress(LabRefOrgID,Add1,Add2,PostalCode,CountryID,City,StateID,MobileNumber,LandLineNumber) VALUES (104,'No-114 D,9th Cross West','Thillai Nagar',620018,1,'Tiruchirapalli',31,NULL,NULL)
INSERT INTO LabRefOrgAddress(LabRefOrgID,Add1,Add2,PostalCode,CountryID,City,StateID,MobileNumber,LandLineNumber) VALUES (105,'D-22, 7th Cross','Thillai Nagar',620018,1,'Tiruchirapalli',31,NULL,NULL)
INSERT INTO LabRefOrgAddress(LabRefOrgID,Add1,Add2,PostalCode,CountryID,City,StateID,MobileNumber,LandLineNumber) VALUES (106,'1st Cross','Thillai Nagar',620018,1,'Tiruchirapalli',31,NULL,04312760815)
INSERT INTO LabRefOrgAddress(LabRefOrgID,Add1,Add2,PostalCode,CountryID,City,StateID,MobileNumber,LandLineNumber) VALUES (107,'Thiruvanai kovil','Srirangam',620006,1,'Tiruchirapalli',31,NULL,2230300)
INSERT INTO LabRefOrgAddress(LabRefOrgID,Add1,Add2,PostalCode,CountryID,City,StateID,MobileNumber,LandLineNumber) VALUES (108,'103,A/2,Devar Colony, 1st Cross','Thillai Nagar',620018,1,'Tiruchirapalli',31,9842423777,NULL)
INSERT INTO LabRefOrgAddress(LabRefOrgID,Add1,Add2,PostalCode,CountryID,City,StateID,MobileNumber,LandLineNumber) VALUES (109,'8,Ramayanachavadi Lane,Heber Road','Beema Nagar',620001,1,'Tiruchirapalli',31,9443529244,04312417181)
INSERT INTO LabRefOrgAddress(LabRefOrgID,Add1,Add2,PostalCode,CountryID,City,StateID,MobileNumber,LandLineNumber) VALUES (110,'5F/9, Ramachandrapuram','Tennur',620017,1,'Tiruchirapalli',31,NULL,NULL)
INSERT INTO LabRefOrgAddress(LabRefOrgID,Add1,Add2,PostalCode,CountryID,City,StateID,MobileNumber,LandLineNumber) VALUES (111,'63/2 Heber Road','Beema Nagar',620001,1,'Tiruchirapalli',31,NULL,04312740204)
INSERT INTO LabRefOrgAddress(LabRefOrgID,Add1,Add2,PostalCode,CountryID,City,StateID,MobileNumber,LandLineNumber) VALUES (112,'No,11,Marsingpet Road','Beema Nagar',620001,1,'Tiruchirapalli',31,9443401736,NULL)
INSERT INTO LabRefOrgAddress(LabRefOrgID,Add1,Add2,PostalCode,CountryID,City,StateID,MobileNumber,LandLineNumber) VALUES (113,'71,Syda Mohamed Rowther Road','Beema Nagar',620001,1,'Tiruchirapalli',31,NULL,04312416286)
INSERT INTO LabRefOrgAddress(LabRefOrgID,Add1,Add2,PostalCode,CountryID,City,StateID,MobileNumber,LandLineNumber) VALUES (114,'31,Anaikatti Maidan','',NULL,1,'Tiruchirapalli',31,NULL,04312412450)
INSERT INTO LabRefOrgAddress(LabRefOrgID,Add1,Add2,PostalCode,CountryID,City,StateID,MobileNumber,LandLineNumber) VALUES (115,'Anaikatti Maidan','',NULL,1,'Tiruchirapalli',31,NULL,04312412450)
INSERT INTO LabRefOrgAddress(LabRefOrgID,Add1,Add2,PostalCode,CountryID,City,StateID,MobileNumber,LandLineNumber) VALUES (116,'79 Heber Road','Beema Nagar',620001,1,'Tiruchirapalli',31,NULL,04312465716)
INSERT INTO LabRefOrgAddress(LabRefOrgID,Add1,Add2,PostalCode,CountryID,City,StateID,MobileNumber,LandLineNumber) VALUES (117,'88/6,Marsingpet Main Road','Beema Nagar',620001,1,'Tiruchirapalli',31,NULL,NULL)
INSERT INTO LabRefOrgAddress(LabRefOrgID,Add1,Add2,PostalCode,CountryID,City,StateID,MobileNumber,LandLineNumber) VALUES (118,'18-C,Rajarathinam Pillai Street','Ramalinga Nagar',620003,1,'Tiruchirapalli',31,98424-74720,04312774720)
INSERT INTO LabRefOrgAddress(LabRefOrgID,Add1,Add2,PostalCode,CountryID,City,StateID,MobileNumber,LandLineNumber) VALUES (119,'15,Bharathidasan Salai,Contonment','',620001,1,'Tiruchirapalli',31,98940-41860,NULL)
INSERT INTO LabRefOrgAddress(LabRefOrgID,Add1,Add2,PostalCode,CountryID,City,StateID,MobileNumber,LandLineNumber) VALUES (120,'St.Marys Complex,Near Head Post Office','Promemode road',620001,1,'Tiruchirapalli',31,NULL,0431416859)
INSERT INTO LabRefOrgAddress(LabRefOrgID,Add1,Add2,PostalCode,CountryID,City,StateID,MobileNumber,LandLineNumber) VALUES (121,'38/1,Promenade Road','Contonment',620001,1,'Tiruchirapalli',31,94431-55814,04312419414)
INSERT INTO LabRefOrgAddress(LabRefOrgID,Add1,Add2,PostalCode,CountryID,City,StateID,MobileNumber,LandLineNumber) VALUES (122,'12,Marsingpet Road','Beema Nagar',620001,1,'Tiruchirapalli',31,NULL,04312740044)
INSERT INTO LabRefOrgAddress(LabRefOrgID,Add1,Add2,PostalCode,CountryID,City,StateID,MobileNumber,LandLineNumber) VALUES (123,'','Contonment',620001,1,'Tiruchirapalli',31,NULL,NULL)
INSERT INTO LabRefOrgAddress(LabRefOrgID,Add1,Add2,PostalCode,CountryID,City,StateID,MobileNumber,LandLineNumber) VALUES (124,'1st Floor,Near Hotel Sangam','Raja Colony Bus Stop,Contonment',620001,1,'Tiruchirapalli',31,9894603601,04312418340)
INSERT INTO LabRefOrgAddress(LabRefOrgID,Add1,Add2,PostalCode,CountryID,City,StateID,MobileNumber,LandLineNumber) VALUES (125,'S.B.I Colony','Lawsons Road',NULL,1,'Tiruchirapalli',31,NULL,NULL)
INSERT INTO LabRefOrgAddress(LabRefOrgID,Add1,Add2,PostalCode,CountryID,City,StateID,MobileNumber,LandLineNumber) VALUES (126,'','Raja Colony',NULL,1,'Tiruchirapalli',31,9894165067,04312411199)
INSERT INTO LabRefOrgAddress(LabRefOrgID,Add1,Add2,PostalCode,CountryID,City,StateID,MobileNumber,LandLineNumber) VALUES (127,'Marsingpet','Beema Nagar',620001,1,'Tiruchirapalli',31,NULL,NULL)
INSERT INTO LabRefOrgAddress(LabRefOrgID,Add1,Add2,PostalCode,CountryID,City,StateID,MobileNumber,LandLineNumber) VALUES (128,'13, Ramayana Channathi Street','Beema Nagar',620001,1,'Tiruchirapalli',31,NULL,NULL)
INSERT INTO LabRefOrgAddress(LabRefOrgID,Add1,Add2,PostalCode,CountryID,City,StateID,MobileNumber,LandLineNumber) VALUES (129,'174, 10th cross','Ponnagar',620001,1,'Tiruchirapalli',31,NULL,NULL)
INSERT INTO LabRefOrgAddress(LabRefOrgID,Add1,Add2,PostalCode,CountryID,City,StateID,MobileNumber,LandLineNumber) VALUES (130,'14/17, Kammala street','(Market south ), Mannachanallur',621005,1,'Tiruchirapalli',31,NULL,04312560737)
INSERT INTO LabRefOrgAddress(LabRefOrgID,Add1,Add2,PostalCode,CountryID,City,StateID,MobileNumber,LandLineNumber) VALUES (131,'9, L.F.Road','Mannachanallur (P.O)',621005,1,'Tiruchirapalli',31,NULL,NULL)
INSERT INTO LabRefOrgAddress(LabRefOrgID,Add1,Add2,PostalCode,CountryID,City,StateID,MobileNumber,LandLineNumber) VALUES (132,'New No.18, Mela Agrakaram','Mannachanallur',621005,1,'Tiruchirapalli',31,9952465416,NULL)
INSERT INTO LabRefOrgAddress(LabRefOrgID,Add1,Add2,PostalCode,CountryID,City,StateID,MobileNumber,LandLineNumber) VALUES (133,'Thiruvalluvar Aveny','No.1 Tolgate',NULL,1,'Tiruchirapalli',31,NULL,04312591855)
INSERT INTO LabRefOrgAddress(LabRefOrgID,Add1,Add2,PostalCode,CountryID,City,StateID,MobileNumber,LandLineNumber) VALUES (134,'3/42-A,Ukkadai','Ariyamangalam',NULL,1,'Tiruchirapalli',31,NULL,04312201429)
INSERT INTO LabRefOrgAddress(LabRefOrgID,Add1,Add2,PostalCode,CountryID,City,StateID,MobileNumber,LandLineNumber) VALUES (135,'Rail Nagar Bus Stop','',NULL,1,'Tiruchirapalli',31,NULL,NULL)
INSERT INTO LabRefOrgAddress(LabRefOrgID,Add1,Add2,PostalCode,CountryID,City,StateID,MobileNumber,LandLineNumber) VALUES (136,'3/53-C,Ukkadai','Ariyamangalam',NULL,1,'Tiruchirapalli',31,9443532975,04312442373)
INSERT INTO LabRefOrgAddress(LabRefOrgID,Add1,Add2,PostalCode,CountryID,City,StateID,MobileNumber,LandLineNumber) VALUES (137,'Near J.A.R Medicals, Oil Mill Road,','Kattur',19,1,'Tiruchirapalli',31,NULL,04312743075)
INSERT INTO LabRefOrgAddress(LabRefOrgID,Add1,Add2,PostalCode,CountryID,City,StateID,MobileNumber,LandLineNumber) VALUES (138,'Ayesha Complex','Opp to Maangalya Mahal',NULL,1,'Tiruchirapalli',31,NULL,NULL)
INSERT INTO LabRefOrgAddress(LabRefOrgID,Add1,Add2,PostalCode,CountryID,City,StateID,MobileNumber,LandLineNumber) VALUES (139,'Ayesha Complex','Opp to Maangalya Mahal',NULL,1,'Tiruchirapalli',31,NULL,NULL)
INSERT INTO LabRefOrgAddress(LabRefOrgID,Add1,Add2,PostalCode,CountryID,City,StateID,MobileNumber,LandLineNumber) VALUES (140,'','Kattur',19,1,'Tiruchirapalli',31,NULL,NULL)
INSERT INTO LabRefOrgAddress(LabRefOrgID,Add1,Add2,PostalCode,CountryID,City,StateID,MobileNumber,LandLineNumber) VALUES (141,'Tanjore Main Road','Kattur',19,1,'Tiruchirapalli',31,9443480278,04312531945)
INSERT INTO LabRefOrgAddress(LabRefOrgID,Add1,Add2,PostalCode,CountryID,City,StateID,MobileNumber,LandLineNumber) VALUES (142,'10/6(REC) NIT Staff Quarters','',NULL,1,'Tiruchirapalli',31,NULL,NULL)
INSERT INTO LabRefOrgAddress(LabRefOrgID,Add1,Add2,PostalCode,CountryID,City,StateID,MobileNumber,LandLineNumber) VALUES (143,'Near U.D.C. Bus Stop','Kattur',19,1,'Tiruchirapalli',31,9443125524,NULL)
INSERT INTO LabRefOrgAddress(LabRefOrgID,Add1,Add2,PostalCode,CountryID,City,StateID,MobileNumber,LandLineNumber) VALUES (144,'Near U.D.C. Bus Stop','Kattur',19,1,'Tiruchirapalli',31,9894025524,NULL)
INSERT INTO LabRefOrgAddress(LabRefOrgID,Add1,Add2,PostalCode,CountryID,City,StateID,MobileNumber,LandLineNumber) VALUES (145,'No:8 Sri Rajappa Nagar','Kattur',NULL,1,'Tiruchirapalli',31,NULL,NULL)
INSERT INTO LabRefOrgAddress(LabRefOrgID,Add1,Add2,PostalCode,CountryID,City,StateID,MobileNumber,LandLineNumber) VALUES (146,'Rail Nagar','',10,1,'Tiruchirapalli',31,NULL,04312441974)
INSERT INTO LabRefOrgAddress(LabRefOrgID,Add1,Add2,PostalCode,CountryID,City,StateID,MobileNumber,LandLineNumber) VALUES (147,'Near U.D.C.','Kattur',19,1,'Tiruchirapalli',31,9942008312,NULL)
INSERT INTO LabRefOrgAddress(LabRefOrgID,Add1,Add2,PostalCode,CountryID,City,StateID,MobileNumber,LandLineNumber) VALUES (148,'4/5,Gandhinagar II Street','North Kattur',10,1,'Tiruchirapalli',31,NULL,04312531548)
INSERT INTO LabRefOrgAddress(LabRefOrgID,Add1,Add2,PostalCode,CountryID,City,StateID,MobileNumber,LandLineNumber) VALUES (149,'Back to Cauvery Medicals, 145-A Naval pet Road','Thiruverumber',13,1,'Tiruchirapalli',31,NULL,NULL)
INSERT INTO LabRefOrgAddress(LabRefOrgID,Add1,Add2,PostalCode,CountryID,City,StateID,MobileNumber,LandLineNumber) VALUES (150,'61,Tanjore Road','Thiruverumber',13,1,'Tiruchirapalli',31,NULL,04312511137)
INSERT INTO LabRefOrgAddress(LabRefOrgID,Add1,Add2,PostalCode,CountryID,City,StateID,MobileNumber,LandLineNumber) VALUES (151,'Nabijan Medicals,Tanjore Main Road','Ariyamangalam',NULL,1,'Tiruchirapalli',31,NULL,NULL)
INSERT INTO LabRefOrgAddress(LabRefOrgID,Add1,Add2,PostalCode,CountryID,City,StateID,MobileNumber,LandLineNumber) VALUES (152,'162 Naval pet Road','Thiruverumber',13,1,'Tiruchirapalli',31,NULL,NULL)
INSERT INTO LabRefOrgAddress(LabRefOrgID,Add1,Add2,PostalCode,CountryID,City,StateID,MobileNumber,LandLineNumber) VALUES (153,'Naval pet Road','Thiruverumber',13,1,'Tiruchirapalli',31,NULL,NULL)
INSERT INTO LabRefOrgAddress(LabRefOrgID,Add1,Add2,PostalCode,CountryID,City,StateID,MobileNumber,LandLineNumber) VALUES (154,'A.A.S Complex, Naval pet Road','Thiruverumber',13,1,'Tiruchirapalli',31,NULL,NULL)
INSERT INTO LabRefOrgAddress(LabRefOrgID,Add1,Add2,PostalCode,CountryID,City,StateID,MobileNumber,LandLineNumber) VALUES (155,'69,Thuvakudi Main Road','Thuvakudi',15,1,'Tiruchirapalli',31,NULL,04312552119)
INSERT INTO LabRefOrgAddress(LabRefOrgID,Add1,Add2,PostalCode,CountryID,City,StateID,MobileNumber,LandLineNumber) VALUES (156,'57-B, Near Thuvakudi Bus Stop','',15,1,'Tiruchirapalli',31,NULL,NULL)
INSERT INTO LabRefOrgAddress(LabRefOrgID,Add1,Add2,PostalCode,CountryID,City,StateID,MobileNumber,LandLineNumber) VALUES (157,'Naval pet Road','Thiruverumber',13,1,'Tiruchirapalli',31,9443917640,NULL)
INSERT INTO LabRefOrgAddress(LabRefOrgID,Add1,Add2,PostalCode,CountryID,City,StateID,MobileNumber,LandLineNumber) VALUES (158,'Deen Complex','Thiruverumber',13,1,'Tiruchirapalli',31,9486491973,NULL)
INSERT INTO LabRefOrgAddress(LabRefOrgID,Add1,Add2,PostalCode,CountryID,City,StateID,MobileNumber,LandLineNumber) VALUES (159,'4/834, 7th street, Bharadhidasan nagar','North Kattur',620019,1,'Tiruchirapalli',31,NULL,NULL)
INSERT INTO LabRefOrgAddress(LabRefOrgID,Add1,Add2,PostalCode,CountryID,City,StateID,MobileNumber,LandLineNumber) VALUES (160,'22,Tanjore Main Road','Thiruverumber',13,1,'Tiruchirapalli',31,NULL,04312511070)
INSERT INTO LabRefOrgAddress(LabRefOrgID,Add1,Add2,PostalCode,CountryID,City,StateID,MobileNumber,LandLineNumber) VALUES (161,'','Thiruverumber',13,1,'Tiruchirapalli',31,NULL,NULL)
INSERT INTO LabRefOrgAddress(LabRefOrgID,Add1,Add2,PostalCode,CountryID,City,StateID,MobileNumber,LandLineNumber) VALUES (162,'Township','Kailasapuram',620014,1,'Tiruchirapalli',31,NULL,NULL)
INSERT INTO LabRefOrgAddress(LabRefOrgID,Add1,Add2,PostalCode,CountryID,City,StateID,MobileNumber,LandLineNumber) VALUES (163,'B5/165','Kailasapuram',620014,1,'Tiruchirapalli',31,NULL,NULL)
INSERT INTO LabRefOrgAddress(LabRefOrgID,Add1,Add2,PostalCode,CountryID,City,StateID,MobileNumber,LandLineNumber) VALUES (164,'B5/165','Kailasapuram',620014,1,'Tiruchirapalli',31,NULL,NULL)
INSERT INTO LabRefOrgAddress(LabRefOrgID,Add1,Add2,PostalCode,CountryID,City,StateID,MobileNumber,LandLineNumber) VALUES (165,'100, Burma Colony','Thiruverumber',13,1,'Tiruchirapalli',31,NULL,04312510666)
INSERT INTO LabRefOrgAddress(LabRefOrgID,Add1,Add2,PostalCode,CountryID,City,StateID,MobileNumber,LandLineNumber) VALUES (166,'16,Kajamaniyan Street','Palakarai',620008,1,'Tiruchirapalli',31,9843505000,04312709045)
INSERT INTO LabRefOrgAddress(LabRefOrgID,Add1,Add2,PostalCode,CountryID,City,StateID,MobileNumber,LandLineNumber) VALUES (167,'13,Parupukara street','Palakarai',620008,1,'Tiruchirapalli',31,NULL,NULL)
INSERT INTO LabRefOrgAddress(LabRefOrgID,Add1,Add2,PostalCode,CountryID,City,StateID,MobileNumber,LandLineNumber) VALUES (168,'Parupukara street','Palakarai',620008,1,'Tiruchirapalli',31,NULL,04312302472)
INSERT INTO LabRefOrgAddress(LabRefOrgID,Add1,Add2,PostalCode,CountryID,City,StateID,MobileNumber,LandLineNumber) VALUES (169,'SMS Complex,1st floor','178-C Madurai Road',NULL,1,'Tiruchirapalli',31,NULL,NULL)
INSERT INTO LabRefOrgAddress(LabRefOrgID,Add1,Add2,PostalCode,CountryID,City,StateID,MobileNumber,LandLineNumber) VALUES (170,'Warehouse Bus Stop',' 69/2 Palakarai Main Road',620001,1,'Tiruchirapalli',31,NULL,0431416826)
INSERT INTO LabRefOrgAddress(LabRefOrgID,Add1,Add2,PostalCode,CountryID,City,StateID,MobileNumber,LandLineNumber) VALUES (171,'No.5A Holy Cross Complex','Melapudhur',620001,1,'Tiruchirapalli',31,9894066646,04312414566)
INSERT INTO LabRefOrgAddress(LabRefOrgID,Add1,Add2,PostalCode,CountryID,City,StateID,MobileNumber,LandLineNumber) VALUES (172,'No.63/3,4 1 st floor','St.Annes Convent Complex,Melapudhur',620001,1,'Tiruchirapalli',31,NULL,04312402244)
INSERT INTO LabRefOrgAddress(LabRefOrgID,Add1,Add2,PostalCode,CountryID,City,StateID,MobileNumber,LandLineNumber) VALUES (173,'','',NULL,1,'Tiruchirapalli',31,9842467706,NULL)
INSERT INTO LabRefOrgAddress(LabRefOrgID,Add1,Add2,PostalCode,CountryID,City,StateID,MobileNumber,LandLineNumber) VALUES (174,'118,Main Road','Palakarai',620008,1,'Tiruchirapalli',31,NULL,NULL)
INSERT INTO LabRefOrgAddress(LabRefOrgID,Add1,Add2,PostalCode,CountryID,City,StateID,MobileNumber,LandLineNumber) VALUES (175,'St.Marys Complex,Near Head Post Office','Promemode road',620001,1,'Tiruchirapalli',31,NULL,0431416859)
INSERT INTO LabRefOrgAddress(LabRefOrgID,Add1,Add2,PostalCode,CountryID,City,StateID,MobileNumber,LandLineNumber) VALUES (176,'44/1,Kajapettai Main Road','Palakarai',620001,1,'Tiruchirapalli',31,NULL,04312465111)
INSERT INTO LabRefOrgAddress(LabRefOrgID,Add1,Add2,PostalCode,CountryID,City,StateID,MobileNumber,LandLineNumber) VALUES (177,'36,Manickapuram Street','Melapudur',620001,1,'Tiruchirapalli',31,NULL,04312419040)
INSERT INTO LabRefOrgAddress(LabRefOrgID,Add1,Add2,PostalCode,CountryID,City,StateID,MobileNumber,LandLineNumber) VALUES (178,'59, Madurai Road','Melapudur',620001,1,'Tiruchirapalli',31,NULL,NULL)
INSERT INTO LabRefOrgAddress(LabRefOrgID,Add1,Add2,PostalCode,CountryID,City,StateID,MobileNumber,LandLineNumber) VALUES (179,'64, V.M.Bungalow, Eda street','Palakkarai',620008,1,'Tiruchirapalli',31,NULL,NULL)
INSERT INTO LabRefOrgAddress(LabRefOrgID,Add1,Add2,PostalCode,CountryID,City,StateID,MobileNumber,LandLineNumber) VALUES (180,'81, Highways Colony','Subramaniyapuram',20,1,'Tiruchirapalli',31,NULL,04312332694)
INSERT INTO LabRefOrgAddress(LabRefOrgID,Add1,Add2,PostalCode,CountryID,City,StateID,MobileNumber,LandLineNumber) VALUES (181,'51, Anthoniyarkovil Street','Subramaniyapuram',20,1,'Tiruchirapalli',31,NULL,NULL)
INSERT INTO LabRefOrgAddress(LabRefOrgID,Add1,Add2,PostalCode,CountryID,City,StateID,MobileNumber,LandLineNumber) VALUES (182,'No:5, Highways Colony','',20,1,'Tiruchirapalli',31,NULL,0431233173)
INSERT INTO LabRefOrgAddress(LabRefOrgID,Add1,Add2,PostalCode,CountryID,City,StateID,MobileNumber,LandLineNumber) VALUES (183,'Pudukottai Main Road','',NULL,1,'Tiruchirapalli',31,NULL,04312331964)
INSERT INTO LabRefOrgAddress(LabRefOrgID,Add1,Add2,PostalCode,CountryID,City,StateID,MobileNumber,LandLineNumber) VALUES (184,'No.16, Ashif Manzil','Khaja nagar',20,1,'Tiruchirapalli',31,NULL,NULL)
INSERT INTO LabRefOrgAddress(LabRefOrgID,Add1,Add2,PostalCode,CountryID,City,StateID,MobileNumber,LandLineNumber) VALUES (185,'298, Rajaram Road','K.K.Nagar',620023,1,'Tiruchirapalli',31,NULL,NULL)
INSERT INTO LabRefOrgAddress(LabRefOrgID,Add1,Add2,PostalCode,CountryID,City,StateID,MobileNumber,LandLineNumber) VALUES (186,'48, 5th cross, Krishnamurthy nagar','K.K.Nagar main road',620021,1,'Tiruchirapalli',31,NULL,NULL)
INSERT INTO LabRefOrgAddress(LabRefOrgID,Add1,Add2,PostalCode,CountryID,City,StateID,MobileNumber,LandLineNumber) VALUES (187,'48, 5th cross, Krishnamurthy nagar','K.K.Nagar main road',620021,1,'Tiruchirapalli',31,NULL,NULL)
INSERT INTO LabRefOrgAddress(LabRefOrgID,Add1,Add2,PostalCode,CountryID,City,StateID,MobileNumber,LandLineNumber) VALUES (188,'','Khaja nagar',620018,1,'Tiruchirapalli',31,NULL,NULL)
INSERT INTO LabRefOrgAddress(LabRefOrgID,Add1,Add2,PostalCode,CountryID,City,StateID,MobileNumber,LandLineNumber) VALUES (189,'9/32, Main Road','Sundar Nagar',620021,1,'Tiruchirapalli',31,NULL,NULL)
INSERT INTO LabRefOrgAddress(LabRefOrgID,Add1,Add2,PostalCode,CountryID,City,StateID,MobileNumber,LandLineNumber) VALUES (190,'57, Rajaram Salai','K.K.Nagar',620021,1,'Tiruchirapalli',31,NULL,NULL)
INSERT INTO LabRefOrgAddress(LabRefOrgID,Add1,Add2,PostalCode,CountryID,City,StateID,MobileNumber,LandLineNumber) VALUES (191,'Moogambigai Nagar','2nd Street, M.K.Kottai',620011,1,'Tiruchirapalli',31,NULL,NULL)
INSERT INTO LabRefOrgAddress(LabRefOrgID,Add1,Add2,PostalCode,CountryID,City,StateID,MobileNumber,LandLineNumber) VALUES (192,'No.7, Arulnayagam street','Crawford colony',620018,1,'Tiruchirapalli',31,NULL,NULL)
INSERT INTO LabRefOrgAddress(LabRefOrgID,Add1,Add2,PostalCode,CountryID,City,StateID,MobileNumber,LandLineNumber) VALUES (193,'No.7, Arulnayagam street','Crawford colony',620018,1,'Tiruchirapalli',31,NULL,NULL)
INSERT INTO LabRefOrgAddress(LabRefOrgID,Add1,Add2,PostalCode,CountryID,City,StateID,MobileNumber,LandLineNumber) VALUES (194,'Viralimalai ','Madurai Main Road',NULL,1,'Tiruchirapalli',31,NULL,NULL)
INSERT INTO LabRefOrgAddress(LabRefOrgID,Add1,Add2,PostalCode,CountryID,City,StateID,MobileNumber,LandLineNumber) VALUES (195,'No: 46, Kodikal Street','',NULL,1,'Illuppur',31,NULL,NULL)
INSERT INTO LabRefOrgAddress(LabRefOrgID,Add1,Add2,PostalCode,CountryID,City,StateID,MobileNumber,LandLineNumber) VALUES (196,'307, Amman Koil Street','Viralimalai (po)',NULL,1,'Pudukottai Dt',31,NULL,04339220914)
INSERT INTO LabRefOrgAddress(LabRefOrgID,Add1,Add2,PostalCode,CountryID,City,StateID,MobileNumber,LandLineNumber) VALUES (197,'Viralimai Kovil Street','Viralimalai',NULL,1,'Pudukottai Dt',31,NULL,NULL)
INSERT INTO LabRefOrgAddress(LabRefOrgID,Add1,Add2,PostalCode,CountryID,City,StateID,MobileNumber,LandLineNumber) VALUES (198,'No.295, Trichy - Madurai Main Road','Kulathur Taluk, Viralimalai',NULL,1,'Pudukottai Dt',31,NULL,04339220448)
INSERT INTO LabRefOrgAddress(LabRefOrgID,Add1,Add2,PostalCode,CountryID,City,StateID,MobileNumber,LandLineNumber) VALUES (199,'2, Railway Station Road','Srirangam',620006,1,'Tiruchirapalli',31,NULL,NULL)
INSERT INTO LabRefOrgAddress(LabRefOrgID,Add1,Add2,PostalCode,CountryID,City,StateID,MobileNumber,LandLineNumber) VALUES (200,'12, Srividya Complex','Gandhi road, Srirangam',620006,1,'Tiruchirapalli',31,NULL,NULL)
INSERT INTO LabRefOrgAddress(LabRefOrgID,Add1,Add2,PostalCode,CountryID,City,StateID,MobileNumber,LandLineNumber) VALUES (201,'3, Railway Station Road','Srirangam',620006,1,'Tiruchirapalli',31,NULL,NULL)
INSERT INTO LabRefOrgAddress(LabRefOrgID,Add1,Add2,PostalCode,CountryID,City,StateID,MobileNumber,LandLineNumber) VALUES (202,'No.8,9,B Block, Vedantha Desika Homes, Seshadripuram','Srirangam',620006,1,'Tiruchirapalli',31,NULL,NULL)
INSERT INTO LabRefOrgAddress(LabRefOrgID,Add1,Add2,PostalCode,CountryID,City,StateID,MobileNumber,LandLineNumber) VALUES (203,'No.8,9,B Block, Vedantha Desika Homes, Seshadripuram','Srirangam',620006,1,'Tiruchirapalli',31,NULL,NULL)
INSERT INTO LabRefOrgAddress(LabRefOrgID,Add1,Add2,PostalCode,CountryID,City,StateID,MobileNumber,LandLineNumber) VALUES (204,'63, Big Sowrastra Street','',620008,1,'Tiruchirapalli',31,NULL,NULL)
INSERT INTO LabRefOrgAddress(LabRefOrgID,Add1,Add2,PostalCode,CountryID,City,StateID,MobileNumber,LandLineNumber) VALUES (205,'63, Big Sowrastra Street','',620008,1,'Tiruchirapalli',31,NULL,NULL)
INSERT INTO LabRefOrgAddress(LabRefOrgID,Add1,Add2,PostalCode,CountryID,City,StateID,MobileNumber,LandLineNumber) VALUES (206,'7th Cross, C-106, North East Extn','Thillai Nagar',620018,1,'Tiruchirapalli',31,NULL,NULL)
INSERT INTO LabRefOrgAddress(LabRefOrgID,Add1,Add2,PostalCode,CountryID,City,StateID,MobileNumber,LandLineNumber) VALUES (207,'11th Cross','Thillai Nagar',620018,1,'Tiruchirapalli',31,NULL,04312741482)
INSERT INTO LabRefOrgAddress(LabRefOrgID,Add1,Add2,PostalCode,CountryID,City,StateID,MobileNumber,LandLineNumber) VALUES (208,'A-10, Salai Road','',620018,1,'Tiruchirapalli',31,NULL,NULL)
INSERT INTO LabRefOrgAddress(LabRefOrgID,Add1,Add2,PostalCode,CountryID,City,StateID,MobileNumber,LandLineNumber) VALUES (209,'C-106, 11-B, West Extn','Thillai Nagar',620018,1,'Tiruchirapalli',31,NULL,NULL)
INSERT INTO LabRefOrgAddress(LabRefOrgID,Add1,Add2,PostalCode,CountryID,City,StateID,MobileNumber,LandLineNumber) VALUES (210,'C-128, 5th Cross','Thillai Nagar',620018,1,'Tiruchirapalli',31,NULL,NULL)
INSERT INTO LabRefOrgAddress(LabRefOrgID,Add1,Add2,PostalCode,CountryID,City,StateID,MobileNumber,LandLineNumber) VALUES (211,'103, A/2, Devar Colony','1st Cross, Thillai Nagar',620018,1,'Tiruchirapalli',31,NULL,NULL)
INSERT INTO LabRefOrgAddress(LabRefOrgID,Add1,Add2,PostalCode,CountryID,City,StateID,MobileNumber,LandLineNumber) VALUES (212,'C-17, 10-B, Cross Road','Thillai Nagar',620018,1,'Tiruchirapalli',31,NULL,NULL)
INSERT INTO LabRefOrgAddress(LabRefOrgID,Add1,Add2,PostalCode,CountryID,City,StateID,MobileNumber,LandLineNumber) VALUES (213,'A4, North East Extension','Thillai Nagar',620018,1,'Tiruchirapalli',31,NULL,NULL)
INSERT INTO LabRefOrgAddress(LabRefOrgID,Add1,Add2,PostalCode,CountryID,City,StateID,MobileNumber,LandLineNumber) VALUES (214,'A-10, Salai Road','Thillai Nagar',620018,1,'Tiruchirapalli',31,NULL,NULL)
INSERT INTO LabRefOrgAddress(LabRefOrgID,Add1,Add2,PostalCode,CountryID,City,StateID,MobileNumber,LandLineNumber) VALUES (215,'Colony Main Road','Thillai Nagar',620018,1,'Tiruchirapalli',31,NULL,NULL)
INSERT INTO LabRefOrgAddress(LabRefOrgID,Add1,Add2,PostalCode,CountryID,City,StateID,MobileNumber,LandLineNumber) VALUES (216,'73/15, Salai Road','Thillai Nagar',620018,1,'Tiruchirapalli',31,NULL,NULL)
INSERT INTO LabRefOrgAddress(LabRefOrgID,Add1,Add2,PostalCode,CountryID,City,StateID,MobileNumber,LandLineNumber) VALUES (217,'5th Cross','Thillai Nagar',620018,1,'Tiruchirapalli',31,NULL,NULL)
INSERT INTO LabRefOrgAddress(LabRefOrgID,Add1,Add2,PostalCode,CountryID,City,StateID,MobileNumber,LandLineNumber) VALUES (218,'C-124, 5th Cross','Thillai Nagar',620018,1,'Tiruchirapalli',31,NULL,NULL)
INSERT INTO LabRefOrgAddress(LabRefOrgID,Add1,Add2,PostalCode,CountryID,City,StateID,MobileNumber,LandLineNumber) VALUES (219,'35, 11th Cross','Thillai Nagar',620018,1,'Tiruchirapalli',31,NULL,NULL)
INSERT INTO LabRefOrgAddress(LabRefOrgID,Add1,Add2,PostalCode,CountryID,City,StateID,MobileNumber,LandLineNumber) VALUES (220,'Salai Road','Woraiyur',620003,1,'Tiruchirapalli',31,NULL,NULL)
INSERT INTO LabRefOrgAddress(LabRefOrgID,Add1,Add2,PostalCode,CountryID,City,StateID,MobileNumber,LandLineNumber) VALUES (221,'','Woraiyur',620003,1,'Tiruchirapalli',31,NULL,NULL)
INSERT INTO LabRefOrgAddress(LabRefOrgID,Add1,Add2,PostalCode,CountryID,City,StateID,MobileNumber,LandLineNumber) VALUES (222,'D-7, 7th Cross','Thillai Nagar',620018,1,'Tiruchirapalli',31,NULL,NULL)
INSERT INTO LabRefOrgAddress(LabRefOrgID,Add1,Add2,PostalCode,CountryID,City,StateID,MobileNumber,LandLineNumber) VALUES (223,'1st Cross','Thillai Nagar',620018,1,'Tiruchirapalli',31,NULL,NULL)
INSERT INTO LabRefOrgAddress(LabRefOrgID,Add1,Add2,PostalCode,CountryID,City,StateID,MobileNumber,LandLineNumber) VALUES (224,'75E / 1, Salai Road','Thillai Nagar',620018,1,'Tiruchirapalli',31,NULL,04312766604)
INSERT INTO LabRefOrgAddress(LabRefOrgID,Add1,Add2,PostalCode,CountryID,City,StateID,MobileNumber,LandLineNumber) VALUES (225,'52/A-4, Tennur High Road','Tennur Vandy Stand Near Upstairs',620017,1,'Tiruchirapalli',31,NULL,04312793202)
INSERT INTO LabRefOrgAddress(LabRefOrgID,Add1,Add2,PostalCode,CountryID,City,StateID,MobileNumber,LandLineNumber) VALUES (226,'B - 42, II nd Main Road','Ramalinganagar, Woraiyuir',620003,1,'Tiruchirapalli',31,NULL,04312773805)
INSERT INTO LabRefOrgAddress(LabRefOrgID,Add1,Add2,PostalCode,CountryID,City,StateID,MobileNumber,LandLineNumber) VALUES (227,'3, Pattabiraman Pillai Street','Tennur',620017,1,'Tiruchirapalli',31,NULL,04312792996)
INSERT INTO LabRefOrgAddress(LabRefOrgID,Add1,Add2,PostalCode,CountryID,City,StateID,MobileNumber,LandLineNumber) VALUES (228,'51, Thiruthanthoni Road','Woraiyur',620003,1,'Tiruchirapalli',31,NULL,04312762147)
INSERT INTO LabRefOrgAddress(LabRefOrgID,Add1,Add2,PostalCode,CountryID,City,StateID,MobileNumber,LandLineNumber) VALUES (229,'Deepam Complex','Dindigal Main Road, Karumandapam',620001,1,'Tiruchirapalli',31,NULL,NULL)
INSERT INTO LabRefOrgAddress(LabRefOrgID,Add1,Add2,PostalCode,CountryID,City,StateID,MobileNumber,LandLineNumber) VALUES (230,'71, Thiru Nagar','Dindugal Road, Karumandapam',620001,1,'Tiruchirapalli',31,NULL,NULL)
INSERT INTO LabRefOrgAddress(LabRefOrgID,Add1,Add2,PostalCode,CountryID,City,StateID,MobileNumber,LandLineNumber) VALUES (231,'131, Jansi Plaza','Madurai Main Road, Edamalaipattipudur',620012,1,'Tiruchirapalli',31,9842402843,NULL)
INSERT INTO LabRefOrgAddress(LabRefOrgID,Add1,Add2,PostalCode,CountryID,City,StateID,MobileNumber,LandLineNumber) VALUES (232,'Madurai Main Road','Edamalaipattipudur',620012,1,'Tiruchirapalli',31,NULL,NULL)
INSERT INTO LabRefOrgAddress(LabRefOrgID,Add1,Add2,PostalCode,CountryID,City,StateID,MobileNumber,LandLineNumber) VALUES (233,'1-E, E.V.R.Road','Puthur',620018,1,'Tiruchirapalli',31,NULL,04312792206)
INSERT INTO LabRefOrgAddress(LabRefOrgID,Add1,Add2,PostalCode,CountryID,City,StateID,MobileNumber,LandLineNumber) VALUES (234,'16, EVR Road','Puthur',620018,1,'Tiruchirapalli',31,NULL,0431771133)
INSERT INTO LabRefOrgAddress(LabRefOrgID,Add1,Add2,PostalCode,CountryID,City,StateID,MobileNumber,LandLineNumber) VALUES (235,'20, Vivekanandha  Nagar','Woraiyur',620003,1,'Tiruchirapalli',31,NULL,04312774851)
INSERT INTO LabRefOrgAddress(LabRefOrgID,Add1,Add2,PostalCode,CountryID,City,StateID,MobileNumber,LandLineNumber) VALUES (236,'20, Maduraiveerasamy Koil Street','Puthur',620018,1,'Tiruchirapalli',31,NULL,NULL)
INSERT INTO LabRefOrgAddress(LabRefOrgID,Add1,Add2,PostalCode,CountryID,City,StateID,MobileNumber,LandLineNumber) VALUES (237,'66, Pandamangalam Agraharam','2nd Floor, Royal Residency',620017,1,'Tiruchirapalli',31,NULL,NULL)
INSERT INTO LabRefOrgAddress(LabRefOrgID,Add1,Add2,PostalCode,CountryID,City,StateID,MobileNumber,LandLineNumber) VALUES (238,'Post Office','',NULL,1,'Tiruchirapalli',31,NULL,NULL)
INSERT INTO LabRefOrgAddress(LabRefOrgID,Add1,Add2,PostalCode,CountryID,City,StateID,MobileNumber,LandLineNumber) VALUES (239,'32, Pandamangalam Road','Woraiyur',620003,1,'Tiruchirapalli',31,NULL,NULL)
INSERT INTO LabRefOrgAddress(LabRefOrgID,Add1,Add2,PostalCode,CountryID,City,StateID,MobileNumber,LandLineNumber) VALUES (240,'No.6, Selva Nagar','1st Main Road, 4th Cross, Ponnagar',620001,1,'Tiruchirapalli',31,NULL,NULL)
INSERT INTO LabRefOrgAddress(LabRefOrgID,Add1,Add2,PostalCode,CountryID,City,StateID,MobileNumber,LandLineNumber) VALUES (241,'4-A/13, Aruna Nagar','Allithurai Road',620017,1,'Tiruchirapalli',31,NULL,NULL)
INSERT INTO LabRefOrgAddress(LabRefOrgID,Add1,Add2,PostalCode,CountryID,City,StateID,MobileNumber,LandLineNumber) VALUES (242,'B-17, 1st Main Road','Ramaling Nagar, Woraiyur',620003,1,'Tiruchirapalli',31,NULL,NULL)
INSERT INTO LabRefOrgAddress(LabRefOrgID,Add1,Add2,PostalCode,CountryID,City,StateID,MobileNumber,LandLineNumber) VALUES (243,'21, Chowk Devanga Street','Woraiyur',620003,1,'Tiruchirapalli',31,NULL,NULL)
INSERT INTO LabRefOrgAddress(LabRefOrgID,Add1,Add2,PostalCode,CountryID,City,StateID,MobileNumber,LandLineNumber) VALUES (244,'32, Vivekananda Nagar','Woraiyur',620003,1,'Tiruchirapalli',31,NULL,NULL)
INSERT INTO LabRefOrgAddress(LabRefOrgID,Add1,Add2,PostalCode,CountryID,City,StateID,MobileNumber,LandLineNumber) VALUES (245,'13, Seshapuram','Tennur',620018,1,'Tiruchirapalli',31,NULL,NULL)
INSERT INTO LabRefOrgAddress(LabRefOrgID,Add1,Add2,PostalCode,CountryID,City,StateID,MobileNumber,LandLineNumber) VALUES (246,'103A, Salai Road','Woraiyur',620003,1,'Tiruchirapalli',31,NULL,NULL)
INSERT INTO LabRefOrgAddress(LabRefOrgID,Add1,Add2,PostalCode,CountryID,City,StateID,MobileNumber,LandLineNumber) VALUES (247,'Surya Avenue','Aruna Nagar, Puthur',620018,1,'Tiruchirapalli',31,NULL,NULL)
INSERT INTO LabRefOrgAddress(LabRefOrgID,Add1,Add2,PostalCode,CountryID,City,StateID,MobileNumber,LandLineNumber) VALUES (248,'47, Puthur High Road','Puthur',620018,1,'Tiruchirapalli',31,NULL,NULL)
INSERT INTO LabRefOrgAddress(LabRefOrgID,Add1,Add2,PostalCode,CountryID,City,StateID,MobileNumber,LandLineNumber) VALUES (249,'13, A, T.T.Road','Woraiyur',620003,1,'Tiruchirapalli',31,NULL,NULL)
INSERT INTO LabRefOrgAddress(LabRefOrgID,Add1,Add2,PostalCode,CountryID,City,StateID,MobileNumber,LandLineNumber) VALUES (250,'7, Big Chetty Street','Woraiyur',620003,1,'Tiruchirapalli',31,NULL,NULL)
INSERT INTO LabRefOrgAddress(LabRefOrgID,Add1,Add2,PostalCode,CountryID,City,StateID,MobileNumber,LandLineNumber) VALUES (251,'6, 4th Cross, Kumaran Nagar','Vayaloor Road',620017,1,'Tiruchirapalli',31,NULL,NULL)
INSERT INTO LabRefOrgAddress(LabRefOrgID,Add1,Add2,PostalCode,CountryID,City,StateID,MobileNumber,LandLineNumber) VALUES (252,'B-52,Ramaling Nagar','Woraiyur',620003,1,'Tiruchirapalli',31,NULL,NULL)
INSERT INTO LabRefOrgAddress(LabRefOrgID,Add1,Add2,PostalCode,CountryID,City,StateID,MobileNumber,LandLineNumber) VALUES (253,'95, Salai Road','Woraiyur',620003,1,'Tiruchirapalli',31,NULL,NULL)
INSERT INTO LabRefOrgAddress(LabRefOrgID,Add1,Add2,PostalCode,CountryID,City,StateID,MobileNumber,LandLineNumber) VALUES (254,'','Puthur',620018,1,'Tiruchirapalli',31,NULL,NULL)
INSERT INTO LabRefOrgAddress(LabRefOrgID,Add1,Add2,PostalCode,CountryID,City,StateID,MobileNumber,LandLineNumber) VALUES (255,'5, Maduram Apartments','Puthur',620018,1,'Tiruchirapalli',31,NULL,NULL)
INSERT INTO LabRefOrgAddress(LabRefOrgID,Add1,Add2,PostalCode,CountryID,City,StateID,MobileNumber,LandLineNumber) VALUES (256,'Tennur High Road','Tennur',620017,1,'Tiruchirapalli',31,NULL,NULL)
INSERT INTO LabRefOrgAddress(LabRefOrgID,Add1,Add2,PostalCode,CountryID,City,StateID,MobileNumber,LandLineNumber) VALUES (257,'20, Walaja  Road','Woraiyur',620003,1,'Tiruchirapalli',31,NULL,NULL)
INSERT INTO LabRefOrgAddress(LabRefOrgID,Add1,Add2,PostalCode,CountryID,City,StateID,MobileNumber,LandLineNumber) VALUES (258,'6, Rishivanam','Puthur',620018,1,'Tiruchirapalli',31,NULL,NULL)
INSERT INTO LabRefOrgAddress(LabRefOrgID,Add1,Add2,PostalCode,CountryID,City,StateID,MobileNumber,LandLineNumber) VALUES (259,'6, Rishivanam','Puthur',620018,1,'Tiruchirapalli',31,NULL,NULL)
INSERT INTO LabRefOrgAddress(LabRefOrgID,Add1,Add2,PostalCode,CountryID,City,StateID,MobileNumber,LandLineNumber) VALUES (260,'5A, 6th Main Road','Vayaloor Road',620017,1,'Tiruchirapalli',31,NULL,NULL)
INSERT INTO LabRefOrgAddress(LabRefOrgID,Add1,Add2,PostalCode,CountryID,City,StateID,MobileNumber,LandLineNumber) VALUES (261,'5A, 6th Main Road','Vayaloor Road',620017,1,'Tiruchirapalli',31,NULL,NULL)
INSERT INTO LabRefOrgAddress(LabRefOrgID,Add1,Add2,PostalCode,CountryID,City,StateID,MobileNumber,LandLineNumber) VALUES (262,'Ramalinga Nagar','',620003,1,'Tiruchirapalli',31,NULL,NULL)
INSERT INTO LabRefOrgAddress(LabRefOrgID,Add1,Add2,PostalCode,CountryID,City,StateID,MobileNumber,LandLineNumber) VALUES (263,'','',620001,1,'Tiruchirapalli',31,NULL,NULL)
INSERT INTO LabRefOrgAddress(LabRefOrgID,Add1,Add2,PostalCode,CountryID,City,StateID,MobileNumber,LandLineNumber) VALUES (264,'143, A, Big Bazaar Street','',620003,1,'Tiruchirapalli',31,NULL,NULL)
INSERT INTO LabRefOrgAddress(LabRefOrgID,Add1,Add2,PostalCode,CountryID,City,StateID,MobileNumber,LandLineNumber) VALUES (265,'GH Main Road','',NULL,1,'Tiruchirapalli',31,NULL,NULL)
INSERT INTO LabRefOrgAddress(LabRefOrgID,Add1,Add2,PostalCode,CountryID,City,StateID,MobileNumber,LandLineNumber) VALUES (266,'No.55, Wallajah Road','Woraiyur',620003,1,'Tiruchirapalli',31,NULL,NULL)
INSERT INTO LabRefOrgAddress(LabRefOrgID,Add1,Add2,PostalCode,CountryID,City,StateID,MobileNumber,LandLineNumber) VALUES (267,'162 - C, 7th Cross','Bharathi Nagar, Puthur',620018,1,'Tiruchirapalli',31,NULL,NULL)
INSERT INTO LabRefOrgAddress(LabRefOrgID,Add1,Add2,PostalCode,CountryID,City,StateID,MobileNumber,LandLineNumber) VALUES (268,'36, Vayalur Main Road','Uyyakondanthirumalai',620102,1,'Tiruchirapalli',31,NULL,NULL)
INSERT INTO LabRefOrgAddress(LabRefOrgID,Add1,Add2,PostalCode,CountryID,City,StateID,MobileNumber,LandLineNumber) VALUES (269,'36, Vayalur Main Road','Uyyakondanthirumalai',620102,1,'Tiruchirapalli',31,NULL,NULL)
INSERT INTO LabRefOrgAddress(LabRefOrgID,Add1,Add2,PostalCode,CountryID,City,StateID,MobileNumber,LandLineNumber) VALUES (270,'1-C/1, Officers Colony','Puthur',620018,1,'Tiruchirapalli',31,NULL,NULL)
INSERT INTO LabRefOrgAddress(LabRefOrgID,Add1,Add2,PostalCode,CountryID,City,StateID,MobileNumber,LandLineNumber) VALUES (271,'1-C/1, Officers Colony','Puthur',620018,1,'Tiruchirapalli',31,NULL,NULL)
INSERT INTO LabRefOrgAddress(LabRefOrgID,Add1,Add2,PostalCode,CountryID,City,StateID,MobileNumber,LandLineNumber) VALUES (272,'119-D, Palayam Bazaar','Woraiyur',620003,1,'Tiruchirapalli',31,NULL,NULL)
INSERT INTO LabRefOrgAddress(LabRefOrgID,Add1,Add2,PostalCode,CountryID,City,StateID,MobileNumber,LandLineNumber) VALUES (273,'26, Cauvery Block','Vignesh Avenue, Palayam Bazaar Road',620003,1,'Tiruchirapalli',31,NULL,NULL)
INSERT INTO LabRefOrgAddress(LabRefOrgID,Add1,Add2,PostalCode,CountryID,City,StateID,MobileNumber,LandLineNumber) VALUES (274,'EVR Road','Puthur',620018,1,'Tiruchirapalli',31,NULL,NULL)
INSERT INTO LabRefOrgAddress(LabRefOrgID,Add1,Add2,PostalCode,CountryID,City,StateID,MobileNumber,LandLineNumber) VALUES (275,'Woraiyur Main Road','',NULL,1,'Tiruchirapalli',31,NULL,NULL)
INSERT INTO LabRefOrgAddress(LabRefOrgID,Add1,Add2,PostalCode,CountryID,City,StateID,MobileNumber,LandLineNumber) VALUES (276,'21, EVR Road','',620017,1,'Tiruchirapalli',31,NULL,NULL)
INSERT INTO LabRefOrgAddress(LabRefOrgID,Add1,Add2,PostalCode,CountryID,City,StateID,MobileNumber,LandLineNumber) VALUES (277,'21, EVR Road','',620017,1,'Tiruchirapalli',31,NULL,NULL)
INSERT INTO LabRefOrgAddress(LabRefOrgID,Add1,Add2,PostalCode,CountryID,City,StateID,MobileNumber,LandLineNumber) VALUES (278,'1-C/1, Officers Colony','',620017,1,'Tiruchirapalli',31,NULL,NULL)
INSERT INTO LabRefOrgAddress(LabRefOrgID,Add1,Add2,PostalCode,CountryID,City,StateID,MobileNumber,LandLineNumber) VALUES (279,'1-C/1, Officers Colony','',620017,1,'Tiruchirapalli',31,NULL,NULL)
INSERT INTO LabRefOrgAddress(LabRefOrgID,Add1,Add2,PostalCode,CountryID,City,StateID,MobileNumber,LandLineNumber) VALUES (280,'54, Collector Office Road','',620001,1,'Tiruchirapalli',31,NULL,NULL)
INSERT INTO LabRefOrgAddress(LabRefOrgID,Add1,Add2,PostalCode,CountryID,City,StateID,MobileNumber,LandLineNumber) VALUES (281,'54, Collector Office Road','',620001,1,'Tiruchirapalli',31,NULL,NULL)
INSERT INTO LabRefOrgAddress(LabRefOrgID,Add1,Add2,PostalCode,CountryID,City,StateID,MobileNumber,LandLineNumber) VALUES (282,'16, 1st Floor, Srinivasa Nagar','',620017,1,'Tiruchirapalli',31,NULL,NULL)
INSERT INTO LabRefOrgAddress(LabRefOrgID,Add1,Add2,PostalCode,CountryID,City,StateID,MobileNumber,LandLineNumber) VALUES (283,'3rd Floor, Hansa Residency','23, Collector Office Road, Cantonment',620001,1,'Tiruchirapalli',31,NULL,NULL)
INSERT INTO LabRefOrgAddress(LabRefOrgID,Add1,Add2,PostalCode,CountryID,City,StateID,MobileNumber,LandLineNumber) VALUES (284,'3rd Floor, Hansa Residency','23, Collector Office Road, Cantonment',620001,1,'Tiruchirapalli',31,NULL,NULL)
INSERT INTO LabRefOrgAddress(LabRefOrgID,Add1,Add2,PostalCode,CountryID,City,StateID,MobileNumber,LandLineNumber) VALUES (285,'Ramalinganagar','',620003,1,'Tiruchirapalli',31,NULL,NULL)
INSERT INTO LabRefOrgAddress(LabRefOrgID,Add1,Add2,PostalCode,CountryID,City,StateID,MobileNumber,LandLineNumber) VALUES (286,'6/2, Sakthi Colony','V.O.C Salai, Contonment',620001,1,'Tiruchirapalli',31,NULL,NULL)
INSERT INTO LabRefOrgAddress(LabRefOrgID,Add1,Add2,PostalCode,CountryID,City,StateID,MobileNumber,LandLineNumber) VALUES (287,'6/2, Sakthi Colony','V.O.C Salai, Contonment',620001,1,'Tiruchirapalli',31,NULL,NULL)
INSERT INTO LabRefOrgAddress(LabRefOrgID,Add1,Add2,PostalCode,CountryID,City,StateID,MobileNumber,LandLineNumber) VALUES (288,'Cantonment','',NULL,1,'Tiruchirapalli',31,NULL,NULL)
INSERT INTO LabRefOrgAddress(LabRefOrgID,Add1,Add2,PostalCode,CountryID,City,StateID,MobileNumber,LandLineNumber) VALUES (289,'36, Manickapuram Street','Melapudur',620001,1,'Tiruchirapalli',31,NULL,NULL)
INSERT INTO LabRefOrgAddress(LabRefOrgID,Add1,Add2,PostalCode,CountryID,City,StateID,MobileNumber,LandLineNumber) VALUES (290,'36, Manickapuram Street','Melapudur',620001,1,'Tiruchirapalli',31,NULL,NULL)
INSERT INTO LabRefOrgAddress(LabRefOrgID,Add1,Add2,PostalCode,CountryID,City,StateID,MobileNumber,LandLineNumber) VALUES (291,'Flat No.15, Sundaram Flats','Sastri Road, Tennur',620017,1,'Tiruchirapalli',31,NULL,NULL)
INSERT INTO LabRefOrgAddress(LabRefOrgID,Add1,Add2,PostalCode,CountryID,City,StateID,MobileNumber,LandLineNumber) VALUES (292,'57/6, MAM Avenue, Salai Road','Behind Jeyanthi Hotel',620003,1,'Tiruchirapalli',31,NULL,NULL)
INSERT INTO LabRefOrgAddress(LabRefOrgID,Add1,Add2,PostalCode,CountryID,City,StateID,MobileNumber,LandLineNumber) VALUES (293,'GH Main Road','',NULL,1,'Tiruchirapalli',31,9894791811,04313290869)

/*Lab Consumables*/
DELETE FROM LabConsumables WHERE OrgID=14
INSERT INTO LabConsumables (ConsumableID,ConsumableName,OrgID)VALUES(1,'Courier',14)
INSERT INTO LabConsumables (ConsumableID,ConsumableName,OrgID)VALUES(2,'Dex',14)
INSERT INTO LabConsumables (ConsumableID,ConsumableName,OrgID)VALUES(3,'Duplicate Copy',14)
INSERT INTO LabConsumables (ConsumableID,ConsumableName,OrgID)VALUES(4,'Gloves',14)
INSERT INTO LabConsumables (ConsumableID,ConsumableName,OrgID)VALUES(5,'SV Set',14)
INSERT INTO LabConsumables (ConsumableID,ConsumableName,OrgID)VALUES(6,'Urine Bag',14)
INSERT INTO LabConsumables (ConsumableID,ConsumableName,OrgID)VALUES(7,'Penality for wrong testing',14)
INSERT INTO LabConsumables (ConsumableID,ConsumableName,OrgID)VALUES(8,'Pap Smear Kit',14)

/*ColorMaster*/
DELETE FROM ColorMaster
INSERT INTO ColorMaster (ColorID,ColorName) VALUES (1,'Brownish')
INSERT INTO ColorMaster (ColorID,ColorName) VALUES (2,'White')
INSERT INTO ColorMaster (ColorID,ColorName) VALUES (3,'Yellow')

/*AppearanceMaster*/
DELETE FROM AppearanceMaster
INSERT INTO AppearanceMaster (AppearanceID,AppearanceName) VALUES (1,'Clear')
INSERT INTO AppearanceMaster (AppearanceID,AppearanceName) VALUES (2,'Turbid')

/*PriorityMaster*/
DELETE FROM PriorityMaster
INSERT INTO PriorityMaster (PriorityID,PriorityName) VALUES (1,'Normal')
INSERT INTO PriorityMaster (PriorityID,PriorityName) VALUES (2,'Urgent')
INSERT INTO PriorityMaster (PriorityID,PriorityName) VALUES (3,'VIP')
GO

DELETE FROM PaymentTypeOrgMapping WHERE OrgID= 14
INSERT INTO PaymentTypeOrgMapping(PaymentTypeID,OrgID,ServiceCharge) VALUES(1,14,0.00)
INSERT INTO PaymentTypeOrgMapping(PaymentTypeID,OrgID,ServiceCharge) VALUES(2,14,0.00)
INSERT INTO PaymentTypeOrgMapping(PaymentTypeID,OrgID,ServiceCharge) VALUES(3,14,0.00)
INSERT INTO PaymentTypeOrgMapping(PaymentTypeID,OrgID,ServiceCharge) VALUES(4,14,0.00)
INSERT INTO PaymentTypeOrgMapping(PaymentTypeID,OrgID,ServiceCharge) VALUES(5,14,0.00)
INSERT INTO PaymentTypeOrgMapping(PaymentTypeID,OrgID,ServiceCharge) VALUES(6,14,0.00)
INSERT INTO PaymentTypeOrgMapping(PaymentTypeID,OrgID,ServiceCharge) VALUES(7,14,0.00)
INSERT INTO PaymentTypeOrgMapping(PaymentTypeID,OrgID,ServiceCharge) VALUES(8,14,0.00)
INSERT INTO PaymentTypeOrgMapping(PaymentTypeID,OrgID,ServiceCharge) VALUES(9,14,0.00)

GO